locale,url,path,translation_key,page_type,has_language_pair,template_owner,recommended_action,priority,decision_status,decision_note
nl,https://go2-thailand.com/nl/,/nl/,/,homepage,yes,homepage,keep-improve,P0,provisional,Kernhub; behouden en via het gedeelde designsysteem verbeteren.
nl,https://go2-thailand.com/nl/city/,/nl/city/,/city/,destination-index,yes,destination-index,keep-improve,P0,provisional,Kernhub; behouden en via het gedeelde designsysteem verbeteren.
nl,https://go2-thailand.com/nl/activities/,/nl/activities/,/activities/,commercial-activity,yes,commercial-landing,template-improve,P2,provisional,Schaalbare familie; onderzoek en verbeter eerst het gedeelde template en een pilot-URL.
nl,https://go2-thailand.com/nl/things-to-do-in-thailand/,/nl/things-to-do-in-thailand/,/things-to-do-in-thailand/,travel-guide,yes,travel-guide,freshness-audit,P2,provisional,"Controleer zoekintentie, feiten, datumclaims, interne links en consolidatiekansen."
nl,https://go2-thailand.com/nl/transport/,/nl/transport/,/transport/,transport,yes,transport,template-improve,P2,provisional,Schaalbare familie; onderzoek en verbeter eerst het gedeelde template en een pilot-URL.
nl,https://go2-thailand.com/nl/food/,/nl/food/,/food/,food-drink,yes,food-drink,template-audit,P2,provisional,Behoud voorlopig; valideer indexatiewaarde en templatekwaliteit per cluster.
nl,https://go2-thailand.com/nl/drinks/,/nl/drinks/,/drinks/,food-drink,yes,food-drink,template-audit,P2,provisional,Behoud voorlopig; valideer indexatiewaarde en templatekwaliteit per cluster.
nl,https://go2-thailand.com/nl/esim/,/nl/esim/,/esim/,other,yes,manual-review,manual-audit,P3,provisional,"Controleer zoekintentie, contentkwaliteit en indexatiewaarde handmatig."
nl,https://go2-thailand.com/nl/social/,/nl/social/,/social/,other,yes,manual-review,manual-audit,P3,provisional,"Controleer zoekintentie, contentkwaliteit en indexatiewaarde handmatig."
nl,https://go2-thailand.com/nl/region/,/nl/region/,/region/,region,yes,region,template-audit,P2,provisional,Behoud voorlopig; valideer indexatiewaarde en templatekwaliteit per cluster.
nl,https://go2-thailand.com/nl/weather/,/nl/weather/,/weather/,other,yes,manual-review,manual-audit,P3,provisional,"Controleer zoekintentie, contentkwaliteit en indexatiewaarde handmatig."
nl,https://go2-thailand.com/nl/travel-gear/,/nl/travel-gear/,/travel-gear/,other,yes,manual-review,manual-audit,P3,provisional,"Controleer zoekintentie, contentkwaliteit en indexatiewaarde handmatig."
nl,https://go2-thailand.com/nl/travel-guides/,/nl/travel-guides/,/travel-guides/,travel-guide,yes,travel-guide,freshness-audit,P2,provisional,"Controleer zoekintentie, feiten, datumclaims, interne links en consolidatiekansen."
nl,https://go2-thailand.com/nl/where-to-stay/,/nl/where-to-stay/,/where-to-stay/,where-to-stay,yes,hotel-guide,keep-improve,P2,provisional,Geen parallelle best-hotels-route gevonden; bevestig intentie via DFS.
nl,https://go2-thailand.com/nl/islands/,/nl/islands/,/islands/,island,yes,island,template-audit,P2,provisional,Behoud voorlopig; valideer indexatiewaarde en templatekwaliteit per cluster.
nl,https://go2-thailand.com/nl/best-beaches-in-thailand/,/nl/best-beaches-in-thailand/,/best-beaches-in-thailand/,other,yes,manual-review,manual-audit,P3,provisional,"Controleer zoekintentie, contentkwaliteit en indexatiewaarde handmatig."
nl,https://go2-thailand.com/nl/best-cooking-classes-in-thailand/,/nl/best-cooking-classes-in-thailand/,/best-cooking-classes-in-thailand/,other,yes,manual-review,manual-audit,P3,provisional,"Controleer zoekintentie, contentkwaliteit en indexatiewaarde handmatig."
nl,https://go2-thailand.com/nl/best-muay-thai-in-thailand/,/nl/best-muay-thai-in-thailand/,/best-muay-thai-in-thailand/,other,yes,manual-review,manual-audit,P3,provisional,"Controleer zoekintentie, contentkwaliteit en indexatiewaarde handmatig."
nl,https://go2-thailand.com/nl/best-elephant-sanctuaries-in-thailand/,/nl/best-elephant-sanctuaries-in-thailand/,/best-elephant-sanctuaries-in-thailand/,other,yes,manual-review,manual-audit,P3,provisional,"Controleer zoekintentie, contentkwaliteit en indexatiewaarde handmatig."
nl,https://go2-thailand.com/nl/best-diving-snorkeling-in-thailand/,/nl/best-diving-snorkeling-in-thailand/,/best-diving-snorkeling-in-thailand/,other,yes,manual-review,manual-audit,P3,provisional,"Controleer zoekintentie, contentkwaliteit en indexatiewaarde handmatig."
nl,https://go2-thailand.com/nl/grand-palace-tickets/,/nl/grand-palace-tickets/,/grand-palace-tickets/,other,yes,manual-review,manual-audit,P3,provisional,"Controleer zoekintentie, contentkwaliteit en indexatiewaarde handmatig."
nl,https://go2-thailand.com/nl/phi-phi-island-tour/,/nl/phi-phi-island-tour/,/phi-phi-island-tour/,other,yes,manual-review,manual-audit,P3,provisional,"Controleer zoekintentie, contentkwaliteit en indexatiewaarde handmatig."
nl,https://go2-thailand.com/nl/chiang-mai-elephant-sanctuary/,/nl/chiang-mai-elephant-sanctuary/,/chiang-mai-elephant-sanctuary/,other,yes,manual-review,manual-audit,P3,provisional,"Controleer zoekintentie, contentkwaliteit en indexatiewaarde handmatig."
nl,https://go2-thailand.com/nl/visa/,/nl/visa/,/visa/,practical,yes,practical,template-audit,P2,provisional,Behoud voorlopig; valideer indexatiewaarde en templatekwaliteit per cluster.
nl,https://go2-thailand.com/nl/practical-info/,/nl/practical-info/,/practical-info/,practical,yes,practical,template-audit,P2,provisional,Behoud voorlopig; valideer indexatiewaarde en templatekwaliteit per cluster.
nl,https://go2-thailand.com/nl/blog/,/nl/blog/,/blog/,blog,yes,editorial,freshness-audit,P2,provisional,"Controleer zoekintentie, feiten, datumclaims, interne links en consolidatiekansen."
nl,https://go2-thailand.com/nl/itineraries/,/nl/itineraries/,/itineraries/,itinerary,yes,itinerary,template-audit,P2,provisional,Behoud voorlopig; valideer indexatiewaarde en templatekwaliteit per cluster.
nl,https://go2-thailand.com/nl/thailand-index/,/nl/thailand-index/,/thailand-index/,travel-guide,yes,travel-guide,freshness-audit,P2,provisional,"Controleer zoekintentie, feiten, datumclaims, interne links en consolidatiekansen."
nl,https://go2-thailand.com/nl/thailand-index/budget/,/nl/thailand-index/budget/,/thailand-index/budget/,travel-guide,yes,travel-guide,freshness-audit,P2,provisional,"Controleer zoekintentie, feiten, datumclaims, interne links en consolidatiekansen."
nl,https://go2-thailand.com/nl/thailand-index/best-time/,/nl/thailand-index/best-time/,/thailand-index/best-time/,travel-guide,yes,travel-guide,freshness-audit,P2,provisional,"Controleer zoekintentie, feiten, datumclaims, interne links en consolidatiekansen."
nl,https://go2-thailand.com/nl/thailand-index/transport/,/nl/thailand-index/transport/,/thailand-index/transport/,travel-guide,yes,travel-guide,freshness-audit,P2,provisional,"Controleer zoekintentie, feiten, datumclaims, interne links en consolidatiekansen."
nl,https://go2-thailand.com/nl/thailand-index/digital-nomad/,/nl/thailand-index/digital-nomad/,/thailand-index/digital-nomad/,travel-guide,yes,travel-guide,freshness-audit,P2,provisional,"Controleer zoekintentie, feiten, datumclaims, interne links en consolidatiekansen."
nl,https://go2-thailand.com/nl/thailand-index/safety/,/nl/thailand-index/safety/,/thailand-index/safety/,travel-guide,yes,travel-guide,freshness-audit,P2,provisional,"Controleer zoekintentie, feiten, datumclaims, interne links en consolidatiekansen."
nl,https://go2-thailand.com/nl/thailand-travel-guide/,/nl/thailand-travel-guide/,/thailand-travel-guide/,travel-guide,yes,travel-guide,freshness-audit,P2,provisional,"Controleer zoekintentie, feiten, datumclaims, interne links en consolidatiekansen."
nl,https://go2-thailand.com/nl/best-places-to-visit-thailand/,/nl/best-places-to-visit-thailand/,/best-places-to-visit-thailand/,other,yes,manual-review,manual-audit,P3,provisional,"Controleer zoekintentie, contentkwaliteit en indexatiewaarde handmatig."
nl,https://go2-thailand.com/nl/is-thailand-safe/,/nl/is-thailand-safe/,/is-thailand-safe/,other,yes,manual-review,manual-audit,P3,provisional,"Controleer zoekintentie, contentkwaliteit en indexatiewaarde handmatig."
nl,https://go2-thailand.com/nl/thailand-for-first-timers/,/nl/thailand-for-first-timers/,/thailand-for-first-timers/,travel-guide,yes,travel-guide,freshness-audit,P2,provisional,"Controleer zoekintentie, feiten, datumclaims, interne links en consolidatiekansen."
nl,https://go2-thailand.com/nl/thailand-itinerary/,/nl/thailand-itinerary/,/thailand-itinerary/,travel-guide,yes,travel-guide,freshness-audit,P2,provisional,"Controleer zoekintentie, feiten, datumclaims, interne links en consolidatiekansen."
nl,https://go2-thailand.com/nl/flights-to-phuket/,/nl/flights-to-phuket/,/flights-to-phuket/,commercial-activity,yes,commercial-landing,template-improve,P2,provisional,Schaalbare familie; onderzoek en verbeter eerst het gedeelde template en een pilot-URL.
nl,https://go2-thailand.com/nl/flights-to-bangkok/,/nl/flights-to-bangkok/,/flights-to-bangkok/,commercial-activity,yes,commercial-landing,template-improve,P2,provisional,Schaalbare familie; onderzoek en verbeter eerst het gedeelde template en een pilot-URL.
nl,https://go2-thailand.com/nl/flights-to-chiang-mai/,/nl/flights-to-chiang-mai/,/flights-to-chiang-mai/,commercial-activity,yes,commercial-landing,template-improve,P2,provisional,Schaalbare familie; onderzoek en verbeter eerst het gedeelde template en een pilot-URL.
nl,https://go2-thailand.com/nl/car-rental-phuket/,/nl/car-rental-phuket/,/car-rental-phuket/,commercial-activity,yes,commercial-landing,template-improve,P2,provisional,Schaalbare familie; onderzoek en verbeter eerst het gedeelde template en een pilot-URL.
nl,https://go2-thailand.com/nl/yacht-charter-phuket/,/nl/yacht-charter-phuket/,/yacht-charter-phuket/,commercial-activity,yes,commercial-landing,template-improve,P2,provisional,Schaalbare familie; onderzoek en verbeter eerst het gedeelde template en een pilot-URL.
nl,https://go2-thailand.com/nl/catamaran-phuket/,/nl/catamaran-phuket/,/catamaran-phuket/,commercial-activity,yes,commercial-landing,template-improve,P2,provisional,Schaalbare familie; onderzoek en verbeter eerst het gedeelde template en een pilot-URL.
nl,https://go2-thailand.com/nl/yacht-rental-phuket/,/nl/yacht-rental-phuket/,/yacht-rental-phuket/,commercial-activity,yes,commercial-landing,template-improve,P2,provisional,Schaalbare familie; onderzoek en verbeter eerst het gedeelde template en een pilot-URL.
nl,https://go2-thailand.com/nl/phuket-wedding-venues/,/nl/phuket-wedding-venues/,/phuket-wedding-venues/,commercial-activity,yes,commercial-landing,template-improve,P2,provisional,Schaalbare familie; onderzoek en verbeter eerst het gedeelde template en een pilot-URL.
nl,https://go2-thailand.com/nl/phuket-honeymoon/,/nl/phuket-honeymoon/,/phuket-honeymoon/,commercial-activity,yes,commercial-landing,template-improve,P2,provisional,Schaalbare familie; onderzoek en verbeter eerst het gedeelde template en een pilot-URL.
nl,https://go2-thailand.com/nl/phuket-luxury-villas/,/nl/phuket-luxury-villas/,/phuket-luxury-villas/,commercial-activity,yes,commercial-landing,template-improve,P2,provisional,Schaalbare familie; onderzoek en verbeter eerst het gedeelde template en een pilot-URL.
nl,https://go2-thailand.com/nl/private-pool-villa-phuket/,/nl/private-pool-villa-phuket/,/private-pool-villa-phuket/,commercial-activity,yes,commercial-landing,template-improve,P2,provisional,Schaalbare familie; onderzoek en verbeter eerst het gedeelde template en een pilot-URL.
nl,https://go2-thailand.com/nl/phuket-tours/,/nl/phuket-tours/,/phuket-tours/,commercial-activity,yes,commercial-landing,template-improve,P2,provisional,Schaalbare familie; onderzoek en verbeter eerst het gedeelde template en een pilot-URL.
nl,https://go2-thailand.com/nl/phuket/old-town/,/nl/phuket/old-town/,/phuket/old-town/,phuket-location,yes,phuket-location,template-audit,P2,provisional,Behoud voorlopig; valideer indexatiewaarde en templatekwaliteit per cluster.
nl,https://go2-thailand.com/nl/phuket/old-town/things-to-do/,/nl/phuket/old-town/things-to-do/,/phuket/old-town/things-to-do/,phuket-location,yes,phuket-location,template-audit,P2,provisional,Behoud voorlopig; valideer indexatiewaarde en templatekwaliteit per cluster.
nl,https://go2-thailand.com/nl/phuket/old-town/night-market/,/nl/phuket/old-town/night-market/,/phuket/old-town/night-market/,phuket-location,yes,phuket-location,template-audit,P2,provisional,Behoud voorlopig; valideer indexatiewaarde en templatekwaliteit per cluster.
nl,https://go2-thailand.com/nl/phuket/nai-harn/,/nl/phuket/nai-harn/,/phuket/nai-harn/,phuket-location,yes,phuket-location,template-audit,P2,provisional,Behoud voorlopig; valideer indexatiewaarde en templatekwaliteit per cluster.
nl,https://go2-thailand.com/nl/phuket/nai-harn/hotels/,/nl/phuket/nai-harn/hotels/,/phuket/nai-harn/hotels/,hotel-commercial,yes,hotel-guide,keep-improve,P1,provisional,Belangrijke destination- of commerciële pagina; locale-specifieke DFS-brief vereist.
nl,https://go2-thailand.com/nl/phuket/rawai/,/nl/phuket/rawai/,/phuket/rawai/,phuket-location,yes,phuket-location,template-audit,P2,provisional,Behoud voorlopig; valideer indexatiewaarde en templatekwaliteit per cluster.
nl,https://go2-thailand.com/nl/phuket/karon/,/nl/phuket/karon/,/phuket/karon/,phuket-location,yes,phuket-location,template-audit,P2,provisional,Behoud voorlopig; valideer indexatiewaarde en templatekwaliteit per cluster.
nl,https://go2-thailand.com/nl/phuket/karon/hotels/,/nl/phuket/karon/hotels/,/phuket/karon/hotels/,hotel-commercial,yes,hotel-guide,keep-improve,P1,provisional,Belangrijke destination- of commerciële pagina; locale-specifieke DFS-brief vereist.
nl,https://go2-thailand.com/nl/phuket/patong/,/nl/phuket/patong/,/phuket/patong/,phuket-location,yes,phuket-location,template-audit,P2,provisional,Behoud voorlopig; valideer indexatiewaarde en templatekwaliteit per cluster.
nl,https://go2-thailand.com/nl/phuket/patong/hotels/,/nl/phuket/patong/hotels/,/phuket/patong/hotels/,hotel-commercial,yes,hotel-guide,keep-improve,P1,provisional,Belangrijke destination- of commerciële pagina; locale-specifieke DFS-brief vereist.
nl,https://go2-thailand.com/nl/phuket/patong/nightlife/,/nl/phuket/patong/nightlife/,/phuket/patong/nightlife/,phuket-location,yes,phuket-location,template-audit,P2,provisional,Behoud voorlopig; valideer indexatiewaarde en templatekwaliteit per cluster.
nl,https://go2-thailand.com/nl/phuket/patong/restaurants/,/nl/phuket/patong/restaurants/,/phuket/patong/restaurants/,phuket-location,yes,phuket-location,template-audit,P2,provisional,Behoud voorlopig; valideer indexatiewaarde en templatekwaliteit per cluster.
nl,https://go2-thailand.com/nl/phuket/kata/,/nl/phuket/kata/,/phuket/kata/,phuket-location,yes,phuket-location,template-audit,P2,provisional,Behoud voorlopig; valideer indexatiewaarde en templatekwaliteit per cluster.
nl,https://go2-thailand.com/nl/phuket/kata/hotels/,/nl/phuket/kata/hotels/,/phuket/kata/hotels/,hotel-commercial,yes,hotel-guide,keep-improve,P1,provisional,Belangrijke destination- of commerciële pagina; locale-specifieke DFS-brief vereist.
nl,https://go2-thailand.com/nl/phuket/kata/surfing/,/nl/phuket/kata/surfing/,/phuket/kata/surfing/,phuket-location,yes,phuket-location,template-audit,P2,provisional,Behoud voorlopig; valideer indexatiewaarde en templatekwaliteit per cluster.
nl,https://go2-thailand.com/nl/phuket/kata/kata-noi/,/nl/phuket/kata/kata-noi/,/phuket/kata/kata-noi/,phuket-location,yes,phuket-location,template-audit,P2,provisional,Behoud voorlopig; valideer indexatiewaarde en templatekwaliteit per cluster.
nl,https://go2-thailand.com/nl/phuket/kamala/,/nl/phuket/kamala/,/phuket/kamala/,phuket-location,yes,phuket-location,template-audit,P2,provisional,Behoud voorlopig; valideer indexatiewaarde en templatekwaliteit per cluster.
nl,https://go2-thailand.com/nl/phuket/kamala/hotels/,/nl/phuket/kamala/hotels/,/phuket/kamala/hotels/,hotel-commercial,yes,hotel-guide,keep-improve,P1,provisional,Belangrijke destination- of commerciële pagina; locale-specifieke DFS-brief vereist.
nl,https://go2-thailand.com/nl/phuket/bang-tao/,/nl/phuket/bang-tao/,/phuket/bang-tao/,phuket-location,yes,phuket-location,template-audit,P2,provisional,Behoud voorlopig; valideer indexatiewaarde en templatekwaliteit per cluster.
nl,https://go2-thailand.com/nl/phuket/bang-tao/hotels/,/nl/phuket/bang-tao/hotels/,/phuket/bang-tao/hotels/,hotel-commercial,yes,hotel-guide,keep-improve,P1,provisional,Belangrijke destination- of commerciële pagina; locale-specifieke DFS-brief vereist.
nl,https://go2-thailand.com/nl/phuket/surin/,/nl/phuket/surin/,/phuket/surin/,phuket-location,yes,phuket-location,template-audit,P2,provisional,Behoud voorlopig; valideer indexatiewaarde en templatekwaliteit per cluster.
nl,https://go2-thailand.com/nl/phuket/patong/hotels/grand-mercure-phuket-patong/,/nl/phuket/patong/hotels/grand-mercure-phuket-patong/,/phuket/patong/hotels/grand-mercure-phuket-patong/,hotel-commercial,yes,hotel-guide,keep-improve,P1,provisional,Belangrijke destination- of commerciële pagina; locale-specifieke DFS-brief vereist.
nl,https://go2-thailand.com/nl/phuket/patong/hotels/four-points-by-sheraton-phuket-patong-beach-resort/,/nl/phuket/patong/hotels/four-points-by-sheraton-phuket-patong-beach-resort/,/phuket/patong/hotels/four-points-by-sheraton-phuket-patong-beach-resort/,hotel-commercial,yes,hotel-guide,keep-improve,P1,provisional,Belangrijke destination- of commerciële pagina; locale-specifieke DFS-brief vereist.
nl,https://go2-thailand.com/nl/phuket/patong/hotels/hotel-indigo-phuket-patong/,/nl/phuket/patong/hotels/hotel-indigo-phuket-patong/,/phuket/patong/hotels/hotel-indigo-phuket-patong/,hotel-commercial,yes,hotel-guide,keep-improve,P1,provisional,Belangrijke destination- of commerciële pagina; locale-specifieke DFS-brief vereist.
nl,https://go2-thailand.com/nl/phuket/patong/hotels/hotel-clover-patong-phuket/,/nl/phuket/patong/hotels/hotel-clover-patong-phuket/,/phuket/patong/hotels/hotel-clover-patong-phuket/,hotel-commercial,yes,hotel-guide,keep-improve,P1,provisional,Belangrijke destination- of commerciële pagina; locale-specifieke DFS-brief vereist.
nl,https://go2-thailand.com/nl/phuket/patong/hotels/movenpick-myth-hotel-patong-phuket/,/nl/phuket/patong/hotels/movenpick-myth-hotel-patong-phuket/,/phuket/patong/hotels/movenpick-myth-hotel-patong-phuket/,hotel-commercial,yes,hotel-guide,keep-improve,P1,provisional,Belangrijke destination- of commerciële pagina; locale-specifieke DFS-brief vereist.
nl,https://go2-thailand.com/nl/phuket/patong/hotels/lub-d-phuket-patong/,/nl/phuket/patong/hotels/lub-d-phuket-patong/,/phuket/patong/hotels/lub-d-phuket-patong/,hotel-commercial,yes,hotel-guide,keep-improve,P1,provisional,Belangrijke destination- of commerciële pagina; locale-specifieke DFS-brief vereist.
nl,https://go2-thailand.com/nl/phuket/patong/hotels/la-flora-resort-patong/,/nl/phuket/patong/hotels/la-flora-resort-patong/,/phuket/patong/hotels/la-flora-resort-patong/,hotel-commercial,yes,hotel-guide,keep-improve,P1,provisional,Belangrijke destination- of commerciële pagina; locale-specifieke DFS-brief vereist.
nl,https://go2-thailand.com/nl/phuket/patong/hotels/7q-patong-beach-hotel/,/nl/phuket/patong/hotels/7q-patong-beach-hotel/,/phuket/patong/hotels/7q-patong-beach-hotel/,hotel-commercial,yes,hotel-guide,keep-improve,P1,provisional,Belangrijke destination- of commerciële pagina; locale-specifieke DFS-brief vereist.
nl,https://go2-thailand.com/nl/phuket/patong/hotels/holiday-inn-express-phuket-patong-beach-central/,/nl/phuket/patong/hotels/holiday-inn-express-phuket-patong-beach-central/,/phuket/patong/hotels/holiday-inn-express-phuket-patong-beach-central/,hotel-commercial,yes,hotel-guide,keep-improve,P1,provisional,Belangrijke destination- of commerciële pagina; locale-specifieke DFS-brief vereist.
nl,https://go2-thailand.com/nl/phuket/patong/hotels/andaman-embrace-patong/,/nl/phuket/patong/hotels/andaman-embrace-patong/,/phuket/patong/hotels/andaman-embrace-patong/,hotel-commercial,yes,hotel-guide,keep-improve,P1,provisional,Belangrijke destination- of commerciële pagina; locale-specifieke DFS-brief vereist.
nl,https://go2-thailand.com/nl/phuket/patong/hotels/best-western-patong-beach/,/nl/phuket/patong/hotels/best-western-patong-beach/,/phuket/patong/hotels/best-western-patong-beach/,hotel-commercial,yes,hotel-guide,keep-improve,P1,provisional,Belangrijke destination- of commerciële pagina; locale-specifieke DFS-brief vereist.
nl,https://go2-thailand.com/nl/phuket/patong/hotels/mt-hotel-patong/,/nl/phuket/patong/hotels/mt-hotel-patong/,/phuket/patong/hotels/mt-hotel-patong/,hotel-commercial,yes,hotel-guide,keep-improve,P1,provisional,Belangrijke destination- of commerciële pagina; locale-specifieke DFS-brief vereist.
nl,https://go2-thailand.com/nl/phuket/patong/hotels/ramada-by-wyndham-phuket-deevana-patong/,/nl/phuket/patong/hotels/ramada-by-wyndham-phuket-deevana-patong/,/phuket/patong/hotels/ramada-by-wyndham-phuket-deevana-patong/,hotel-commercial,yes,hotel-guide,keep-improve,P1,provisional,Belangrijke destination- of commerciële pagina; locale-specifieke DFS-brief vereist.
nl,https://go2-thailand.com/nl/phuket/patong/hotels/patong-signature-boutique-hotel/,/nl/phuket/patong/hotels/patong-signature-boutique-hotel/,/phuket/patong/hotels/patong-signature-boutique-hotel/,hotel-commercial,yes,hotel-guide,keep-improve,P1,provisional,Belangrijke destination- of commerciële pagina; locale-specifieke DFS-brief vereist.
nl,https://go2-thailand.com/nl/phuket/patong/hotels/deevana-patong-resort-and-spa/,/nl/phuket/patong/hotels/deevana-patong-resort-and-spa/,/phuket/patong/hotels/deevana-patong-resort-and-spa/,hotel-commercial,yes,hotel-guide,keep-improve,P1,provisional,Belangrijke destination- of commerciële pagina; locale-specifieke DFS-brief vereist.
nl,https://go2-thailand.com/nl/phuket/patong/hotels/deevana-plaza-phuket-patong/,/nl/phuket/patong/hotels/deevana-plaza-phuket-patong/,/phuket/patong/hotels/deevana-plaza-phuket-patong/,hotel-commercial,yes,hotel-guide,keep-improve,P1,provisional,Belangrijke destination- of commerciële pagina; locale-specifieke DFS-brief vereist.
nl,https://go2-thailand.com/nl/phuket/patong/hotels/icheck-inn-residences-patong/,/nl/phuket/patong/hotels/icheck-inn-residences-patong/,/phuket/patong/hotels/icheck-inn-residences-patong/,hotel-commercial,yes,hotel-guide,keep-improve,P1,provisional,Belangrijke destination- of commerciële pagina; locale-specifieke DFS-brief vereist.
nl,https://go2-thailand.com/nl/phuket/patong/hotels/woovo-phuket-patong/,/nl/phuket/patong/hotels/woovo-phuket-patong/,/phuket/patong/hotels/woovo-phuket-patong/,hotel-commercial,yes,hotel-guide,keep-improve,P1,provisional,Belangrijke destination- of commerciële pagina; locale-specifieke DFS-brief vereist.
nl,https://go2-thailand.com/nl/phuket/karon/hotels/pullman-phuket-arcadia-karon-beach-resort/,/nl/phuket/karon/hotels/pullman-phuket-arcadia-karon-beach-resort/,/phuket/karon/hotels/pullman-phuket-arcadia-karon-beach-resort/,hotel-commercial,yes,hotel-guide,keep-improve,P1,provisional,Belangrijke destination- of commerciële pagina; locale-specifieke DFS-brief vereist.
nl,https://go2-thailand.com/nl/phuket/karon/hotels/centara-grand-beach-resort-phuket/,/nl/phuket/karon/hotels/centara-grand-beach-resort-phuket/,/phuket/karon/hotels/centara-grand-beach-resort-phuket/,hotel-commercial,yes,hotel-guide,keep-improve,P1,provisional,Belangrijke destination- of commerciële pagina; locale-specifieke DFS-brief vereist.
nl,https://go2-thailand.com/nl/phuket/karon/hotels/mandarava-resort-and-spa-karon-beach/,/nl/phuket/karon/hotels/mandarava-resort-and-spa-karon-beach/,/phuket/karon/hotels/mandarava-resort-and-spa-karon-beach/,hotel-commercial,yes,hotel-guide,keep-improve,P1,provisional,Belangrijke destination- of commerciële pagina; locale-specifieke DFS-brief vereist.
nl,https://go2-thailand.com/nl/phuket/karon/hotels/beyond-resort-karon/,/nl/phuket/karon/hotels/beyond-resort-karon/,/phuket/karon/hotels/beyond-resort-karon/,hotel-commercial,yes,hotel-guide,keep-improve,P1,provisional,Belangrijke destination- of commerciële pagina; locale-specifieke DFS-brief vereist.
nl,https://go2-thailand.com/nl/phuket/karon/hotels/avista-grande-karon-mgallery/,/nl/phuket/karon/hotels/avista-grande-karon-mgallery/,/phuket/karon/hotels/avista-grande-karon-mgallery/,hotel-commercial,yes,hotel-guide,keep-improve,P1,provisional,Belangrijke destination- of commerciële pagina; locale-specifieke DFS-brief vereist.
nl,https://go2-thailand.com/nl/phuket/kamala/hotels/novotel-phuket-kamala-beach/,/nl/phuket/kamala/hotels/novotel-phuket-kamala-beach/,/phuket/kamala/hotels/novotel-phuket-kamala-beach/,hotel-commercial,yes,hotel-guide,keep-improve,P1,provisional,Belangrijke destination- of commerciële pagina; locale-specifieke DFS-brief vereist.
nl,https://go2-thailand.com/nl/phuket/kamala/hotels/sunwing-kamala-beach/,/nl/phuket/kamala/hotels/sunwing-kamala-beach/,/phuket/kamala/hotels/sunwing-kamala-beach/,hotel-commercial,yes,hotel-guide,keep-improve,P1,provisional,Belangrijke destination- of commerciële pagina; locale-specifieke DFS-brief vereist.
nl,https://go2-thailand.com/nl/phuket/kamala/hotels/sunprime-kamala-beach/,/nl/phuket/kamala/hotels/sunprime-kamala-beach/,/phuket/kamala/hotels/sunprime-kamala-beach/,hotel-commercial,yes,hotel-guide,keep-improve,P1,provisional,Belangrijke destination- of commerciële pagina; locale-specifieke DFS-brief vereist.
nl,https://go2-thailand.com/nl/phuket/bang-tao/hotels/hilton-garden-inn-phuket-bang-tao/,/nl/phuket/bang-tao/hotels/hilton-garden-inn-phuket-bang-tao/,/phuket/bang-tao/hotels/hilton-garden-inn-phuket-bang-tao/,hotel-commercial,yes,hotel-guide,keep-improve,P1,provisional,Belangrijke destination- of commerciële pagina; locale-specifieke DFS-brief vereist.
nl,https://go2-thailand.com/nl/flights-to-phuket/bangkok/,/nl/flights-to-phuket/bangkok/,/flights-to-phuket/bangkok/,commercial-activity,yes,commercial-landing,template-improve,P2,provisional,Schaalbare familie; onderzoek en verbeter eerst het gedeelde template en een pilot-URL.
nl,https://go2-thailand.com/nl/flights-to-phuket/bangkok-dmk/,/nl/flights-to-phuket/bangkok-dmk/,/flights-to-phuket/bangkok-dmk/,commercial-activity,yes,commercial-landing,template-improve,P2,provisional,Schaalbare familie; onderzoek en verbeter eerst het gedeelde template en een pilot-URL.
nl,https://go2-thailand.com/nl/flights-to-phuket/chiang-mai/,/nl/flights-to-phuket/chiang-mai/,/flights-to-phuket/chiang-mai/,commercial-activity,yes,commercial-landing,template-improve,P2,provisional,Schaalbare familie; onderzoek en verbeter eerst het gedeelde template en een pilot-URL.
nl,https://go2-thailand.com/nl/flights-to-phuket/koh-samui/,/nl/flights-to-phuket/koh-samui/,/flights-to-phuket/koh-samui/,commercial-activity,yes,commercial-landing,template-improve,P2,provisional,Schaalbare familie; onderzoek en verbeter eerst het gedeelde template en een pilot-URL.
nl,https://go2-thailand.com/nl/flights-to-phuket/singapore/,/nl/flights-to-phuket/singapore/,/flights-to-phuket/singapore/,commercial-activity,yes,commercial-landing,template-improve,P2,provisional,Schaalbare familie; onderzoek en verbeter eerst het gedeelde template en een pilot-URL.
nl,https://go2-thailand.com/nl/flights-to-phuket/kuala-lumpur/,/nl/flights-to-phuket/kuala-lumpur/,/flights-to-phuket/kuala-lumpur/,commercial-activity,yes,commercial-landing,template-improve,P2,provisional,Schaalbare familie; onderzoek en verbeter eerst het gedeelde template en een pilot-URL.
nl,https://go2-thailand.com/nl/flights-to-phuket/hong-kong/,/nl/flights-to-phuket/hong-kong/,/flights-to-phuket/hong-kong/,commercial-activity,yes,commercial-landing,template-improve,P2,provisional,Schaalbare familie; onderzoek en verbeter eerst het gedeelde template en een pilot-URL.
nl,https://go2-thailand.com/nl/flights-to-phuket/seoul/,/nl/flights-to-phuket/seoul/,/flights-to-phuket/seoul/,commercial-activity,yes,commercial-landing,template-improve,P2,provisional,Schaalbare familie; onderzoek en verbeter eerst het gedeelde template en een pilot-URL.
nl,https://go2-thailand.com/nl/flights-to-phuket/dubai/,/nl/flights-to-phuket/dubai/,/flights-to-phuket/dubai/,commercial-activity,yes,commercial-landing,template-improve,P2,provisional,Schaalbare familie; onderzoek en verbeter eerst het gedeelde template en een pilot-URL.
nl,https://go2-thailand.com/nl/flights-to-phuket/lax/,/nl/flights-to-phuket/lax/,/flights-to-phuket/lax/,commercial-activity,yes,commercial-landing,template-improve,P2,provisional,Schaalbare familie; onderzoek en verbeter eerst het gedeelde template en een pilot-URL.
nl,https://go2-thailand.com/nl/flights-to-phuket/jfk/,/nl/flights-to-phuket/jfk/,/flights-to-phuket/jfk/,commercial-activity,yes,commercial-landing,template-improve,P2,provisional,Schaalbare familie; onderzoek en verbeter eerst het gedeelde template en een pilot-URL.
nl,https://go2-thailand.com/nl/flights-to-phuket/sfo/,/nl/flights-to-phuket/sfo/,/flights-to-phuket/sfo/,commercial-activity,yes,commercial-landing,template-improve,P2,provisional,Schaalbare familie; onderzoek en verbeter eerst het gedeelde template en een pilot-URL.
nl,https://go2-thailand.com/nl/flights-to-phuket/london/,/nl/flights-to-phuket/london/,/flights-to-phuket/london/,commercial-activity,yes,commercial-landing,template-improve,P2,provisional,Schaalbare familie; onderzoek en verbeter eerst het gedeelde template en een pilot-URL.
nl,https://go2-thailand.com/nl/flights-to-phuket/amsterdam/,/nl/flights-to-phuket/amsterdam/,/flights-to-phuket/amsterdam/,commercial-activity,yes,commercial-landing,template-improve,P2,provisional,Schaalbare familie; onderzoek en verbeter eerst het gedeelde template en een pilot-URL.
nl,https://go2-thailand.com/nl/yacht-charter-phuket/luxury/,/nl/yacht-charter-phuket/luxury/,/yacht-charter-phuket/luxury/,commercial-activity,yes,commercial-landing,template-improve,P2,provisional,Schaalbare familie; onderzoek en verbeter eerst het gedeelde template en een pilot-URL.
nl,https://go2-thailand.com/nl/yacht-charter-phuket/phi-phi/,/nl/yacht-charter-phuket/phi-phi/,/yacht-charter-phuket/phi-phi/,commercial-activity,yes,commercial-landing,template-improve,P2,provisional,Schaalbare familie; onderzoek en verbeter eerst het gedeelde template en een pilot-URL.
nl,https://go2-thailand.com/nl/yacht-charter-phuket/similan/,/nl/yacht-charter-phuket/similan/,/yacht-charter-phuket/similan/,commercial-activity,yes,commercial-landing,template-improve,P2,provisional,Schaalbare familie; onderzoek en verbeter eerst het gedeelde template en een pilot-URL.
nl,https://go2-thailand.com/nl/car-rental-phuket/airport/,/nl/car-rental-phuket/airport/,/car-rental-phuket/airport/,commercial-activity,yes,commercial-landing,template-improve,P2,provisional,Schaalbare familie; onderzoek en verbeter eerst het gedeelde template en een pilot-URL.
nl,https://go2-thailand.com/nl/car-rental-phuket/long-term/,/nl/car-rental-phuket/long-term/,/car-rental-phuket/long-term/,commercial-activity,yes,commercial-landing,template-improve,P2,provisional,Schaalbare familie; onderzoek en verbeter eerst het gedeelde template en een pilot-URL.
nl,https://go2-thailand.com/nl/car-rental-phuket/automatic/,/nl/car-rental-phuket/automatic/,/car-rental-phuket/automatic/,commercial-activity,yes,commercial-landing,template-improve,P2,provisional,Schaalbare familie; onderzoek en verbeter eerst het gedeelde template en een pilot-URL.
nl,https://go2-thailand.com/nl/phuket-wedding-venues/beach/,/nl/phuket-wedding-venues/beach/,/phuket-wedding-venues/beach/,commercial-activity,yes,commercial-landing,template-improve,P2,provisional,Schaalbare familie; onderzoek en verbeter eerst het gedeelde template en een pilot-URL.
nl,https://go2-thailand.com/nl/phuket-wedding-venues/resort-packages/,/nl/phuket-wedding-venues/resort-packages/,/phuket-wedding-venues/resort-packages/,commercial-activity,yes,commercial-landing,template-improve,P2,provisional,Schaalbare familie; onderzoek en verbeter eerst het gedeelde template en een pilot-URL.
nl,https://go2-thailand.com/nl/phuket-wedding-venues/villa/,/nl/phuket-wedding-venues/villa/,/phuket-wedding-venues/villa/,commercial-activity,yes,commercial-landing,template-improve,P2,provisional,Schaalbare familie; onderzoek en verbeter eerst het gedeelde template en een pilot-URL.
nl,https://go2-thailand.com/nl/phuket-honeymoon/private-pool-villas/,/nl/phuket-honeymoon/private-pool-villas/,/phuket-honeymoon/private-pool-villas/,commercial-activity,yes,commercial-landing,template-improve,P2,provisional,Schaalbare familie; onderzoek en verbeter eerst het gedeelde template en een pilot-URL.
nl,https://go2-thailand.com/nl/phuket-honeymoon/all-inclusive/,/nl/phuket-honeymoon/all-inclusive/,/phuket-honeymoon/all-inclusive/,commercial-activity,yes,commercial-landing,template-improve,P2,provisional,Schaalbare familie; onderzoek en verbeter eerst het gedeelde template en een pilot-URL.
nl,https://go2-thailand.com/nl/phuket-luxury-villas/private-pool/,/nl/phuket-luxury-villas/private-pool/,/phuket-luxury-villas/private-pool/,commercial-activity,yes,commercial-landing,template-improve,P2,provisional,Schaalbare familie; onderzoek en verbeter eerst het gedeelde template en een pilot-URL.
nl,https://go2-thailand.com/nl/phuket-luxury-villas/oceanfront/,/nl/phuket-luxury-villas/oceanfront/,/phuket-luxury-villas/oceanfront/,commercial-activity,yes,commercial-landing,template-improve,P2,provisional,Schaalbare familie; onderzoek en verbeter eerst het gedeelde template en een pilot-URL.
nl,https://go2-thailand.com/nl/phuket-luxury-villas/family/,/nl/phuket-luxury-villas/family/,/phuket-luxury-villas/family/,commercial-activity,yes,commercial-landing,template-improve,P2,provisional,Schaalbare familie; onderzoek en verbeter eerst het gedeelde template en een pilot-URL.
nl,https://go2-thailand.com/nl/phuket-tours/big-buddha/,/nl/phuket-tours/big-buddha/,/phuket-tours/big-buddha/,commercial-activity,yes,commercial-landing,template-improve,P2,provisional,Schaalbare familie; onderzoek en verbeter eerst het gedeelde template en een pilot-URL.
nl,https://go2-thailand.com/nl/phuket-tours/elephant-sanctuary/,/nl/phuket-tours/elephant-sanctuary/,/phuket-tours/elephant-sanctuary/,commercial-activity,yes,commercial-landing,template-improve,P2,provisional,Schaalbare familie; onderzoek en verbeter eerst het gedeelde template en een pilot-URL.
nl,https://go2-thailand.com/nl/phuket-tours/cooking-class/,/nl/phuket-tours/cooking-class/,/phuket-tours/cooking-class/,commercial-activity,yes,commercial-landing,template-improve,P2,provisional,Schaalbare familie; onderzoek en verbeter eerst het gedeelde template en een pilot-URL.
nl,https://go2-thailand.com/nl/phuket-tours/snorkeling/,/nl/phuket-tours/snorkeling/,/phuket-tours/snorkeling/,commercial-activity,yes,commercial-landing,template-improve,P2,provisional,Schaalbare familie; onderzoek en verbeter eerst het gedeelde template en een pilot-URL.
nl,https://go2-thailand.com/nl/phuket-tours/old-town/,/nl/phuket-tours/old-town/,/phuket-tours/old-town/,commercial-activity,yes,commercial-landing,template-improve,P2,provisional,Schaalbare familie; onderzoek en verbeter eerst het gedeelde template en een pilot-URL.
nl,https://go2-thailand.com/nl/phuket-tours/phi-phi-day-trip/,/nl/phuket-tours/phi-phi-day-trip/,/phuket-tours/phi-phi-day-trip/,commercial-activity,yes,commercial-landing,template-improve,P2,provisional,Schaalbare familie; onderzoek en verbeter eerst het gedeelde template en een pilot-URL.
nl,https://go2-thailand.com/nl/phuket-tours/maya-bay/,/nl/phuket-tours/maya-bay/,/phuket-tours/maya-bay/,commercial-activity,yes,commercial-landing,template-improve,P2,provisional,Schaalbare familie; onderzoek en verbeter eerst het gedeelde template en een pilot-URL.
nl,https://go2-thailand.com/nl/phuket-tours/phi-phi-snorkeling/,/nl/phuket-tours/phi-phi-snorkeling/,/phuket-tours/phi-phi-snorkeling/,commercial-activity,yes,commercial-landing,template-improve,P2,provisional,Schaalbare familie; onderzoek en verbeter eerst het gedeelde template en een pilot-URL.
nl,https://go2-thailand.com/nl/phuket-tours/phi-phi-sunset/,/nl/phuket-tours/phi-phi-sunset/,/phuket-tours/phi-phi-sunset/,commercial-activity,yes,commercial-landing,template-improve,P2,provisional,Schaalbare familie; onderzoek en verbeter eerst het gedeelde template en een pilot-URL.
nl,https://go2-thailand.com/nl/phuket-tours/phi-phi-speedboat/,/nl/phuket-tours/phi-phi-speedboat/,/phuket-tours/phi-phi-speedboat/,commercial-activity,yes,commercial-landing,template-improve,P2,provisional,Schaalbare familie; onderzoek en verbeter eerst het gedeelde template en een pilot-URL.
nl,https://go2-thailand.com/nl/phuket-tours/khai-islands/,/nl/phuket-tours/khai-islands/,/phuket-tours/khai-islands/,commercial-activity,yes,commercial-landing,template-improve,P2,provisional,Schaalbare familie; onderzoek en verbeter eerst het gedeelde template en een pilot-URL.
nl,https://go2-thailand.com/nl/phuket-tours/bamboo-island/,/nl/phuket-tours/bamboo-island/,/phuket-tours/bamboo-island/,commercial-activity,yes,commercial-landing,template-improve,P2,provisional,Schaalbare familie; onderzoek en verbeter eerst het gedeelde template en een pilot-URL.
nl,https://go2-thailand.com/nl/phuket/nai-harn/hotels/the-nai-harn-phuket/,/nl/phuket/nai-harn/hotels/the-nai-harn-phuket/,/phuket/nai-harn/hotels/the-nai-harn-phuket/,hotel-commercial,yes,hotel-guide,keep-improve,P1,provisional,Belangrijke destination- of commerciële pagina; locale-specifieke DFS-brief vereist.
nl,https://go2-thailand.com/nl/phuket/nai-harn/hotels/wyndham-grand-nai-harn-beach-phuket/,/nl/phuket/nai-harn/hotels/wyndham-grand-nai-harn-beach-phuket/,/phuket/nai-harn/hotels/wyndham-grand-nai-harn-beach-phuket/,hotel-commercial,yes,hotel-guide,keep-improve,P1,provisional,Belangrijke destination- of commerciële pagina; locale-specifieke DFS-brief vereist.
nl,https://go2-thailand.com/nl/phuket/rawai/hotels/selina-serenity-rawai-phuket/,/nl/phuket/rawai/hotels/selina-serenity-rawai-phuket/,/phuket/rawai/hotels/selina-serenity-rawai-phuket/,hotel-commercial,yes,hotel-guide,keep-improve,P1,provisional,Belangrijke destination- of commerciële pagina; locale-specifieke DFS-brief vereist.
nl,https://go2-thailand.com/nl/food/pad-krapow/,/nl/food/pad-krapow/,/food/pad-krapow/,food-drink,yes,food-drink,template-audit,P2,provisional,Behoud voorlopig; valideer indexatiewaarde en templatekwaliteit per cluster.
nl,https://go2-thailand.com/nl/food/som-tam/,/nl/food/som-tam/,/food/som-tam/,food-drink,yes,food-drink,template-audit,P2,provisional,Behoud voorlopig; valideer indexatiewaarde en templatekwaliteit per cluster.
nl,https://go2-thailand.com/nl/food/tom-yum-goong/,/nl/food/tom-yum-goong/,/food/tom-yum-goong/,food-drink,yes,food-drink,template-audit,P2,provisional,Behoud voorlopig; valideer indexatiewaarde en templatekwaliteit per cluster.
nl,https://go2-thailand.com/nl/food/pad-thai/,/nl/food/pad-thai/,/food/pad-thai/,food-drink,yes,food-drink,template-audit,P2,provisional,Behoud voorlopig; valideer indexatiewaarde en templatekwaliteit per cluster.
nl,https://go2-thailand.com/nl/food/green-curry/,/nl/food/green-curry/,/food/green-curry/,food-drink,yes,food-drink,template-audit,P2,provisional,Behoud voorlopig; valideer indexatiewaarde en templatekwaliteit per cluster.
nl,https://go2-thailand.com/nl/food/mango-sticky-rice/,/nl/food/mango-sticky-rice/,/food/mango-sticky-rice/,food-drink,yes,food-drink,template-audit,P2,provisional,Behoud voorlopig; valideer indexatiewaarde en templatekwaliteit per cluster.
nl,https://go2-thailand.com/nl/food/massaman-curry/,/nl/food/massaman-curry/,/food/massaman-curry/,food-drink,yes,food-drink,template-audit,P2,provisional,Behoud voorlopig; valideer indexatiewaarde en templatekwaliteit per cluster.
nl,https://go2-thailand.com/nl/food/larb/,/nl/food/larb/,/food/larb/,food-drink,yes,food-drink,template-audit,P2,provisional,Behoud voorlopig; valideer indexatiewaarde en templatekwaliteit per cluster.
nl,https://go2-thailand.com/nl/food/pad-see-ew/,/nl/food/pad-see-ew/,/food/pad-see-ew/,food-drink,yes,food-drink,template-audit,P2,provisional,Behoud voorlopig; valideer indexatiewaarde en templatekwaliteit per cluster.
nl,https://go2-thailand.com/nl/food/thai-fried-rice/,/nl/food/thai-fried-rice/,/food/thai-fried-rice/,food-drink,yes,food-drink,template-audit,P2,provisional,Behoud voorlopig; valideer indexatiewaarde en templatekwaliteit per cluster.
nl,https://go2-thailand.com/nl/food/khao-man-gai/,/nl/food/khao-man-gai/,/food/khao-man-gai/,food-drink,yes,food-drink,template-audit,P2,provisional,Behoud voorlopig; valideer indexatiewaarde en templatekwaliteit per cluster.
nl,https://go2-thailand.com/nl/food/boat-noodles/,/nl/food/boat-noodles/,/food/boat-noodles/,food-drink,yes,food-drink,template-audit,P2,provisional,Behoud voorlopig; valideer indexatiewaarde en templatekwaliteit per cluster.
nl,https://go2-thailand.com/nl/food/khao-soi/,/nl/food/khao-soi/,/food/khao-soi/,food-drink,yes,food-drink,template-audit,P2,provisional,Behoud voorlopig; valideer indexatiewaarde en templatekwaliteit per cluster.
nl,https://go2-thailand.com/nl/food/sai-ua/,/nl/food/sai-ua/,/food/sai-ua/,food-drink,yes,food-drink,template-audit,P2,provisional,Behoud voorlopig; valideer indexatiewaarde en templatekwaliteit per cluster.
nl,https://go2-thailand.com/nl/food/nam-prik-ong/,/nl/food/nam-prik-ong/,/food/nam-prik-ong/,food-drink,yes,food-drink,template-audit,P2,provisional,Behoud voorlopig; valideer indexatiewaarde en templatekwaliteit per cluster.
nl,https://go2-thailand.com/nl/food/gaeng-hang-lay/,/nl/food/gaeng-hang-lay/,/food/gaeng-hang-lay/,food-drink,yes,food-drink,template-audit,P2,provisional,Behoud voorlopig; valideer indexatiewaarde en templatekwaliteit per cluster.
nl,https://go2-thailand.com/nl/food/mee-hokkien/,/nl/food/mee-hokkien/,/food/mee-hokkien/,food-drink,yes,food-drink,template-audit,P2,provisional,Behoud voorlopig; valideer indexatiewaarde en templatekwaliteit per cluster.
nl,https://go2-thailand.com/nl/food/oh-aew/,/nl/food/oh-aew/,/food/oh-aew/,food-drink,yes,food-drink,template-audit,P2,provisional,Behoud voorlopig; valideer indexatiewaarde en templatekwaliteit per cluster.
nl,https://go2-thailand.com/nl/food/nam-prik-goong-siap/,/nl/food/nam-prik-goong-siap/,/food/nam-prik-goong-siap/,food-drink,yes,food-drink,template-audit,P2,provisional,Behoud voorlopig; valideer indexatiewaarde en templatekwaliteit per cluster.
nl,https://go2-thailand.com/nl/food/moo-hong/,/nl/food/moo-hong/,/food/moo-hong/,food-drink,yes,food-drink,template-audit,P2,provisional,Behoud voorlopig; valideer indexatiewaarde en templatekwaliteit per cluster.
nl,https://go2-thailand.com/nl/food/kanom-jeen-nam-ya/,/nl/food/kanom-jeen-nam-ya/,/food/kanom-jeen-nam-ya/,food-drink,yes,food-drink,template-audit,P2,provisional,Behoud voorlopig; valideer indexatiewaarde en templatekwaliteit per cluster.
nl,https://go2-thailand.com/nl/food/hoy-tod/,/nl/food/hoy-tod/,/food/hoy-tod/,food-drink,yes,food-drink,template-audit,P2,provisional,Behoud voorlopig; valideer indexatiewaarde en templatekwaliteit per cluster.
nl,https://go2-thailand.com/nl/food/pla-pao/,/nl/food/pla-pao/,/food/pla-pao/,food-drink,yes,food-drink,template-audit,P2,provisional,Behoud voorlopig; valideer indexatiewaarde en templatekwaliteit per cluster.
nl,https://go2-thailand.com/nl/food/yam-woon-sen/,/nl/food/yam-woon-sen/,/food/yam-woon-sen/,food-drink,yes,food-drink,template-audit,P2,provisional,Behoud voorlopig; valideer indexatiewaarde en templatekwaliteit per cluster.
nl,https://go2-thailand.com/nl/food/khao-pad-sapparot/,/nl/food/khao-pad-sapparot/,/food/khao-pad-sapparot/,food-drink,yes,food-drink,template-audit,P2,provisional,Behoud voorlopig; valideer indexatiewaarde en templatekwaliteit per cluster.
nl,https://go2-thailand.com/nl/food/roti-sai-mai/,/nl/food/roti-sai-mai/,/food/roti-sai-mai/,food-drink,yes,food-drink,template-audit,P2,provisional,Behoud voorlopig; valideer indexatiewaarde en templatekwaliteit per cluster.
nl,https://go2-thailand.com/nl/food/tom-yum-noodles/,/nl/food/tom-yum-noodles/,/food/tom-yum-noodles/,food-drink,yes,food-drink,template-audit,P2,provisional,Behoud voorlopig; valideer indexatiewaarde en templatekwaliteit per cluster.
nl,https://go2-thailand.com/nl/food/khao-mok-gai/,/nl/food/khao-mok-gai/,/food/khao-mok-gai/,food-drink,yes,food-drink,template-audit,P2,provisional,Behoud voorlopig; valideer indexatiewaarde en templatekwaliteit per cluster.
nl,https://go2-thailand.com/nl/food/goong-pad-makham/,/nl/food/goong-pad-makham/,/food/goong-pad-makham/,food-drink,yes,food-drink,template-audit,P2,provisional,Behoud voorlopig; valideer indexatiewaarde en templatekwaliteit per cluster.
nl,https://go2-thailand.com/nl/food/tom-som-pla/,/nl/food/tom-som-pla/,/food/tom-som-pla/,food-drink,yes,food-drink,template-audit,P2,provisional,Behoud voorlopig; valideer indexatiewaarde en templatekwaliteit per cluster.
nl,https://go2-thailand.com/nl/food/gai-tod-hat-yai/,/nl/food/gai-tod-hat-yai/,/food/gai-tod-hat-yai/,food-drink,yes,food-drink,template-audit,P2,provisional,Behoud voorlopig; valideer indexatiewaarde en templatekwaliteit per cluster.
nl,https://go2-thailand.com/nl/food/khao-yam/,/nl/food/khao-yam/,/food/khao-yam/,food-drink,yes,food-drink,template-audit,P2,provisional,Behoud voorlopig; valideer indexatiewaarde en templatekwaliteit per cluster.
nl,https://go2-thailand.com/nl/food/nam-ngiao/,/nl/food/nam-ngiao/,/food/nam-ngiao/,food-drink,yes,food-drink,template-audit,P2,provisional,Behoud voorlopig; valideer indexatiewaarde en templatekwaliteit per cluster.
nl,https://go2-thailand.com/nl/food/laab-kua/,/nl/food/laab-kua/,/food/laab-kua/,food-drink,yes,food-drink,template-audit,P2,provisional,Behoud voorlopig; valideer indexatiewaarde en templatekwaliteit per cluster.
nl,https://go2-thailand.com/nl/food/tam-khanun/,/nl/food/tam-khanun/,/food/tam-khanun/,food-drink,yes,food-drink,template-audit,P2,provisional,Behoud voorlopig; valideer indexatiewaarde en templatekwaliteit per cluster.
nl,https://go2-thailand.com/nl/food/khao-kan-jin/,/nl/food/khao-kan-jin/,/food/khao-kan-jin/,food-drink,yes,food-drink,template-audit,P2,provisional,Behoud voorlopig; valideer indexatiewaarde en templatekwaliteit per cluster.
nl,https://go2-thailand.com/nl/food/roti-canai/,/nl/food/roti-canai/,/food/roti-canai/,food-drink,yes,food-drink,template-audit,P2,provisional,Behoud voorlopig; valideer indexatiewaarde en templatekwaliteit per cluster.
nl,https://go2-thailand.com/nl/food/bua-loy/,/nl/food/bua-loy/,/food/bua-loy/,food-drink,yes,food-drink,template-audit,P2,provisional,Behoud voorlopig; valideer indexatiewaarde en templatekwaliteit per cluster.
nl,https://go2-thailand.com/nl/food/sukhothai-noodles/,/nl/food/sukhothai-noodles/,/food/sukhothai-noodles/,food-drink,yes,food-drink,template-audit,P2,provisional,Behoud voorlopig; valideer indexatiewaarde en templatekwaliteit per cluster.
nl,https://go2-thailand.com/nl/food/kaeng-liang/,/nl/food/kaeng-liang/,/food/kaeng-liang/,food-drink,yes,food-drink,template-audit,P2,provisional,Behoud voorlopig; valideer indexatiewaarde en templatekwaliteit per cluster.
nl,https://go2-thailand.com/nl/food/moo-palo/,/nl/food/moo-palo/,/food/moo-palo/,food-drink,yes,food-drink,template-audit,P2,provisional,Behoud voorlopig; valideer indexatiewaarde en templatekwaliteit per cluster.
nl,https://go2-thailand.com/nl/food/nam-prik-noom/,/nl/food/nam-prik-noom/,/food/nam-prik-noom/,food-drink,yes,food-drink,template-audit,P2,provisional,Behoud voorlopig; valideer indexatiewaarde en templatekwaliteit per cluster.
nl,https://go2-thailand.com/nl/food/nam-prik-kapi/,/nl/food/nam-prik-kapi/,/food/nam-prik-kapi/,food-drink,yes,food-drink,template-audit,P2,provisional,Behoud voorlopig; valideer indexatiewaarde en templatekwaliteit per cluster.
nl,https://go2-thailand.com/nl/food/gaeng-tai-pla/,/nl/food/gaeng-tai-pla/,/food/gaeng-tai-pla/,food-drink,yes,food-drink,template-audit,P2,provisional,Behoud voorlopig; valideer indexatiewaarde en templatekwaliteit per cluster.
nl,https://go2-thailand.com/nl/food/goong-pad-sator/,/nl/food/goong-pad-sator/,/food/goong-pad-sator/,food-drink,yes,food-drink,template-audit,P2,provisional,Behoud voorlopig; valideer indexatiewaarde en templatekwaliteit per cluster.
nl,https://go2-thailand.com/nl/food/lod-chong/,/nl/food/lod-chong/,/food/lod-chong/,food-drink,yes,food-drink,template-audit,P2,provisional,Behoud voorlopig; valideer indexatiewaarde en templatekwaliteit per cluster.
nl,https://go2-thailand.com/nl/drinks/thai-iced-tea/,/nl/drinks/thai-iced-tea/,/drinks/thai-iced-tea/,food-drink,yes,food-drink,template-audit,P2,provisional,Behoud voorlopig; valideer indexatiewaarde en templatekwaliteit per cluster.
nl,https://go2-thailand.com/nl/drinks/thai-iced-coffee/,/nl/drinks/thai-iced-coffee/,/drinks/thai-iced-coffee/,food-drink,yes,food-drink,template-audit,P2,provisional,Behoud voorlopig; valideer indexatiewaarde en templatekwaliteit per cluster.
nl,https://go2-thailand.com/nl/drinks/nam-manao/,/nl/drinks/nam-manao/,/drinks/nam-manao/,food-drink,yes,food-drink,template-audit,P2,provisional,Behoud voorlopig; valideer indexatiewaarde en templatekwaliteit per cluster.
nl,https://go2-thailand.com/nl/drinks/nam-bai-makrut/,/nl/drinks/nam-bai-makrut/,/drinks/nam-bai-makrut/,food-drink,yes,food-drink,template-audit,P2,provisional,Behoud voorlopig; valideer indexatiewaarde en templatekwaliteit per cluster.
nl,https://go2-thailand.com/nl/drinks/nam-krajiab/,/nl/drinks/nam-krajiab/,/drinks/nam-krajiab/,food-drink,yes,food-drink,template-audit,P2,provisional,Behoud voorlopig; valideer indexatiewaarde en templatekwaliteit per cluster.
nl,https://go2-thailand.com/nl/drinks/nam-matoom/,/nl/drinks/nam-matoom/,/drinks/nam-matoom/,food-drink,yes,food-drink,template-audit,P2,provisional,Behoud voorlopig; valideer indexatiewaarde en templatekwaliteit per cluster.
nl,https://go2-thailand.com/nl/drinks/nam-anchan/,/nl/drinks/nam-anchan/,/drinks/nam-anchan/,food-drink,yes,food-drink,template-audit,P2,provisional,Behoud voorlopig; valideer indexatiewaarde en templatekwaliteit per cluster.
nl,https://go2-thailand.com/nl/drinks/singha-beer/,/nl/drinks/singha-beer/,/drinks/singha-beer/,food-drink,yes,food-drink,template-audit,P2,provisional,Behoud voorlopig; valideer indexatiewaarde en templatekwaliteit per cluster.
nl,https://go2-thailand.com/nl/drinks/chang-beer/,/nl/drinks/chang-beer/,/drinks/chang-beer/,food-drink,yes,food-drink,template-audit,P2,provisional,Behoud voorlopig; valideer indexatiewaarde en templatekwaliteit per cluster.
nl,https://go2-thailand.com/nl/drinks/leo-beer/,/nl/drinks/leo-beer/,/drinks/leo-beer/,food-drink,yes,food-drink,template-audit,P2,provisional,Behoud voorlopig; valideer indexatiewaarde en templatekwaliteit per cluster.
nl,https://go2-thailand.com/nl/drinks/mekong-whisky/,/nl/drinks/mekong-whisky/,/drinks/mekong-whisky/,food-drink,yes,food-drink,template-audit,P2,provisional,Behoud voorlopig; valideer indexatiewaarde en templatekwaliteit per cluster.
nl,https://go2-thailand.com/nl/drinks/sangsom-rum/,/nl/drinks/sangsom-rum/,/drinks/sangsom-rum/,food-drink,yes,food-drink,template-audit,P2,provisional,Behoud voorlopig; valideer indexatiewaarde en templatekwaliteit per cluster.
nl,https://go2-thailand.com/nl/drinks/sato/,/nl/drinks/sato/,/drinks/sato/,food-drink,yes,food-drink,template-audit,P2,provisional,Behoud voorlopig; valideer indexatiewaarde en templatekwaliteit per cluster.
nl,https://go2-thailand.com/nl/drinks/coconut-water/,/nl/drinks/coconut-water/,/drinks/coconut-water/,food-drink,yes,food-drink,template-audit,P2,provisional,Behoud voorlopig; valideer indexatiewaarde en templatekwaliteit per cluster.
nl,https://go2-thailand.com/nl/drinks/sugarcane-juice/,/nl/drinks/sugarcane-juice/,/drinks/sugarcane-juice/,food-drink,yes,food-drink,template-audit,P2,provisional,Behoud voorlopig; valideer indexatiewaarde en templatekwaliteit per cluster.
nl,https://go2-thailand.com/nl/drinks/nam-dok-anchan-manao/,/nl/drinks/nam-dok-anchan-manao/,/drinks/nam-dok-anchan-manao/,food-drink,yes,food-drink,template-audit,P2,provisional,Behoud voorlopig; valideer indexatiewaarde en templatekwaliteit per cluster.
nl,https://go2-thailand.com/nl/drinks/thai-milk-tea/,/nl/drinks/thai-milk-tea/,/drinks/thai-milk-tea/,food-drink,yes,food-drink,template-audit,P2,provisional,Behoud voorlopig; valideer indexatiewaarde en templatekwaliteit per cluster.
nl,https://go2-thailand.com/nl/drinks/ginger-tea/,/nl/drinks/ginger-tea/,/drinks/ginger-tea/,food-drink,yes,food-drink,template-audit,P2,provisional,Behoud voorlopig; valideer indexatiewaarde en templatekwaliteit per cluster.
nl,https://go2-thailand.com/nl/drinks/lemongrass-tea/,/nl/drinks/lemongrass-tea/,/drinks/lemongrass-tea/,food-drink,yes,food-drink,template-audit,P2,provisional,Behoud voorlopig; valideer indexatiewaarde en templatekwaliteit per cluster.
nl,https://go2-thailand.com/nl/drinks/chrysanthemum-tea/,/nl/drinks/chrysanthemum-tea/,/drinks/chrysanthemum-tea/,food-drink,yes,food-drink,template-audit,P2,provisional,Behoud voorlopig; valideer indexatiewaarde en templatekwaliteit per cluster.
nl,https://go2-thailand.com/nl/drinks/sala-syrup-soda/,/nl/drinks/sala-syrup-soda/,/drinks/sala-syrup-soda/,food-drink,yes,food-drink,template-audit,P2,provisional,Behoud voorlopig; valideer indexatiewaarde en templatekwaliteit per cluster.
nl,https://go2-thailand.com/nl/drinks/nam-oy/,/nl/drinks/nam-oy/,/drinks/nam-oy/,food-drink,yes,food-drink,template-audit,P2,provisional,Behoud voorlopig; valideer indexatiewaarde en templatekwaliteit per cluster.
nl,https://go2-thailand.com/nl/drinks/oliang/,/nl/drinks/oliang/,/drinks/oliang/,food-drink,yes,food-drink,template-audit,P2,provisional,Behoud voorlopig; valideer indexatiewaarde en templatekwaliteit per cluster.
nl,https://go2-thailand.com/nl/drinks/nom-yen/,/nl/drinks/nom-yen/,/drinks/nom-yen/,food-drink,yes,food-drink,template-audit,P2,provisional,Behoud voorlopig; valideer indexatiewaarde en templatekwaliteit per cluster.
nl,https://go2-thailand.com/nl/drinks/manao-soda/,/nl/drinks/manao-soda/,/drinks/manao-soda/,food-drink,yes,food-drink,template-audit,P2,provisional,Behoud voorlopig; valideer indexatiewaarde en templatekwaliteit per cluster.
nl,https://go2-thailand.com/nl/region/northern/,/nl/region/northern/,/region/northern/,region,yes,region,template-audit,P2,provisional,Behoud voorlopig; valideer indexatiewaarde en templatekwaliteit per cluster.
nl,https://go2-thailand.com/nl/region/central/,/nl/region/central/,/region/central/,region,yes,region,template-audit,P2,provisional,Behoud voorlopig; valideer indexatiewaarde en templatekwaliteit per cluster.
nl,https://go2-thailand.com/nl/region/southern/,/nl/region/southern/,/region/southern/,region,yes,region,template-audit,P2,provisional,Behoud voorlopig; valideer indexatiewaarde en templatekwaliteit per cluster.
nl,https://go2-thailand.com/nl/region/isaan/,/nl/region/isaan/,/region/isaan/,region,yes,region,template-audit,P2,provisional,Behoud voorlopig; valideer indexatiewaarde en templatekwaliteit per cluster.
nl,https://go2-thailand.com/nl/city/bangkok/,/nl/city/bangkok/,/city/bangkok/,destination-pillar,yes,destination-guide,keep-improve,P1,provisional,Belangrijke destination- of commerciële pagina; locale-specifieke DFS-brief vereist.
nl,https://go2-thailand.com/nl/city/bangkok/food/,/nl/city/bangkok/food/,/city/bangkok/food/,destination-subpillar,yes,destination-subpillar,keep-improve,P1,provisional,Belangrijke destination- of commerciële pagina; locale-specifieke DFS-brief vereist.
nl,https://go2-thailand.com/nl/city/bangkok/attractions/,/nl/city/bangkok/attractions/,/city/bangkok/attractions/,destination-subpillar,yes,destination-subpillar,keep-improve,P1,provisional,Belangrijke destination- of commerciële pagina; locale-specifieke DFS-brief vereist.
nl,https://go2-thailand.com/nl/city/bangkok/weather/,/nl/city/bangkok/weather/,/city/bangkok/weather/,destination-subpillar,yes,destination-subpillar,keep-improve,P1,provisional,Belangrijke destination- of commerciële pagina; locale-specifieke DFS-brief vereist.
nl,https://go2-thailand.com/nl/city/bangkok/best-time-to-visit/,/nl/city/bangkok/best-time-to-visit/,/city/bangkok/best-time-to-visit/,destination-subpillar,yes,destination-subpillar,keep-improve,P1,provisional,Belangrijke destination- of commerciële pagina; locale-specifieke DFS-brief vereist.
nl,https://go2-thailand.com/nl/best-hotels/bangkok/,/nl/best-hotels/bangkok/,/best-hotels/bangkok/,hotel-commercial,yes,hotel-guide,keep-improve,P1,provisional,Belangrijke destination- of commerciële pagina; locale-specifieke DFS-brief vereist.
nl,https://go2-thailand.com/nl/city/chiang-mai/,/nl/city/chiang-mai/,/city/chiang-mai/,destination-pillar,yes,destination-guide,keep-improve,P1,provisional,Belangrijke destination- of commerciële pagina; locale-specifieke DFS-brief vereist.
nl,https://go2-thailand.com/nl/city/chiang-mai/food/,/nl/city/chiang-mai/food/,/city/chiang-mai/food/,destination-subpillar,yes,destination-subpillar,keep-improve,P1,provisional,Belangrijke destination- of commerciële pagina; locale-specifieke DFS-brief vereist.
nl,https://go2-thailand.com/nl/city/chiang-mai/attractions/,/nl/city/chiang-mai/attractions/,/city/chiang-mai/attractions/,destination-subpillar,yes,destination-subpillar,keep-improve,P1,provisional,Belangrijke destination- of commerciële pagina; locale-specifieke DFS-brief vereist.
nl,https://go2-thailand.com/nl/city/chiang-mai/weather/,/nl/city/chiang-mai/weather/,/city/chiang-mai/weather/,destination-subpillar,yes,destination-subpillar,keep-improve,P1,provisional,Belangrijke destination- of commerciële pagina; locale-specifieke DFS-brief vereist.
nl,https://go2-thailand.com/nl/city/chiang-mai/best-time-to-visit/,/nl/city/chiang-mai/best-time-to-visit/,/city/chiang-mai/best-time-to-visit/,destination-subpillar,yes,destination-subpillar,keep-improve,P1,provisional,Belangrijke destination- of commerciële pagina; locale-specifieke DFS-brief vereist.
nl,https://go2-thailand.com/nl/best-hotels/chiang-mai/,/nl/best-hotels/chiang-mai/,/best-hotels/chiang-mai/,hotel-commercial,yes,hotel-guide,keep-improve,P1,provisional,Belangrijke destination- of commerciële pagina; locale-specifieke DFS-brief vereist.
nl,https://go2-thailand.com/nl/city/phuket/,/nl/city/phuket/,/city/phuket/,destination-pillar,yes,destination-guide,keep-improve,P1,provisional,Belangrijke destination- of commerciële pagina; locale-specifieke DFS-brief vereist.
nl,https://go2-thailand.com/nl/city/phuket/food/,/nl/city/phuket/food/,/city/phuket/food/,destination-subpillar,yes,destination-subpillar,keep-improve,P1,provisional,Belangrijke destination- of commerciële pagina; locale-specifieke DFS-brief vereist.
nl,https://go2-thailand.com/nl/city/phuket/attractions/,/nl/city/phuket/attractions/,/city/phuket/attractions/,destination-subpillar,yes,destination-subpillar,keep-improve,P1,provisional,Belangrijke destination- of commerciële pagina; locale-specifieke DFS-brief vereist.
nl,https://go2-thailand.com/nl/city/phuket/weather/,/nl/city/phuket/weather/,/city/phuket/weather/,destination-subpillar,yes,destination-subpillar,keep-improve,P1,provisional,Belangrijke destination- of commerciële pagina; locale-specifieke DFS-brief vereist.
nl,https://go2-thailand.com/nl/city/phuket/best-time-to-visit/,/nl/city/phuket/best-time-to-visit/,/city/phuket/best-time-to-visit/,destination-subpillar,yes,destination-subpillar,keep-improve,P1,provisional,Belangrijke destination- of commerciële pagina; locale-specifieke DFS-brief vereist.
nl,https://go2-thailand.com/nl/best-hotels/phuket/,/nl/best-hotels/phuket/,/best-hotels/phuket/,hotel-commercial,yes,hotel-guide,keep-improve,P1,provisional,Belangrijke destination- of commerciële pagina; locale-specifieke DFS-brief vereist.
nl,https://go2-thailand.com/nl/city/pattaya/,/nl/city/pattaya/,/city/pattaya/,destination-pillar,yes,destination-guide,keep-improve,P1,provisional,Belangrijke destination- of commerciële pagina; locale-specifieke DFS-brief vereist.
nl,https://go2-thailand.com/nl/city/pattaya/food/,/nl/city/pattaya/food/,/city/pattaya/food/,destination-subpillar,yes,destination-subpillar,keep-improve,P1,provisional,Belangrijke destination- of commerciële pagina; locale-specifieke DFS-brief vereist.
nl,https://go2-thailand.com/nl/city/pattaya/attractions/,/nl/city/pattaya/attractions/,/city/pattaya/attractions/,destination-subpillar,yes,destination-subpillar,keep-improve,P1,provisional,Belangrijke destination- of commerciële pagina; locale-specifieke DFS-brief vereist.
nl,https://go2-thailand.com/nl/city/pattaya/weather/,/nl/city/pattaya/weather/,/city/pattaya/weather/,destination-subpillar,yes,destination-subpillar,keep-improve,P1,provisional,Belangrijke destination- of commerciële pagina; locale-specifieke DFS-brief vereist.
nl,https://go2-thailand.com/nl/city/pattaya/best-time-to-visit/,/nl/city/pattaya/best-time-to-visit/,/city/pattaya/best-time-to-visit/,destination-subpillar,yes,destination-subpillar,keep-improve,P1,provisional,Belangrijke destination- of commerciële pagina; locale-specifieke DFS-brief vereist.
nl,https://go2-thailand.com/nl/best-hotels/pattaya/,/nl/best-hotels/pattaya/,/best-hotels/pattaya/,hotel-commercial,yes,hotel-guide,keep-improve,P1,provisional,Belangrijke destination- of commerciële pagina; locale-specifieke DFS-brief vereist.
nl,https://go2-thailand.com/nl/city/ayutthaya/,/nl/city/ayutthaya/,/city/ayutthaya/,destination-pillar,yes,destination-guide,keep-improve,P1,provisional,Belangrijke destination- of commerciële pagina; locale-specifieke DFS-brief vereist.
nl,https://go2-thailand.com/nl/city/ayutthaya/food/,/nl/city/ayutthaya/food/,/city/ayutthaya/food/,destination-subpillar,yes,destination-subpillar,keep-improve,P1,provisional,Belangrijke destination- of commerciële pagina; locale-specifieke DFS-brief vereist.
nl,https://go2-thailand.com/nl/city/ayutthaya/attractions/,/nl/city/ayutthaya/attractions/,/city/ayutthaya/attractions/,destination-subpillar,yes,destination-subpillar,keep-improve,P1,provisional,Belangrijke destination- of commerciële pagina; locale-specifieke DFS-brief vereist.
nl,https://go2-thailand.com/nl/city/ayutthaya/weather/,/nl/city/ayutthaya/weather/,/city/ayutthaya/weather/,destination-subpillar,yes,destination-subpillar,keep-improve,P1,provisional,Belangrijke destination- of commerciële pagina; locale-specifieke DFS-brief vereist.
nl,https://go2-thailand.com/nl/city/ayutthaya/best-time-to-visit/,/nl/city/ayutthaya/best-time-to-visit/,/city/ayutthaya/best-time-to-visit/,destination-subpillar,yes,destination-subpillar,keep-improve,P1,provisional,Belangrijke destination- of commerciële pagina; locale-specifieke DFS-brief vereist.
nl,https://go2-thailand.com/nl/best-hotels/ayutthaya/,/nl/best-hotels/ayutthaya/,/best-hotels/ayutthaya/,hotel-commercial,yes,hotel-guide,keep-improve,P1,provisional,Belangrijke destination- of commerciële pagina; locale-specifieke DFS-brief vereist.
nl,https://go2-thailand.com/nl/city/krabi/,/nl/city/krabi/,/city/krabi/,destination-pillar,yes,destination-guide,keep-improve,P1,provisional,Belangrijke destination- of commerciële pagina; locale-specifieke DFS-brief vereist.
nl,https://go2-thailand.com/nl/city/krabi/food/,/nl/city/krabi/food/,/city/krabi/food/,destination-subpillar,yes,destination-subpillar,keep-improve,P1,provisional,Belangrijke destination- of commerciële pagina; locale-specifieke DFS-brief vereist.
nl,https://go2-thailand.com/nl/city/krabi/attractions/,/nl/city/krabi/attractions/,/city/krabi/attractions/,destination-subpillar,yes,destination-subpillar,keep-improve,P1,provisional,Belangrijke destination- of commerciële pagina; locale-specifieke DFS-brief vereist.
nl,https://go2-thailand.com/nl/city/krabi/weather/,/nl/city/krabi/weather/,/city/krabi/weather/,destination-subpillar,yes,destination-subpillar,keep-improve,P1,provisional,Belangrijke destination- of commerciële pagina; locale-specifieke DFS-brief vereist.
nl,https://go2-thailand.com/nl/city/krabi/best-time-to-visit/,/nl/city/krabi/best-time-to-visit/,/city/krabi/best-time-to-visit/,destination-subpillar,yes,destination-subpillar,keep-improve,P1,provisional,Belangrijke destination- of commerciële pagina; locale-specifieke DFS-brief vereist.
nl,https://go2-thailand.com/nl/best-hotels/krabi/,/nl/best-hotels/krabi/,/best-hotels/krabi/,hotel-commercial,yes,hotel-guide,keep-improve,P1,provisional,Belangrijke destination- of commerciële pagina; locale-specifieke DFS-brief vereist.
nl,https://go2-thailand.com/nl/city/chiang-rai/,/nl/city/chiang-rai/,/city/chiang-rai/,destination-pillar,yes,destination-guide,keep-improve,P1,provisional,Belangrijke destination- of commerciële pagina; locale-specifieke DFS-brief vereist.
nl,https://go2-thailand.com/nl/city/chiang-rai/food/,/nl/city/chiang-rai/food/,/city/chiang-rai/food/,destination-subpillar,yes,destination-subpillar,keep-improve,P1,provisional,Belangrijke destination- of commerciële pagina; locale-specifieke DFS-brief vereist.
nl,https://go2-thailand.com/nl/city/chiang-rai/attractions/,/nl/city/chiang-rai/attractions/,/city/chiang-rai/attractions/,destination-subpillar,yes,destination-subpillar,keep-improve,P1,provisional,Belangrijke destination- of commerciële pagina; locale-specifieke DFS-brief vereist.
nl,https://go2-thailand.com/nl/city/chiang-rai/weather/,/nl/city/chiang-rai/weather/,/city/chiang-rai/weather/,destination-subpillar,yes,destination-subpillar,keep-improve,P1,provisional,Belangrijke destination- of commerciële pagina; locale-specifieke DFS-brief vereist.
nl,https://go2-thailand.com/nl/city/chiang-rai/best-time-to-visit/,/nl/city/chiang-rai/best-time-to-visit/,/city/chiang-rai/best-time-to-visit/,destination-subpillar,yes,destination-subpillar,keep-improve,P1,provisional,Belangrijke destination- of commerciële pagina; locale-specifieke DFS-brief vereist.
nl,https://go2-thailand.com/nl/best-hotels/chiang-rai/,/nl/best-hotels/chiang-rai/,/best-hotels/chiang-rai/,hotel-commercial,yes,hotel-guide,keep-improve,P1,provisional,Belangrijke destination- of commerciële pagina; locale-specifieke DFS-brief vereist.
nl,https://go2-thailand.com/nl/city/hat-yai/,/nl/city/hat-yai/,/city/hat-yai/,destination-pillar,yes,destination-guide,keep-improve,P1,provisional,Belangrijke destination- of commerciële pagina; locale-specifieke DFS-brief vereist.
nl,https://go2-thailand.com/nl/city/hat-yai/food/,/nl/city/hat-yai/food/,/city/hat-yai/food/,destination-subpillar,yes,destination-subpillar,keep-improve,P1,provisional,Belangrijke destination- of commerciële pagina; locale-specifieke DFS-brief vereist.
nl,https://go2-thailand.com/nl/city/hat-yai/attractions/,/nl/city/hat-yai/attractions/,/city/hat-yai/attractions/,destination-subpillar,yes,destination-subpillar,keep-improve,P1,provisional,Belangrijke destination- of commerciële pagina; locale-specifieke DFS-brief vereist.
nl,https://go2-thailand.com/nl/city/hat-yai/weather/,/nl/city/hat-yai/weather/,/city/hat-yai/weather/,destination-subpillar,yes,destination-subpillar,keep-improve,P1,provisional,Belangrijke destination- of commerciële pagina; locale-specifieke DFS-brief vereist.
nl,https://go2-thailand.com/nl/city/hat-yai/best-time-to-visit/,/nl/city/hat-yai/best-time-to-visit/,/city/hat-yai/best-time-to-visit/,destination-subpillar,yes,destination-subpillar,keep-improve,P1,provisional,Belangrijke destination- of commerciële pagina; locale-specifieke DFS-brief vereist.
nl,https://go2-thailand.com/nl/best-hotels/hat-yai/,/nl/best-hotels/hat-yai/,/best-hotels/hat-yai/,hotel-commercial,yes,hotel-guide,keep-improve,P1,provisional,Belangrijke destination- of commerciële pagina; locale-specifieke DFS-brief vereist.
nl,https://go2-thailand.com/nl/city/sukhothai/,/nl/city/sukhothai/,/city/sukhothai/,destination-pillar,yes,destination-guide,keep-improve,P1,provisional,Belangrijke destination- of commerciële pagina; locale-specifieke DFS-brief vereist.
nl,https://go2-thailand.com/nl/city/sukhothai/food/,/nl/city/sukhothai/food/,/city/sukhothai/food/,destination-subpillar,yes,destination-subpillar,keep-improve,P1,provisional,Belangrijke destination- of commerciële pagina; locale-specifieke DFS-brief vereist.
nl,https://go2-thailand.com/nl/city/sukhothai/attractions/,/nl/city/sukhothai/attractions/,/city/sukhothai/attractions/,destination-subpillar,yes,destination-subpillar,keep-improve,P1,provisional,Belangrijke destination- of commerciële pagina; locale-specifieke DFS-brief vereist.
nl,https://go2-thailand.com/nl/city/sukhothai/weather/,/nl/city/sukhothai/weather/,/city/sukhothai/weather/,destination-subpillar,yes,destination-subpillar,keep-improve,P1,provisional,Belangrijke destination- of commerciële pagina; locale-specifieke DFS-brief vereist.
nl,https://go2-thailand.com/nl/city/sukhothai/best-time-to-visit/,/nl/city/sukhothai/best-time-to-visit/,/city/sukhothai/best-time-to-visit/,destination-subpillar,yes,destination-subpillar,keep-improve,P1,provisional,Belangrijke destination- of commerciële pagina; locale-specifieke DFS-brief vereist.
nl,https://go2-thailand.com/nl/best-hotels/sukhothai/,/nl/best-hotels/sukhothai/,/best-hotels/sukhothai/,hotel-commercial,yes,hotel-guide,keep-improve,P1,provisional,Belangrijke destination- of commerciële pagina; locale-specifieke DFS-brief vereist.
nl,https://go2-thailand.com/nl/city/surat-thani/,/nl/city/surat-thani/,/city/surat-thani/,destination-pillar,yes,destination-guide,keep-improve,P1,provisional,Belangrijke destination- of commerciële pagina; locale-specifieke DFS-brief vereist.
nl,https://go2-thailand.com/nl/city/surat-thani/food/,/nl/city/surat-thani/food/,/city/surat-thani/food/,destination-subpillar,yes,destination-subpillar,keep-improve,P1,provisional,Belangrijke destination- of commerciële pagina; locale-specifieke DFS-brief vereist.
nl,https://go2-thailand.com/nl/city/surat-thani/attractions/,/nl/city/surat-thani/attractions/,/city/surat-thani/attractions/,destination-subpillar,yes,destination-subpillar,keep-improve,P1,provisional,Belangrijke destination- of commerciële pagina; locale-specifieke DFS-brief vereist.
nl,https://go2-thailand.com/nl/city/surat-thani/weather/,/nl/city/surat-thani/weather/,/city/surat-thani/weather/,destination-subpillar,yes,destination-subpillar,keep-improve,P1,provisional,Belangrijke destination- of commerciële pagina; locale-specifieke DFS-brief vereist.
nl,https://go2-thailand.com/nl/city/surat-thani/best-time-to-visit/,/nl/city/surat-thani/best-time-to-visit/,/city/surat-thani/best-time-to-visit/,destination-subpillar,yes,destination-subpillar,keep-improve,P1,provisional,Belangrijke destination- of commerciële pagina; locale-specifieke DFS-brief vereist.
nl,https://go2-thailand.com/nl/best-hotels/surat-thani/,/nl/best-hotels/surat-thani/,/best-hotels/surat-thani/,hotel-commercial,yes,hotel-guide,keep-improve,P1,provisional,Belangrijke destination- of commerciële pagina; locale-specifieke DFS-brief vereist.
nl,https://go2-thailand.com/nl/city/pai/,/nl/city/pai/,/city/pai/,destination-pillar,yes,destination-guide,keep-improve,P1,provisional,Belangrijke destination- of commerciële pagina; locale-specifieke DFS-brief vereist.
nl,https://go2-thailand.com/nl/city/pai/food/,/nl/city/pai/food/,/city/pai/food/,destination-subpillar,yes,destination-subpillar,keep-improve,P1,provisional,Belangrijke destination- of commerciële pagina; locale-specifieke DFS-brief vereist.
nl,https://go2-thailand.com/nl/city/pai/attractions/,/nl/city/pai/attractions/,/city/pai/attractions/,destination-subpillar,yes,destination-subpillar,keep-improve,P1,provisional,Belangrijke destination- of commerciële pagina; locale-specifieke DFS-brief vereist.
nl,https://go2-thailand.com/nl/city/pai/weather/,/nl/city/pai/weather/,/city/pai/weather/,destination-subpillar,yes,destination-subpillar,keep-improve,P1,provisional,Belangrijke destination- of commerciële pagina; locale-specifieke DFS-brief vereist.
nl,https://go2-thailand.com/nl/city/pai/best-time-to-visit/,/nl/city/pai/best-time-to-visit/,/city/pai/best-time-to-visit/,destination-subpillar,yes,destination-subpillar,keep-improve,P1,provisional,Belangrijke destination- of commerciële pagina; locale-specifieke DFS-brief vereist.
nl,https://go2-thailand.com/nl/best-hotels/pai/,/nl/best-hotels/pai/,/best-hotels/pai/,hotel-commercial,yes,hotel-guide,keep-improve,P1,provisional,Belangrijke destination- of commerciële pagina; locale-specifieke DFS-brief vereist.
nl,https://go2-thailand.com/nl/city/mae-hong-son/,/nl/city/mae-hong-son/,/city/mae-hong-son/,destination-pillar,yes,destination-guide,keep-improve,P1,provisional,Belangrijke destination- of commerciële pagina; locale-specifieke DFS-brief vereist.
nl,https://go2-thailand.com/nl/city/mae-hong-son/food/,/nl/city/mae-hong-son/food/,/city/mae-hong-son/food/,destination-subpillar,yes,destination-subpillar,keep-improve,P1,provisional,Belangrijke destination- of commerciële pagina; locale-specifieke DFS-brief vereist.
nl,https://go2-thailand.com/nl/city/mae-hong-son/attractions/,/nl/city/mae-hong-son/attractions/,/city/mae-hong-son/attractions/,destination-subpillar,yes,destination-subpillar,keep-improve,P1,provisional,Belangrijke destination- of commerciële pagina; locale-specifieke DFS-brief vereist.
nl,https://go2-thailand.com/nl/city/mae-hong-son/weather/,/nl/city/mae-hong-son/weather/,/city/mae-hong-son/weather/,destination-subpillar,yes,destination-subpillar,keep-improve,P1,provisional,Belangrijke destination- of commerciële pagina; locale-specifieke DFS-brief vereist.
nl,https://go2-thailand.com/nl/city/mae-hong-son/best-time-to-visit/,/nl/city/mae-hong-son/best-time-to-visit/,/city/mae-hong-son/best-time-to-visit/,destination-subpillar,yes,destination-subpillar,keep-improve,P1,provisional,Belangrijke destination- of commerciële pagina; locale-specifieke DFS-brief vereist.
nl,https://go2-thailand.com/nl/best-hotels/mae-hong-son/,/nl/best-hotels/mae-hong-son/,/best-hotels/mae-hong-son/,hotel-commercial,yes,hotel-guide,keep-improve,P1,provisional,Belangrijke destination- of commerciële pagina; locale-specifieke DFS-brief vereist.
nl,https://go2-thailand.com/nl/city/lampang/,/nl/city/lampang/,/city/lampang/,destination-pillar,yes,destination-guide,keep-improve,P1,provisional,Belangrijke destination- of commerciële pagina; locale-specifieke DFS-brief vereist.
nl,https://go2-thailand.com/nl/city/lampang/food/,/nl/city/lampang/food/,/city/lampang/food/,destination-subpillar,yes,destination-subpillar,keep-improve,P1,provisional,Belangrijke destination- of commerciële pagina; locale-specifieke DFS-brief vereist.
nl,https://go2-thailand.com/nl/city/lampang/attractions/,/nl/city/lampang/attractions/,/city/lampang/attractions/,destination-subpillar,yes,destination-subpillar,keep-improve,P1,provisional,Belangrijke destination- of commerciële pagina; locale-specifieke DFS-brief vereist.
nl,https://go2-thailand.com/nl/city/lampang/weather/,/nl/city/lampang/weather/,/city/lampang/weather/,destination-subpillar,yes,destination-subpillar,keep-improve,P1,provisional,Belangrijke destination- of commerciële pagina; locale-specifieke DFS-brief vereist.
nl,https://go2-thailand.com/nl/city/lampang/best-time-to-visit/,/nl/city/lampang/best-time-to-visit/,/city/lampang/best-time-to-visit/,destination-subpillar,yes,destination-subpillar,keep-improve,P1,provisional,Belangrijke destination- of commerciële pagina; locale-specifieke DFS-brief vereist.
nl,https://go2-thailand.com/nl/best-hotels/lampang/,/nl/best-hotels/lampang/,/best-hotels/lampang/,hotel-commercial,yes,hotel-guide,keep-improve,P1,provisional,Belangrijke destination- of commerciële pagina; locale-specifieke DFS-brief vereist.
nl,https://go2-thailand.com/nl/city/khon-kaen/,/nl/city/khon-kaen/,/city/khon-kaen/,destination-pillar,yes,destination-guide,keep-improve,P1,provisional,Belangrijke destination- of commerciële pagina; locale-specifieke DFS-brief vereist.
nl,https://go2-thailand.com/nl/city/khon-kaen/food/,/nl/city/khon-kaen/food/,/city/khon-kaen/food/,destination-subpillar,yes,destination-subpillar,keep-improve,P1,provisional,Belangrijke destination- of commerciële pagina; locale-specifieke DFS-brief vereist.
nl,https://go2-thailand.com/nl/city/khon-kaen/attractions/,/nl/city/khon-kaen/attractions/,/city/khon-kaen/attractions/,destination-subpillar,yes,destination-subpillar,keep-improve,P1,provisional,Belangrijke destination- of commerciële pagina; locale-specifieke DFS-brief vereist.
nl,https://go2-thailand.com/nl/city/khon-kaen/weather/,/nl/city/khon-kaen/weather/,/city/khon-kaen/weather/,destination-subpillar,yes,destination-subpillar,keep-improve,P1,provisional,Belangrijke destination- of commerciële pagina; locale-specifieke DFS-brief vereist.
nl,https://go2-thailand.com/nl/city/khon-kaen/best-time-to-visit/,/nl/city/khon-kaen/best-time-to-visit/,/city/khon-kaen/best-time-to-visit/,destination-subpillar,yes,destination-subpillar,keep-improve,P1,provisional,Belangrijke destination- of commerciële pagina; locale-specifieke DFS-brief vereist.
nl,https://go2-thailand.com/nl/best-hotels/khon-kaen/,/nl/best-hotels/khon-kaen/,/best-hotels/khon-kaen/,hotel-commercial,yes,hotel-guide,keep-improve,P1,provisional,Belangrijke destination- of commerciële pagina; locale-specifieke DFS-brief vereist.
nl,https://go2-thailand.com/nl/city/udon-thani/,/nl/city/udon-thani/,/city/udon-thani/,destination-pillar,yes,destination-guide,keep-improve,P1,provisional,Belangrijke destination- of commerciële pagina; locale-specifieke DFS-brief vereist.
nl,https://go2-thailand.com/nl/city/udon-thani/food/,/nl/city/udon-thani/food/,/city/udon-thani/food/,destination-subpillar,yes,destination-subpillar,keep-improve,P1,provisional,Belangrijke destination- of commerciële pagina; locale-specifieke DFS-brief vereist.
nl,https://go2-thailand.com/nl/city/udon-thani/attractions/,/nl/city/udon-thani/attractions/,/city/udon-thani/attractions/,destination-subpillar,yes,destination-subpillar,keep-improve,P1,provisional,Belangrijke destination- of commerciële pagina; locale-specifieke DFS-brief vereist.
nl,https://go2-thailand.com/nl/city/udon-thani/weather/,/nl/city/udon-thani/weather/,/city/udon-thani/weather/,destination-subpillar,yes,destination-subpillar,keep-improve,P1,provisional,Belangrijke destination- of commerciële pagina; locale-specifieke DFS-brief vereist.
nl,https://go2-thailand.com/nl/city/udon-thani/best-time-to-visit/,/nl/city/udon-thani/best-time-to-visit/,/city/udon-thani/best-time-to-visit/,destination-subpillar,yes,destination-subpillar,keep-improve,P1,provisional,Belangrijke destination- of commerciële pagina; locale-specifieke DFS-brief vereist.
nl,https://go2-thailand.com/nl/best-hotels/udon-thani/,/nl/best-hotels/udon-thani/,/best-hotels/udon-thani/,hotel-commercial,yes,hotel-guide,keep-improve,P1,provisional,Belangrijke destination- of commerciële pagina; locale-specifieke DFS-brief vereist.
nl,https://go2-thailand.com/nl/city/nakhon-ratchasima/,/nl/city/nakhon-ratchasima/,/city/nakhon-ratchasima/,destination-pillar,yes,destination-guide,keep-improve,P1,provisional,Belangrijke destination- of commerciële pagina; locale-specifieke DFS-brief vereist.
nl,https://go2-thailand.com/nl/city/nakhon-ratchasima/food/,/nl/city/nakhon-ratchasima/food/,/city/nakhon-ratchasima/food/,destination-subpillar,yes,destination-subpillar,keep-improve,P1,provisional,Belangrijke destination- of commerciële pagina; locale-specifieke DFS-brief vereist.
nl,https://go2-thailand.com/nl/city/nakhon-ratchasima/attractions/,/nl/city/nakhon-ratchasima/attractions/,/city/nakhon-ratchasima/attractions/,destination-subpillar,yes,destination-subpillar,keep-improve,P1,provisional,Belangrijke destination- of commerciële pagina; locale-specifieke DFS-brief vereist.
nl,https://go2-thailand.com/nl/city/nakhon-ratchasima/weather/,/nl/city/nakhon-ratchasima/weather/,/city/nakhon-ratchasima/weather/,destination-subpillar,yes,destination-subpillar,keep-improve,P1,provisional,Belangrijke destination- of commerciële pagina; locale-specifieke DFS-brief vereist.
nl,https://go2-thailand.com/nl/city/nakhon-ratchasima/best-time-to-visit/,/nl/city/nakhon-ratchasima/best-time-to-visit/,/city/nakhon-ratchasima/best-time-to-visit/,destination-subpillar,yes,destination-subpillar,keep-improve,P1,provisional,Belangrijke destination- of commerciële pagina; locale-specifieke DFS-brief vereist.
nl,https://go2-thailand.com/nl/best-hotels/nakhon-ratchasima/,/nl/best-hotels/nakhon-ratchasima/,/best-hotels/nakhon-ratchasima/,hotel-commercial,yes,hotel-guide,keep-improve,P1,provisional,Belangrijke destination- of commerciële pagina; locale-specifieke DFS-brief vereist.
nl,https://go2-thailand.com/nl/city/ubon-ratchathani/,/nl/city/ubon-ratchathani/,/city/ubon-ratchathani/,destination-pillar,yes,destination-guide,keep-improve,P1,provisional,Belangrijke destination- of commerciële pagina; locale-specifieke DFS-brief vereist.
nl,https://go2-thailand.com/nl/city/ubon-ratchathani/food/,/nl/city/ubon-ratchathani/food/,/city/ubon-ratchathani/food/,destination-subpillar,yes,destination-subpillar,keep-improve,P1,provisional,Belangrijke destination- of commerciële pagina; locale-specifieke DFS-brief vereist.
nl,https://go2-thailand.com/nl/city/ubon-ratchathani/attractions/,/nl/city/ubon-ratchathani/attractions/,/city/ubon-ratchathani/attractions/,destination-subpillar,yes,destination-subpillar,keep-improve,P1,provisional,Belangrijke destination- of commerciële pagina; locale-specifieke DFS-brief vereist.
nl,https://go2-thailand.com/nl/city/ubon-ratchathani/weather/,/nl/city/ubon-ratchathani/weather/,/city/ubon-ratchathani/weather/,destination-subpillar,yes,destination-subpillar,keep-improve,P1,provisional,Belangrijke destination- of commerciële pagina; locale-specifieke DFS-brief vereist.
nl,https://go2-thailand.com/nl/city/ubon-ratchathani/best-time-to-visit/,/nl/city/ubon-ratchathani/best-time-to-visit/,/city/ubon-ratchathani/best-time-to-visit/,destination-subpillar,yes,destination-subpillar,keep-improve,P1,provisional,Belangrijke destination- of commerciële pagina; locale-specifieke DFS-brief vereist.
nl,https://go2-thailand.com/nl/best-hotels/ubon-ratchathani/,/nl/best-hotels/ubon-ratchathani/,/best-hotels/ubon-ratchathani/,hotel-commercial,yes,hotel-guide,keep-improve,P1,provisional,Belangrijke destination- of commerciële pagina; locale-specifieke DFS-brief vereist.
nl,https://go2-thailand.com/nl/city/kanchanaburi/,/nl/city/kanchanaburi/,/city/kanchanaburi/,destination-pillar,yes,destination-guide,keep-improve,P1,provisional,Belangrijke destination- of commerciële pagina; locale-specifieke DFS-brief vereist.
nl,https://go2-thailand.com/nl/city/kanchanaburi/food/,/nl/city/kanchanaburi/food/,/city/kanchanaburi/food/,destination-subpillar,yes,destination-subpillar,keep-improve,P1,provisional,Belangrijke destination- of commerciële pagina; locale-specifieke DFS-brief vereist.
nl,https://go2-thailand.com/nl/city/kanchanaburi/attractions/,/nl/city/kanchanaburi/attractions/,/city/kanchanaburi/attractions/,destination-subpillar,yes,destination-subpillar,keep-improve,P1,provisional,Belangrijke destination- of commerciële pagina; locale-specifieke DFS-brief vereist.
nl,https://go2-thailand.com/nl/city/kanchanaburi/weather/,/nl/city/kanchanaburi/weather/,/city/kanchanaburi/weather/,destination-subpillar,yes,destination-subpillar,keep-improve,P1,provisional,Belangrijke destination- of commerciële pagina; locale-specifieke DFS-brief vereist.
nl,https://go2-thailand.com/nl/city/kanchanaburi/best-time-to-visit/,/nl/city/kanchanaburi/best-time-to-visit/,/city/kanchanaburi/best-time-to-visit/,destination-subpillar,yes,destination-subpillar,keep-improve,P1,provisional,Belangrijke destination- of commerciële pagina; locale-specifieke DFS-brief vereist.
nl,https://go2-thailand.com/nl/best-hotels/kanchanaburi/,/nl/best-hotels/kanchanaburi/,/best-hotels/kanchanaburi/,hotel-commercial,yes,hotel-guide,keep-improve,P1,provisional,Belangrijke destination- of commerciële pagina; locale-specifieke DFS-brief vereist.
nl,https://go2-thailand.com/nl/city/hua-hin/,/nl/city/hua-hin/,/city/hua-hin/,destination-pillar,yes,destination-guide,keep-improve,P1,provisional,Belangrijke destination- of commerciële pagina; locale-specifieke DFS-brief vereist.
nl,https://go2-thailand.com/nl/city/hua-hin/food/,/nl/city/hua-hin/food/,/city/hua-hin/food/,destination-subpillar,yes,destination-subpillar,keep-improve,P1,provisional,Belangrijke destination- of commerciële pagina; locale-specifieke DFS-brief vereist.
nl,https://go2-thailand.com/nl/city/hua-hin/attractions/,/nl/city/hua-hin/attractions/,/city/hua-hin/attractions/,destination-subpillar,yes,destination-subpillar,keep-improve,P1,provisional,Belangrijke destination- of commerciële pagina; locale-specifieke DFS-brief vereist.
nl,https://go2-thailand.com/nl/city/hua-hin/weather/,/nl/city/hua-hin/weather/,/city/hua-hin/weather/,destination-subpillar,yes,destination-subpillar,keep-improve,P1,provisional,Belangrijke destination- of commerciële pagina; locale-specifieke DFS-brief vereist.
nl,https://go2-thailand.com/nl/city/hua-hin/best-time-to-visit/,/nl/city/hua-hin/best-time-to-visit/,/city/hua-hin/best-time-to-visit/,destination-subpillar,yes,destination-subpillar,keep-improve,P1,provisional,Belangrijke destination- of commerciële pagina; locale-specifieke DFS-brief vereist.
nl,https://go2-thailand.com/nl/best-hotels/hua-hin/,/nl/best-hotels/hua-hin/,/best-hotels/hua-hin/,hotel-commercial,yes,hotel-guide,keep-improve,P1,provisional,Belangrijke destination- of commerciële pagina; locale-specifieke DFS-brief vereist.
nl,https://go2-thailand.com/nl/city/lopburi/,/nl/city/lopburi/,/city/lopburi/,destination-pillar,yes,destination-guide,keep-improve,P1,provisional,Belangrijke destination- of commerciële pagina; locale-specifieke DFS-brief vereist.
nl,https://go2-thailand.com/nl/city/lopburi/food/,/nl/city/lopburi/food/,/city/lopburi/food/,destination-subpillar,yes,destination-subpillar,keep-improve,P1,provisional,Belangrijke destination- of commerciële pagina; locale-specifieke DFS-brief vereist.
nl,https://go2-thailand.com/nl/city/lopburi/attractions/,/nl/city/lopburi/attractions/,/city/lopburi/attractions/,destination-subpillar,yes,destination-subpillar,keep-improve,P1,provisional,Belangrijke destination- of commerciële pagina; locale-specifieke DFS-brief vereist.
nl,https://go2-thailand.com/nl/city/lopburi/weather/,/nl/city/lopburi/weather/,/city/lopburi/weather/,destination-subpillar,yes,destination-subpillar,keep-improve,P1,provisional,Belangrijke destination- of commerciële pagina; locale-specifieke DFS-brief vereist.
nl,https://go2-thailand.com/nl/city/lopburi/best-time-to-visit/,/nl/city/lopburi/best-time-to-visit/,/city/lopburi/best-time-to-visit/,destination-subpillar,yes,destination-subpillar,keep-improve,P1,provisional,Belangrijke destination- of commerciële pagina; locale-specifieke DFS-brief vereist.
nl,https://go2-thailand.com/nl/best-hotels/lopburi/,/nl/best-hotels/lopburi/,/best-hotels/lopburi/,hotel-commercial,yes,hotel-guide,keep-improve,P1,provisional,Belangrijke destination- of commerciële pagina; locale-specifieke DFS-brief vereist.
nl,https://go2-thailand.com/nl/city/phitsanulok/,/nl/city/phitsanulok/,/city/phitsanulok/,destination-pillar,yes,destination-guide,keep-improve,P1,provisional,Belangrijke destination- of commerciële pagina; locale-specifieke DFS-brief vereist.
nl,https://go2-thailand.com/nl/city/phitsanulok/food/,/nl/city/phitsanulok/food/,/city/phitsanulok/food/,destination-subpillar,yes,destination-subpillar,keep-improve,P1,provisional,Belangrijke destination- of commerciële pagina; locale-specifieke DFS-brief vereist.
nl,https://go2-thailand.com/nl/city/phitsanulok/attractions/,/nl/city/phitsanulok/attractions/,/city/phitsanulok/attractions/,destination-subpillar,yes,destination-subpillar,keep-improve,P1,provisional,Belangrijke destination- of commerciële pagina; locale-specifieke DFS-brief vereist.
nl,https://go2-thailand.com/nl/city/phitsanulok/weather/,/nl/city/phitsanulok/weather/,/city/phitsanulok/weather/,destination-subpillar,yes,destination-subpillar,keep-improve,P1,provisional,Belangrijke destination- of commerciële pagina; locale-specifieke DFS-brief vereist.
nl,https://go2-thailand.com/nl/city/phitsanulok/best-time-to-visit/,/nl/city/phitsanulok/best-time-to-visit/,/city/phitsanulok/best-time-to-visit/,destination-subpillar,yes,destination-subpillar,keep-improve,P1,provisional,Belangrijke destination- of commerciële pagina; locale-specifieke DFS-brief vereist.
nl,https://go2-thailand.com/nl/best-hotels/phitsanulok/,/nl/best-hotels/phitsanulok/,/best-hotels/phitsanulok/,hotel-commercial,yes,hotel-guide,keep-improve,P1,provisional,Belangrijke destination- of commerciële pagina; locale-specifieke DFS-brief vereist.
nl,https://go2-thailand.com/nl/city/trat/,/nl/city/trat/,/city/trat/,destination-pillar,yes,destination-guide,keep-improve,P1,provisional,Belangrijke destination- of commerciële pagina; locale-specifieke DFS-brief vereist.
nl,https://go2-thailand.com/nl/city/trat/food/,/nl/city/trat/food/,/city/trat/food/,destination-subpillar,yes,destination-subpillar,keep-improve,P1,provisional,Belangrijke destination- of commerciële pagina; locale-specifieke DFS-brief vereist.
nl,https://go2-thailand.com/nl/city/trat/attractions/,/nl/city/trat/attractions/,/city/trat/attractions/,destination-subpillar,yes,destination-subpillar,keep-improve,P1,provisional,Belangrijke destination- of commerciële pagina; locale-specifieke DFS-brief vereist.
nl,https://go2-thailand.com/nl/city/trat/weather/,/nl/city/trat/weather/,/city/trat/weather/,destination-subpillar,yes,destination-subpillar,keep-improve,P1,provisional,Belangrijke destination- of commerciële pagina; locale-specifieke DFS-brief vereist.
nl,https://go2-thailand.com/nl/city/trat/best-time-to-visit/,/nl/city/trat/best-time-to-visit/,/city/trat/best-time-to-visit/,destination-subpillar,yes,destination-subpillar,keep-improve,P1,provisional,Belangrijke destination- of commerciële pagina; locale-specifieke DFS-brief vereist.
nl,https://go2-thailand.com/nl/best-hotels/trat/,/nl/best-hotels/trat/,/best-hotels/trat/,hotel-commercial,yes,hotel-guide,keep-improve,P1,provisional,Belangrijke destination- of commerciële pagina; locale-specifieke DFS-brief vereist.
nl,https://go2-thailand.com/nl/city/rayong/,/nl/city/rayong/,/city/rayong/,destination-pillar,yes,destination-guide,keep-improve,P1,provisional,Belangrijke destination- of commerciële pagina; locale-specifieke DFS-brief vereist.
nl,https://go2-thailand.com/nl/city/rayong/food/,/nl/city/rayong/food/,/city/rayong/food/,destination-subpillar,yes,destination-subpillar,keep-improve,P1,provisional,Belangrijke destination- of commerciële pagina; locale-specifieke DFS-brief vereist.
nl,https://go2-thailand.com/nl/city/rayong/attractions/,/nl/city/rayong/attractions/,/city/rayong/attractions/,destination-subpillar,yes,destination-subpillar,keep-improve,P1,provisional,Belangrijke destination- of commerciële pagina; locale-specifieke DFS-brief vereist.
nl,https://go2-thailand.com/nl/city/rayong/weather/,/nl/city/rayong/weather/,/city/rayong/weather/,destination-subpillar,yes,destination-subpillar,keep-improve,P1,provisional,Belangrijke destination- of commerciële pagina; locale-specifieke DFS-brief vereist.
nl,https://go2-thailand.com/nl/city/rayong/best-time-to-visit/,/nl/city/rayong/best-time-to-visit/,/city/rayong/best-time-to-visit/,destination-subpillar,yes,destination-subpillar,keep-improve,P1,provisional,Belangrijke destination- of commerciële pagina; locale-specifieke DFS-brief vereist.
nl,https://go2-thailand.com/nl/best-hotels/rayong/,/nl/best-hotels/rayong/,/best-hotels/rayong/,hotel-commercial,yes,hotel-guide,keep-improve,P1,provisional,Belangrijke destination- of commerciële pagina; locale-specifieke DFS-brief vereist.
nl,https://go2-thailand.com/nl/city/koh-samui/,/nl/city/koh-samui/,/city/koh-samui/,destination-pillar,yes,destination-guide,keep-improve,P1,provisional,Belangrijke destination- of commerciële pagina; locale-specifieke DFS-brief vereist.
nl,https://go2-thailand.com/nl/city/koh-samui/food/,/nl/city/koh-samui/food/,/city/koh-samui/food/,destination-subpillar,yes,destination-subpillar,keep-improve,P1,provisional,Belangrijke destination- of commerciële pagina; locale-specifieke DFS-brief vereist.
nl,https://go2-thailand.com/nl/city/koh-samui/attractions/,/nl/city/koh-samui/attractions/,/city/koh-samui/attractions/,destination-subpillar,yes,destination-subpillar,keep-improve,P1,provisional,Belangrijke destination- of commerciële pagina; locale-specifieke DFS-brief vereist.
nl,https://go2-thailand.com/nl/city/koh-samui/weather/,/nl/city/koh-samui/weather/,/city/koh-samui/weather/,destination-subpillar,yes,destination-subpillar,keep-improve,P1,provisional,Belangrijke destination- of commerciële pagina; locale-specifieke DFS-brief vereist.
nl,https://go2-thailand.com/nl/city/koh-samui/best-time-to-visit/,/nl/city/koh-samui/best-time-to-visit/,/city/koh-samui/best-time-to-visit/,destination-subpillar,yes,destination-subpillar,keep-improve,P1,provisional,Belangrijke destination- of commerciële pagina; locale-specifieke DFS-brief vereist.
nl,https://go2-thailand.com/nl/best-hotels/koh-samui/,/nl/best-hotels/koh-samui/,/best-hotels/koh-samui/,hotel-commercial,yes,hotel-guide,keep-improve,P1,provisional,Belangrijke destination- of commerciële pagina; locale-specifieke DFS-brief vereist.
nl,https://go2-thailand.com/nl/city/nakhon-si-thammarat/,/nl/city/nakhon-si-thammarat/,/city/nakhon-si-thammarat/,destination-pillar,yes,destination-guide,keep-improve,P1,provisional,Belangrijke destination- of commerciële pagina; locale-specifieke DFS-brief vereist.
nl,https://go2-thailand.com/nl/city/nakhon-si-thammarat/food/,/nl/city/nakhon-si-thammarat/food/,/city/nakhon-si-thammarat/food/,destination-subpillar,yes,destination-subpillar,keep-improve,P1,provisional,Belangrijke destination- of commerciële pagina; locale-specifieke DFS-brief vereist.
nl,https://go2-thailand.com/nl/city/nakhon-si-thammarat/attractions/,/nl/city/nakhon-si-thammarat/attractions/,/city/nakhon-si-thammarat/attractions/,destination-subpillar,yes,destination-subpillar,keep-improve,P1,provisional,Belangrijke destination- of commerciële pagina; locale-specifieke DFS-brief vereist.
nl,https://go2-thailand.com/nl/city/nakhon-si-thammarat/weather/,/nl/city/nakhon-si-thammarat/weather/,/city/nakhon-si-thammarat/weather/,destination-subpillar,yes,destination-subpillar,keep-improve,P1,provisional,Belangrijke destination- of commerciële pagina; locale-specifieke DFS-brief vereist.
nl,https://go2-thailand.com/nl/city/nakhon-si-thammarat/best-time-to-visit/,/nl/city/nakhon-si-thammarat/best-time-to-visit/,/city/nakhon-si-thammarat/best-time-to-visit/,destination-subpillar,yes,destination-subpillar,keep-improve,P1,provisional,Belangrijke destination- of commerciële pagina; locale-specifieke DFS-brief vereist.
nl,https://go2-thailand.com/nl/best-hotels/nakhon-si-thammarat/,/nl/best-hotels/nakhon-si-thammarat/,/best-hotels/nakhon-si-thammarat/,hotel-commercial,yes,hotel-guide,keep-improve,P1,provisional,Belangrijke destination- of commerciële pagina; locale-specifieke DFS-brief vereist.
nl,https://go2-thailand.com/nl/city/trang/,/nl/city/trang/,/city/trang/,destination-pillar,yes,destination-guide,keep-improve,P1,provisional,Belangrijke destination- of commerciële pagina; locale-specifieke DFS-brief vereist.
nl,https://go2-thailand.com/nl/city/trang/food/,/nl/city/trang/food/,/city/trang/food/,destination-subpillar,yes,destination-subpillar,keep-improve,P1,provisional,Belangrijke destination- of commerciële pagina; locale-specifieke DFS-brief vereist.
nl,https://go2-thailand.com/nl/city/trang/attractions/,/nl/city/trang/attractions/,/city/trang/attractions/,destination-subpillar,yes,destination-subpillar,keep-improve,P1,provisional,Belangrijke destination- of commerciële pagina; locale-specifieke DFS-brief vereist.
nl,https://go2-thailand.com/nl/city/trang/weather/,/nl/city/trang/weather/,/city/trang/weather/,destination-subpillar,yes,destination-subpillar,keep-improve,P1,provisional,Belangrijke destination- of commerciële pagina; locale-specifieke DFS-brief vereist.
nl,https://go2-thailand.com/nl/city/trang/best-time-to-visit/,/nl/city/trang/best-time-to-visit/,/city/trang/best-time-to-visit/,destination-subpillar,yes,destination-subpillar,keep-improve,P1,provisional,Belangrijke destination- of commerciële pagina; locale-specifieke DFS-brief vereist.
nl,https://go2-thailand.com/nl/best-hotels/trang/,/nl/best-hotels/trang/,/best-hotels/trang/,hotel-commercial,yes,hotel-guide,keep-improve,P1,provisional,Belangrijke destination- of commerciële pagina; locale-specifieke DFS-brief vereist.
nl,https://go2-thailand.com/nl/city/chumphon/,/nl/city/chumphon/,/city/chumphon/,destination-pillar,yes,destination-guide,keep-improve,P1,provisional,Belangrijke destination- of commerciële pagina; locale-specifieke DFS-brief vereist.
nl,https://go2-thailand.com/nl/city/chumphon/food/,/nl/city/chumphon/food/,/city/chumphon/food/,destination-subpillar,yes,destination-subpillar,keep-improve,P1,provisional,Belangrijke destination- of commerciële pagina; locale-specifieke DFS-brief vereist.
nl,https://go2-thailand.com/nl/city/chumphon/attractions/,/nl/city/chumphon/attractions/,/city/chumphon/attractions/,destination-subpillar,yes,destination-subpillar,keep-improve,P1,provisional,Belangrijke destination- of commerciële pagina; locale-specifieke DFS-brief vereist.
nl,https://go2-thailand.com/nl/city/chumphon/weather/,/nl/city/chumphon/weather/,/city/chumphon/weather/,destination-subpillar,yes,destination-subpillar,keep-improve,P1,provisional,Belangrijke destination- of commerciële pagina; locale-specifieke DFS-brief vereist.
nl,https://go2-thailand.com/nl/city/chumphon/best-time-to-visit/,/nl/city/chumphon/best-time-to-visit/,/city/chumphon/best-time-to-visit/,destination-subpillar,yes,destination-subpillar,keep-improve,P1,provisional,Belangrijke destination- of commerciële pagina; locale-specifieke DFS-brief vereist.
nl,https://go2-thailand.com/nl/best-hotels/chumphon/,/nl/best-hotels/chumphon/,/best-hotels/chumphon/,hotel-commercial,yes,hotel-guide,keep-improve,P1,provisional,Belangrijke destination- of commerciële pagina; locale-specifieke DFS-brief vereist.
nl,https://go2-thailand.com/nl/city/chanthaburi/,/nl/city/chanthaburi/,/city/chanthaburi/,destination-pillar,yes,destination-guide,keep-improve,P1,provisional,Belangrijke destination- of commerciële pagina; locale-specifieke DFS-brief vereist.
nl,https://go2-thailand.com/nl/city/chanthaburi/food/,/nl/city/chanthaburi/food/,/city/chanthaburi/food/,destination-subpillar,yes,destination-subpillar,keep-improve,P1,provisional,Belangrijke destination- of commerciële pagina; locale-specifieke DFS-brief vereist.
nl,https://go2-thailand.com/nl/city/chanthaburi/attractions/,/nl/city/chanthaburi/attractions/,/city/chanthaburi/attractions/,destination-subpillar,yes,destination-subpillar,keep-improve,P1,provisional,Belangrijke destination- of commerciële pagina; locale-specifieke DFS-brief vereist.
nl,https://go2-thailand.com/nl/city/chanthaburi/weather/,/nl/city/chanthaburi/weather/,/city/chanthaburi/weather/,destination-subpillar,yes,destination-subpillar,keep-improve,P1,provisional,Belangrijke destination- of commerciële pagina; locale-specifieke DFS-brief vereist.
nl,https://go2-thailand.com/nl/city/chanthaburi/best-time-to-visit/,/nl/city/chanthaburi/best-time-to-visit/,/city/chanthaburi/best-time-to-visit/,destination-subpillar,yes,destination-subpillar,keep-improve,P1,provisional,Belangrijke destination- of commerciële pagina; locale-specifieke DFS-brief vereist.
nl,https://go2-thailand.com/nl/best-hotels/chanthaburi/,/nl/best-hotels/chanthaburi/,/best-hotels/chanthaburi/,hotel-commercial,yes,hotel-guide,keep-improve,P1,provisional,Belangrijke destination- of commerciële pagina; locale-specifieke DFS-brief vereist.
nl,https://go2-thailand.com/nl/city/chiang-khan/,/nl/city/chiang-khan/,/city/chiang-khan/,destination-pillar,yes,destination-guide,keep-improve,P1,provisional,Belangrijke destination- of commerciële pagina; locale-specifieke DFS-brief vereist.
nl,https://go2-thailand.com/nl/city/chiang-khan/food/,/nl/city/chiang-khan/food/,/city/chiang-khan/food/,destination-subpillar,yes,destination-subpillar,keep-improve,P1,provisional,Belangrijke destination- of commerciële pagina; locale-specifieke DFS-brief vereist.
nl,https://go2-thailand.com/nl/city/chiang-khan/attractions/,/nl/city/chiang-khan/attractions/,/city/chiang-khan/attractions/,destination-subpillar,yes,destination-subpillar,keep-improve,P1,provisional,Belangrijke destination- of commerciële pagina; locale-specifieke DFS-brief vereist.
nl,https://go2-thailand.com/nl/city/chiang-khan/weather/,/nl/city/chiang-khan/weather/,/city/chiang-khan/weather/,destination-subpillar,yes,destination-subpillar,keep-improve,P1,provisional,Belangrijke destination- of commerciële pagina; locale-specifieke DFS-brief vereist.
nl,https://go2-thailand.com/nl/city/chiang-khan/best-time-to-visit/,/nl/city/chiang-khan/best-time-to-visit/,/city/chiang-khan/best-time-to-visit/,destination-subpillar,yes,destination-subpillar,keep-improve,P1,provisional,Belangrijke destination- of commerciële pagina; locale-specifieke DFS-brief vereist.
nl,https://go2-thailand.com/nl/best-hotels/chiang-khan/,/nl/best-hotels/chiang-khan/,/best-hotels/chiang-khan/,hotel-commercial,yes,hotel-guide,keep-improve,P1,provisional,Belangrijke destination- of commerciële pagina; locale-specifieke DFS-brief vereist.
nl,https://go2-thailand.com/nl/city/nong-khai/,/nl/city/nong-khai/,/city/nong-khai/,destination-pillar,yes,destination-guide,keep-improve,P1,provisional,Belangrijke destination- of commerciële pagina; locale-specifieke DFS-brief vereist.
nl,https://go2-thailand.com/nl/city/nong-khai/food/,/nl/city/nong-khai/food/,/city/nong-khai/food/,destination-subpillar,yes,destination-subpillar,keep-improve,P1,provisional,Belangrijke destination- of commerciële pagina; locale-specifieke DFS-brief vereist.
nl,https://go2-thailand.com/nl/city/nong-khai/attractions/,/nl/city/nong-khai/attractions/,/city/nong-khai/attractions/,destination-subpillar,yes,destination-subpillar,keep-improve,P1,provisional,Belangrijke destination- of commerciële pagina; locale-specifieke DFS-brief vereist.
nl,https://go2-thailand.com/nl/city/nong-khai/weather/,/nl/city/nong-khai/weather/,/city/nong-khai/weather/,destination-subpillar,yes,destination-subpillar,keep-improve,P1,provisional,Belangrijke destination- of commerciële pagina; locale-specifieke DFS-brief vereist.
nl,https://go2-thailand.com/nl/city/nong-khai/best-time-to-visit/,/nl/city/nong-khai/best-time-to-visit/,/city/nong-khai/best-time-to-visit/,destination-subpillar,yes,destination-subpillar,keep-improve,P1,provisional,Belangrijke destination- of commerciële pagina; locale-specifieke DFS-brief vereist.
nl,https://go2-thailand.com/nl/best-hotels/nong-khai/,/nl/best-hotels/nong-khai/,/best-hotels/nong-khai/,hotel-commercial,yes,hotel-guide,keep-improve,P1,provisional,Belangrijke destination- of commerciële pagina; locale-specifieke DFS-brief vereist.
nl,https://go2-thailand.com/nl/city/bueng-kan/,/nl/city/bueng-kan/,/city/bueng-kan/,destination-pillar,yes,destination-guide,keep-improve,P1,provisional,Belangrijke destination- of commerciële pagina; locale-specifieke DFS-brief vereist.
nl,https://go2-thailand.com/nl/city/bueng-kan/food/,/nl/city/bueng-kan/food/,/city/bueng-kan/food/,destination-subpillar,yes,destination-subpillar,keep-improve,P1,provisional,Belangrijke destination- of commerciële pagina; locale-specifieke DFS-brief vereist.
nl,https://go2-thailand.com/nl/city/bueng-kan/attractions/,/nl/city/bueng-kan/attractions/,/city/bueng-kan/attractions/,destination-subpillar,yes,destination-subpillar,keep-improve,P1,provisional,Belangrijke destination- of commerciële pagina; locale-specifieke DFS-brief vereist.
nl,https://go2-thailand.com/nl/city/bueng-kan/weather/,/nl/city/bueng-kan/weather/,/city/bueng-kan/weather/,destination-subpillar,yes,destination-subpillar,keep-improve,P1,provisional,Belangrijke destination- of commerciële pagina; locale-specifieke DFS-brief vereist.
nl,https://go2-thailand.com/nl/city/bueng-kan/best-time-to-visit/,/nl/city/bueng-kan/best-time-to-visit/,/city/bueng-kan/best-time-to-visit/,destination-subpillar,yes,destination-subpillar,keep-improve,P1,provisional,Belangrijke destination- of commerciële pagina; locale-specifieke DFS-brief vereist.
nl,https://go2-thailand.com/nl/best-hotels/bueng-kan/,/nl/best-hotels/bueng-kan/,/best-hotels/bueng-kan/,hotel-commercial,yes,hotel-guide,keep-improve,P1,provisional,Belangrijke destination- of commerciële pagina; locale-specifieke DFS-brief vereist.
nl,https://go2-thailand.com/nl/city/nakhon-phanom/,/nl/city/nakhon-phanom/,/city/nakhon-phanom/,destination-pillar,yes,destination-guide,keep-improve,P1,provisional,Belangrijke destination- of commerciële pagina; locale-specifieke DFS-brief vereist.
nl,https://go2-thailand.com/nl/city/nakhon-phanom/food/,/nl/city/nakhon-phanom/food/,/city/nakhon-phanom/food/,destination-subpillar,yes,destination-subpillar,keep-improve,P1,provisional,Belangrijke destination- of commerciële pagina; locale-specifieke DFS-brief vereist.
nl,https://go2-thailand.com/nl/city/nakhon-phanom/attractions/,/nl/city/nakhon-phanom/attractions/,/city/nakhon-phanom/attractions/,destination-subpillar,yes,destination-subpillar,keep-improve,P1,provisional,Belangrijke destination- of commerciële pagina; locale-specifieke DFS-brief vereist.
nl,https://go2-thailand.com/nl/city/nakhon-phanom/weather/,/nl/city/nakhon-phanom/weather/,/city/nakhon-phanom/weather/,destination-subpillar,yes,destination-subpillar,keep-improve,P1,provisional,Belangrijke destination- of commerciële pagina; locale-specifieke DFS-brief vereist.
nl,https://go2-thailand.com/nl/city/nakhon-phanom/best-time-to-visit/,/nl/city/nakhon-phanom/best-time-to-visit/,/city/nakhon-phanom/best-time-to-visit/,destination-subpillar,yes,destination-subpillar,keep-improve,P1,provisional,Belangrijke destination- of commerciële pagina; locale-specifieke DFS-brief vereist.
nl,https://go2-thailand.com/nl/best-hotels/nakhon-phanom/,/nl/best-hotels/nakhon-phanom/,/best-hotels/nakhon-phanom/,hotel-commercial,yes,hotel-guide,keep-improve,P1,provisional,Belangrijke destination- of commerciële pagina; locale-specifieke DFS-brief vereist.
nl,https://go2-thailand.com/nl/city/mukdahan/,/nl/city/mukdahan/,/city/mukdahan/,destination-pillar,yes,destination-guide,keep-improve,P1,provisional,Belangrijke destination- of commerciële pagina; locale-specifieke DFS-brief vereist.
nl,https://go2-thailand.com/nl/city/mukdahan/food/,/nl/city/mukdahan/food/,/city/mukdahan/food/,destination-subpillar,yes,destination-subpillar,keep-improve,P1,provisional,Belangrijke destination- of commerciële pagina; locale-specifieke DFS-brief vereist.
nl,https://go2-thailand.com/nl/city/mukdahan/attractions/,/nl/city/mukdahan/attractions/,/city/mukdahan/attractions/,destination-subpillar,yes,destination-subpillar,keep-improve,P1,provisional,Belangrijke destination- of commerciële pagina; locale-specifieke DFS-brief vereist.
nl,https://go2-thailand.com/nl/city/mukdahan/weather/,/nl/city/mukdahan/weather/,/city/mukdahan/weather/,destination-subpillar,yes,destination-subpillar,keep-improve,P1,provisional,Belangrijke destination- of commerciële pagina; locale-specifieke DFS-brief vereist.
nl,https://go2-thailand.com/nl/city/mukdahan/best-time-to-visit/,/nl/city/mukdahan/best-time-to-visit/,/city/mukdahan/best-time-to-visit/,destination-subpillar,yes,destination-subpillar,keep-improve,P1,provisional,Belangrijke destination- of commerciële pagina; locale-specifieke DFS-brief vereist.
nl,https://go2-thailand.com/nl/best-hotels/mukdahan/,/nl/best-hotels/mukdahan/,/best-hotels/mukdahan/,hotel-commercial,yes,hotel-guide,keep-improve,P1,provisional,Belangrijke destination- of commerciële pagina; locale-specifieke DFS-brief vereist.
nl,https://go2-thailand.com/nl/city/khao-sok/,/nl/city/khao-sok/,/city/khao-sok/,destination-pillar,yes,destination-guide,keep-improve,P1,provisional,Belangrijke destination- of commerciële pagina; locale-specifieke DFS-brief vereist.
nl,https://go2-thailand.com/nl/city/khao-sok/food/,/nl/city/khao-sok/food/,/city/khao-sok/food/,destination-subpillar,yes,destination-subpillar,keep-improve,P1,provisional,Belangrijke destination- of commerciële pagina; locale-specifieke DFS-brief vereist.
nl,https://go2-thailand.com/nl/city/khao-sok/attractions/,/nl/city/khao-sok/attractions/,/city/khao-sok/attractions/,destination-subpillar,yes,destination-subpillar,keep-improve,P1,provisional,Belangrijke destination- of commerciële pagina; locale-specifieke DFS-brief vereist.
nl,https://go2-thailand.com/nl/city/khao-sok/weather/,/nl/city/khao-sok/weather/,/city/khao-sok/weather/,destination-subpillar,yes,destination-subpillar,keep-improve,P1,provisional,Belangrijke destination- of commerciële pagina; locale-specifieke DFS-brief vereist.
nl,https://go2-thailand.com/nl/city/khao-sok/best-time-to-visit/,/nl/city/khao-sok/best-time-to-visit/,/city/khao-sok/best-time-to-visit/,destination-subpillar,yes,destination-subpillar,keep-improve,P1,provisional,Belangrijke destination- of commerciële pagina; locale-specifieke DFS-brief vereist.
nl,https://go2-thailand.com/nl/best-hotels/khao-sok/,/nl/best-hotels/khao-sok/,/best-hotels/khao-sok/,hotel-commercial,yes,hotel-guide,keep-improve,P1,provisional,Belangrijke destination- of commerciële pagina; locale-specifieke DFS-brief vereist.
nl,https://go2-thailand.com/nl/city/chiang-rai/attractions/blue-temple/,/nl/city/chiang-rai/attractions/blue-temple/,/city/chiang-rai/attractions/blue-temple/,attraction-detail,yes,attraction-detail,template-improve,P2,provisional,Schaalbare familie; onderzoek en verbeter eerst het gedeelde template en een pilot-URL.
nl,https://go2-thailand.com/nl/city/koh-samui/attractions/wat-plai-laem/,/nl/city/koh-samui/attractions/wat-plai-laem/,/city/koh-samui/attractions/wat-plai-laem/,attraction-detail,yes,attraction-detail,template-improve,P2,provisional,Schaalbare familie; onderzoek en verbeter eerst het gedeelde template en een pilot-URL.
nl,https://go2-thailand.com/nl/thailand-in/january/,/nl/thailand-in/january/,/thailand-in/january/,other,yes,manual-review,manual-audit,P3,provisional,"Controleer zoekintentie, contentkwaliteit en indexatiewaarde handmatig."
nl,https://go2-thailand.com/nl/thailand-in/february/,/nl/thailand-in/february/,/thailand-in/february/,other,yes,manual-review,manual-audit,P3,provisional,"Controleer zoekintentie, contentkwaliteit en indexatiewaarde handmatig."
nl,https://go2-thailand.com/nl/thailand-in/march/,/nl/thailand-in/march/,/thailand-in/march/,other,yes,manual-review,manual-audit,P3,provisional,"Controleer zoekintentie, contentkwaliteit en indexatiewaarde handmatig."
nl,https://go2-thailand.com/nl/thailand-in/april/,/nl/thailand-in/april/,/thailand-in/april/,other,yes,manual-review,manual-audit,P3,provisional,"Controleer zoekintentie, contentkwaliteit en indexatiewaarde handmatig."
nl,https://go2-thailand.com/nl/thailand-in/may/,/nl/thailand-in/may/,/thailand-in/may/,other,yes,manual-review,manual-audit,P3,provisional,"Controleer zoekintentie, contentkwaliteit en indexatiewaarde handmatig."
nl,https://go2-thailand.com/nl/thailand-in/june/,/nl/thailand-in/june/,/thailand-in/june/,other,yes,manual-review,manual-audit,P3,provisional,"Controleer zoekintentie, contentkwaliteit en indexatiewaarde handmatig."
nl,https://go2-thailand.com/nl/thailand-in/july/,/nl/thailand-in/july/,/thailand-in/july/,other,yes,manual-review,manual-audit,P3,provisional,"Controleer zoekintentie, contentkwaliteit en indexatiewaarde handmatig."
nl,https://go2-thailand.com/nl/thailand-in/august/,/nl/thailand-in/august/,/thailand-in/august/,other,yes,manual-review,manual-audit,P3,provisional,"Controleer zoekintentie, contentkwaliteit en indexatiewaarde handmatig."
nl,https://go2-thailand.com/nl/thailand-in/september/,/nl/thailand-in/september/,/thailand-in/september/,other,yes,manual-review,manual-audit,P3,provisional,"Controleer zoekintentie, contentkwaliteit en indexatiewaarde handmatig."
nl,https://go2-thailand.com/nl/thailand-in/october/,/nl/thailand-in/october/,/thailand-in/october/,other,yes,manual-review,manual-audit,P3,provisional,"Controleer zoekintentie, contentkwaliteit en indexatiewaarde handmatig."
nl,https://go2-thailand.com/nl/thailand-in/november/,/nl/thailand-in/november/,/thailand-in/november/,other,yes,manual-review,manual-audit,P3,provisional,"Controleer zoekintentie, contentkwaliteit en indexatiewaarde handmatig."
nl,https://go2-thailand.com/nl/thailand-in/december/,/nl/thailand-in/december/,/thailand-in/december/,other,yes,manual-review,manual-audit,P3,provisional,"Controleer zoekintentie, contentkwaliteit en indexatiewaarde handmatig."
nl,https://go2-thailand.com/nl/islands/koh-samui/,/nl/islands/koh-samui/,/islands/koh-samui/,island,yes,island,template-audit,P2,provisional,Behoud voorlopig; valideer indexatiewaarde en templatekwaliteit per cluster.
nl,https://go2-thailand.com/nl/islands/koh-phangan/,/nl/islands/koh-phangan/,/islands/koh-phangan/,island,yes,island,template-audit,P2,provisional,Behoud voorlopig; valideer indexatiewaarde en templatekwaliteit per cluster.
nl,https://go2-thailand.com/nl/islands/koh-tao/,/nl/islands/koh-tao/,/islands/koh-tao/,island,yes,island,template-audit,P2,provisional,Behoud voorlopig; valideer indexatiewaarde en templatekwaliteit per cluster.
nl,https://go2-thailand.com/nl/islands/koh-phi-phi/,/nl/islands/koh-phi-phi/,/islands/koh-phi-phi/,island,yes,island,template-audit,P2,provisional,Behoud voorlopig; valideer indexatiewaarde en templatekwaliteit per cluster.
nl,https://go2-thailand.com/nl/islands/koh-lanta/,/nl/islands/koh-lanta/,/islands/koh-lanta/,island,yes,island,template-audit,P2,provisional,Behoud voorlopig; valideer indexatiewaarde en templatekwaliteit per cluster.
nl,https://go2-thailand.com/nl/islands/koh-chang/,/nl/islands/koh-chang/,/islands/koh-chang/,island,yes,island,template-audit,P2,provisional,Behoud voorlopig; valideer indexatiewaarde en templatekwaliteit per cluster.
nl,https://go2-thailand.com/nl/islands/koh-lipe/,/nl/islands/koh-lipe/,/islands/koh-lipe/,island,yes,island,template-audit,P2,provisional,Behoud voorlopig; valideer indexatiewaarde en templatekwaliteit per cluster.
nl,https://go2-thailand.com/nl/islands/koh-yao-noi/,/nl/islands/koh-yao-noi/,/islands/koh-yao-noi/,island,yes,island,template-audit,P2,provisional,Behoud voorlopig; valideer indexatiewaarde en templatekwaliteit per cluster.
nl,https://go2-thailand.com/nl/islands/koh-mak/,/nl/islands/koh-mak/,/islands/koh-mak/,island,yes,island,template-audit,P2,provisional,Behoud voorlopig; valideer indexatiewaarde en templatekwaliteit per cluster.
nl,https://go2-thailand.com/nl/islands/koh-samet/,/nl/islands/koh-samet/,/islands/koh-samet/,island,yes,island,template-audit,P2,provisional,Behoud voorlopig; valideer indexatiewaarde en templatekwaliteit per cluster.
nl,https://go2-thailand.com/nl/islands/phuket/,/nl/islands/phuket/,/islands/phuket/,island,yes,island,template-audit,P2,provisional,Behoud voorlopig; valideer indexatiewaarde en templatekwaliteit per cluster.
nl,https://go2-thailand.com/nl/visa/visa-free-entry/,/nl/visa/visa-free-entry/,/visa/visa-free-entry/,practical,yes,practical,template-audit,P2,provisional,Behoud voorlopig; valideer indexatiewaarde en templatekwaliteit per cluster.
nl,https://go2-thailand.com/nl/visa/tourist-visa/,/nl/visa/tourist-visa/,/visa/tourist-visa/,practical,yes,practical,template-audit,P2,provisional,Behoud voorlopig; valideer indexatiewaarde en templatekwaliteit per cluster.
nl,https://go2-thailand.com/nl/visa/digital-nomad-visa/,/nl/visa/digital-nomad-visa/,/visa/digital-nomad-visa/,practical,yes,practical,template-audit,P2,provisional,Behoud voorlopig; valideer indexatiewaarde en templatekwaliteit per cluster.
nl,https://go2-thailand.com/nl/visa/retirement-visa/,/nl/visa/retirement-visa/,/visa/retirement-visa/,practical,yes,practical,template-audit,P2,provisional,Behoud voorlopig; valideer indexatiewaarde en templatekwaliteit per cluster.
nl,https://go2-thailand.com/nl/visa/education-visa/,/nl/visa/education-visa/,/visa/education-visa/,practical,yes,practical,template-audit,P2,provisional,Behoud voorlopig; valideer indexatiewaarde en templatekwaliteit per cluster.
nl,https://go2-thailand.com/nl/visa/thailand-elite-visa/,/nl/visa/thailand-elite-visa/,/visa/thailand-elite-visa/,practical,yes,practical,template-audit,P2,provisional,Behoud voorlopig; valideer indexatiewaarde en templatekwaliteit per cluster.
nl,https://go2-thailand.com/nl/visa/ltr-visa/,/nl/visa/ltr-visa/,/visa/ltr-visa/,practical,yes,practical,template-audit,P2,provisional,Behoud voorlopig; valideer indexatiewaarde en templatekwaliteit per cluster.
nl,https://go2-thailand.com/nl/visa/visa-extension/,/nl/visa/visa-extension/,/visa/visa-extension/,practical,yes,practical,template-audit,P2,provisional,Behoud voorlopig; valideer indexatiewaarde en templatekwaliteit per cluster.
nl,https://go2-thailand.com/nl/visa/digital-arrival-card/,/nl/visa/digital-arrival-card/,/visa/digital-arrival-card/,practical,yes,practical,template-audit,P2,provisional,Behoud voorlopig; valideer indexatiewaarde en templatekwaliteit per cluster.
nl,https://go2-thailand.com/nl/practical-info/scams-safety/,/nl/practical-info/scams-safety/,/practical-info/scams-safety/,practical,yes,practical,template-audit,P2,provisional,Behoud voorlopig; valideer indexatiewaarde en templatekwaliteit per cluster.
nl,https://go2-thailand.com/nl/practical-info/atm-money/,/nl/practical-info/atm-money/,/practical-info/atm-money/,practical,yes,practical,template-audit,P2,provisional,Behoud voorlopig; valideer indexatiewaarde en templatekwaliteit per cluster.
nl,https://go2-thailand.com/nl/practical-info/packing-list/,/nl/practical-info/packing-list/,/practical-info/packing-list/,practical,yes,practical,template-audit,P2,provisional,Behoud voorlopig; valideer indexatiewaarde en templatekwaliteit per cluster.
nl,https://go2-thailand.com/nl/practical-info/health-vaccinations/,/nl/practical-info/health-vaccinations/,/practical-info/health-vaccinations/,practical,yes,practical,template-audit,P2,provisional,Behoud voorlopig; valideer indexatiewaarde en templatekwaliteit per cluster.
nl,https://go2-thailand.com/nl/practical-info/etiquette-culture/,/nl/practical-info/etiquette-culture/,/practical-info/etiquette-culture/,practical,yes,practical,template-audit,P2,provisional,Behoud voorlopig; valideer indexatiewaarde en templatekwaliteit per cluster.
nl,https://go2-thailand.com/nl/travel-guides/thailand-weather/,/nl/travel-guides/thailand-weather/,/travel-guides/thailand-weather/,travel-guide,yes,travel-guide,freshness-audit,P2,provisional,"Controleer zoekintentie, feiten, datumclaims, interne links en consolidatiekansen."
nl,https://go2-thailand.com/nl/travel-guides/scooter-rental-thailand/,/nl/travel-guides/scooter-rental-thailand/,/travel-guides/scooter-rental-thailand/,travel-guide,yes,travel-guide,freshness-audit,P2,provisional,"Controleer zoekintentie, feiten, datumclaims, interne links en consolidatiekansen."
nl,https://go2-thailand.com/nl/travel-guides/sim-card-thailand/,/nl/travel-guides/sim-card-thailand/,/travel-guides/sim-card-thailand/,travel-guide,yes,travel-guide,freshness-audit,P2,provisional,"Controleer zoekintentie, feiten, datumclaims, interne links en consolidatiekansen."
nl,https://go2-thailand.com/nl/travel-guides/vpn-thailand/,/nl/travel-guides/vpn-thailand/,/travel-guides/vpn-thailand/,travel-guide,yes,travel-guide,freshness-audit,P2,provisional,"Controleer zoekintentie, feiten, datumclaims, interne links en consolidatiekansen."
nl,https://go2-thailand.com/nl/travel-guides/expat-long-stay-thailand/,/nl/travel-guides/expat-long-stay-thailand/,/travel-guides/expat-long-stay-thailand/,travel-guide,yes,travel-guide,freshness-audit,P2,provisional,"Controleer zoekintentie, feiten, datumclaims, interne links en consolidatiekansen."
nl,https://go2-thailand.com/nl/travel-guides/health-hospitals-thailand/,/nl/travel-guides/health-hospitals-thailand/,/travel-guides/health-hospitals-thailand/,travel-guide,yes,travel-guide,freshness-audit,P2,provisional,"Controleer zoekintentie, feiten, datumclaims, interne links en consolidatiekansen."
nl,https://go2-thailand.com/nl/travel-guides/diving-snorkeling-thailand/,/nl/travel-guides/diving-snorkeling-thailand/,/travel-guides/diving-snorkeling-thailand/,travel-guide,yes,travel-guide,freshness-audit,P2,provisional,"Controleer zoekintentie, feiten, datumclaims, interne links en consolidatiekansen."
nl,https://go2-thailand.com/nl/travel-guides/hiking-trekking-thailand/,/nl/travel-guides/hiking-trekking-thailand/,/travel-guides/hiking-trekking-thailand/,travel-guide,yes,travel-guide,freshness-audit,P2,provisional,"Controleer zoekintentie, feiten, datumclaims, interne links en consolidatiekansen."
nl,https://go2-thailand.com/nl/travel-guides/festivals-events-thailand/,/nl/travel-guides/festivals-events-thailand/,/travel-guides/festivals-events-thailand/,travel-guide,yes,travel-guide,freshness-audit,P2,provisional,"Controleer zoekintentie, feiten, datumclaims, interne links en consolidatiekansen."
nl,https://go2-thailand.com/nl/travel-guides/shopping-markets-thailand/,/nl/travel-guides/shopping-markets-thailand/,/travel-guides/shopping-markets-thailand/,travel-guide,yes,travel-guide,freshness-audit,P2,provisional,"Controleer zoekintentie, feiten, datumclaims, interne links en consolidatiekansen."
nl,https://go2-thailand.com/nl/travel-guides/dangerous-animals-thailand/,/nl/travel-guides/dangerous-animals-thailand/,/travel-guides/dangerous-animals-thailand/,travel-guide,yes,travel-guide,freshness-audit,P2,provisional,"Controleer zoekintentie, feiten, datumclaims, interne links en consolidatiekansen."
nl,https://go2-thailand.com/nl/travel-guides/national-parks-thailand/,/nl/travel-guides/national-parks-thailand/,/travel-guides/national-parks-thailand/,travel-guide,yes,travel-guide,freshness-audit,P2,provisional,"Controleer zoekintentie, feiten, datumclaims, interne links en consolidatiekansen."
nl,https://go2-thailand.com/nl/travel-guides/nightlife-rooftop-bars-thailand/,/nl/travel-guides/nightlife-rooftop-bars-thailand/,/travel-guides/nightlife-rooftop-bars-thailand/,travel-guide,yes,travel-guide,freshness-audit,P2,provisional,"Controleer zoekintentie, feiten, datumclaims, interne links en consolidatiekansen."
nl,https://go2-thailand.com/nl/travel-guides/thailand-with-kids/,/nl/travel-guides/thailand-with-kids/,/travel-guides/thailand-with-kids/,travel-guide,yes,travel-guide,freshness-audit,P2,provisional,"Controleer zoekintentie, feiten, datumclaims, interne links en consolidatiekansen."
nl,https://go2-thailand.com/nl/travel-guides/solo-female-travel-thailand/,/nl/travel-guides/solo-female-travel-thailand/,/travel-guides/solo-female-travel-thailand/,travel-guide,yes,travel-guide,freshness-audit,P2,provisional,"Controleer zoekintentie, feiten, datumclaims, interne links en consolidatiekansen."
nl,https://go2-thailand.com/nl/travel-guides/thai-etiquette-dos-donts/,/nl/travel-guides/thai-etiquette-dos-donts/,/travel-guides/thai-etiquette-dos-donts/,travel-guide,yes,travel-guide,freshness-audit,P2,provisional,"Controleer zoekintentie, feiten, datumclaims, interne links en consolidatiekansen."
nl,https://go2-thailand.com/nl/travel-guides/vaccinations-travel-health-thailand/,/nl/travel-guides/vaccinations-travel-health-thailand/,/travel-guides/vaccinations-travel-health-thailand/,travel-guide,yes,travel-guide,freshness-audit,P2,provisional,"Controleer zoekintentie, feiten, datumclaims, interne links en consolidatiekansen."
nl,https://go2-thailand.com/nl/travel-guides/thai-phrases-language/,/nl/travel-guides/thai-phrases-language/,/travel-guides/thai-phrases-language/,travel-guide,yes,travel-guide,freshness-audit,P2,provisional,"Controleer zoekintentie, feiten, datumclaims, interne links en consolidatiekansen."
nl,https://go2-thailand.com/nl/travel-guides/vegetarian-vegan-thailand/,/nl/travel-guides/vegetarian-vegan-thailand/,/travel-guides/vegetarian-vegan-thailand/,travel-guide,yes,travel-guide,freshness-audit,P2,provisional,"Controleer zoekintentie, feiten, datumclaims, interne links en consolidatiekansen."
nl,https://go2-thailand.com/nl/travel-guides/thai-cuisine-food-guide/,/nl/travel-guides/thai-cuisine-food-guide/,/travel-guides/thai-cuisine-food-guide/,travel-guide,yes,travel-guide,freshness-audit,P2,provisional,"Controleer zoekintentie, feiten, datumclaims, interne links en consolidatiekansen."
nl,https://go2-thailand.com/nl/travel-guides/7-eleven-thailand/,/nl/travel-guides/7-eleven-thailand/,/travel-guides/7-eleven-thailand/,travel-guide,yes,travel-guide,freshness-audit,P2,provisional,"Controleer zoekintentie, feiten, datumclaims, interne links en consolidatiekansen."
nl,https://go2-thailand.com/nl/travel-guides/hidden-gems-off-beaten-path-thailand/,/nl/travel-guides/hidden-gems-off-beaten-path-thailand/,/travel-guides/hidden-gems-off-beaten-path-thailand/,travel-guide,yes,travel-guide,freshness-audit,P2,provisional,"Controleer zoekintentie, feiten, datumclaims, interne links en consolidatiekansen."
nl,https://go2-thailand.com/nl/travel-guides/history-culture-thailand/,/nl/travel-guides/history-culture-thailand/,/travel-guides/history-culture-thailand/,travel-guide,yes,travel-guide,freshness-audit,P2,provisional,"Controleer zoekintentie, feiten, datumclaims, interne links en consolidatiekansen."
nl,https://go2-thailand.com/nl/itineraries/3-days-bangkok/,/nl/itineraries/3-days-bangkok/,/itineraries/3-days-bangkok/,itinerary,yes,itinerary,template-audit,P2,provisional,Behoud voorlopig; valideer indexatiewaarde en templatekwaliteit per cluster.
nl,https://go2-thailand.com/nl/itineraries/3-days-northern/,/nl/itineraries/3-days-northern/,/itineraries/3-days-northern/,itinerary,yes,itinerary,template-audit,P2,provisional,Behoud voorlopig; valideer indexatiewaarde en templatekwaliteit per cluster.
nl,https://go2-thailand.com/nl/itineraries/3-days-islands/,/nl/itineraries/3-days-islands/,/itineraries/3-days-islands/,itinerary,yes,itinerary,template-audit,P2,provisional,Behoud voorlopig; valideer indexatiewaarde en templatekwaliteit per cluster.
nl,https://go2-thailand.com/nl/itineraries/5-days-bangkok-central/,/nl/itineraries/5-days-bangkok-central/,/itineraries/5-days-bangkok-central/,itinerary,yes,itinerary,template-audit,P2,provisional,Behoud voorlopig; valideer indexatiewaarde en templatekwaliteit per cluster.
nl,https://go2-thailand.com/nl/itineraries/5-days-northern/,/nl/itineraries/5-days-northern/,/itineraries/5-days-northern/,itinerary,yes,itinerary,template-audit,P2,provisional,Behoud voorlopig; valideer indexatiewaarde en templatekwaliteit per cluster.
nl,https://go2-thailand.com/nl/itineraries/5-days-southern-beaches/,/nl/itineraries/5-days-southern-beaches/,/itineraries/5-days-southern-beaches/,itinerary,yes,itinerary,template-audit,P2,provisional,Behoud voorlopig; valideer indexatiewaarde en templatekwaliteit per cluster.
nl,https://go2-thailand.com/nl/itineraries/7-days-bangkok-north/,/nl/itineraries/7-days-bangkok-north/,/itineraries/7-days-bangkok-north/,itinerary,yes,itinerary,template-audit,P2,provisional,Behoud voorlopig; valideer indexatiewaarde en templatekwaliteit per cluster.
nl,https://go2-thailand.com/nl/itineraries/7-days-bangkok-south/,/nl/itineraries/7-days-bangkok-south/,/itineraries/7-days-bangkok-south/,itinerary,yes,itinerary,template-audit,P2,provisional,Behoud voorlopig; valideer indexatiewaarde en templatekwaliteit per cluster.
nl,https://go2-thailand.com/nl/itineraries/7-days-island-hopping/,/nl/itineraries/7-days-island-hopping/,/itineraries/7-days-island-hopping/,itinerary,yes,itinerary,template-audit,P2,provisional,Behoud voorlopig; valideer indexatiewaarde en templatekwaliteit per cluster.
nl,https://go2-thailand.com/nl/itineraries/10-days-north-south/,/nl/itineraries/10-days-north-south/,/itineraries/10-days-north-south/,itinerary,yes,itinerary,template-audit,P2,provisional,Behoud voorlopig; valideer indexatiewaarde en templatekwaliteit per cluster.
nl,https://go2-thailand.com/nl/itineraries/10-days-beach-culture/,/nl/itineraries/10-days-beach-culture/,/itineraries/10-days-beach-culture/,itinerary,yes,itinerary,template-audit,P2,provisional,Behoud voorlopig; valideer indexatiewaarde en templatekwaliteit per cluster.
nl,https://go2-thailand.com/nl/itineraries/10-days-adventure/,/nl/itineraries/10-days-adventure/,/itineraries/10-days-adventure/,itinerary,yes,itinerary,template-audit,P2,provisional,Behoud voorlopig; valideer indexatiewaarde en templatekwaliteit per cluster.
nl,https://go2-thailand.com/nl/itineraries/mekong-river-adventure/,/nl/itineraries/mekong-river-adventure/,/itineraries/mekong-river-adventure/,itinerary,yes,itinerary,template-audit,P2,provisional,Behoud voorlopig; valideer indexatiewaarde en templatekwaliteit per cluster.
nl,https://go2-thailand.com/nl/itineraries/14-days-complete-thailand/,/nl/itineraries/14-days-complete-thailand/,/itineraries/14-days-complete-thailand/,itinerary,yes,itinerary,template-audit,P2,provisional,Behoud voorlopig; valideer indexatiewaarde en templatekwaliteit per cluster.
nl,https://go2-thailand.com/nl/where-to-stay/ayutthaya/,/nl/where-to-stay/ayutthaya/,/where-to-stay/ayutthaya/,where-to-stay,yes,hotel-guide,merge-candidate,P1,provisional,Mogelijke intentie-overlap met /best-hotels/ayutthaya/; pas redirect toe na inhoudelijke en backlink-audit.
nl,https://go2-thailand.com/nl/guides/travel-guide/ayutthaya/,/nl/guides/travel-guide/ayutthaya/,/guides/travel-guide/ayutthaya/,travel-guide,yes,travel-guide,freshness-audit,P2,provisional,"Controleer zoekintentie, feiten, datumclaims, interne links en consolidatiekansen."
nl,https://go2-thailand.com/nl/where-to-stay/bangkok/,/nl/where-to-stay/bangkok/,/where-to-stay/bangkok/,where-to-stay,yes,hotel-guide,merge-candidate,P1,provisional,Mogelijke intentie-overlap met /best-hotels/bangkok/; pas redirect toe na inhoudelijke en backlink-audit.
nl,https://go2-thailand.com/nl/guides/travel-guide/bangkok/,/nl/guides/travel-guide/bangkok/,/guides/travel-guide/bangkok/,travel-guide,yes,travel-guide,freshness-audit,P2,provisional,"Controleer zoekintentie, feiten, datumclaims, interne links en consolidatiekansen."
nl,https://go2-thailand.com/nl/where-to-stay/bueng-kan/,/nl/where-to-stay/bueng-kan/,/where-to-stay/bueng-kan/,where-to-stay,yes,hotel-guide,merge-candidate,P1,provisional,Mogelijke intentie-overlap met /best-hotels/bueng-kan/; pas redirect toe na inhoudelijke en backlink-audit.
nl,https://go2-thailand.com/nl/guides/travel-guide/bueng-kan/,/nl/guides/travel-guide/bueng-kan/,/guides/travel-guide/bueng-kan/,travel-guide,yes,travel-guide,freshness-audit,P2,provisional,"Controleer zoekintentie, feiten, datumclaims, interne links en consolidatiekansen."
nl,https://go2-thailand.com/nl/best-hotels/buriram/,/nl/best-hotels/buriram/,/best-hotels/buriram/,hotel-commercial,yes,hotel-guide,keep-improve,P1,provisional,Belangrijke destination- of commerciële pagina; locale-specifieke DFS-brief vereist.
nl,https://go2-thailand.com/nl/where-to-stay/buriram/,/nl/where-to-stay/buriram/,/where-to-stay/buriram/,where-to-stay,yes,hotel-guide,merge-candidate,P1,provisional,Mogelijke intentie-overlap met /best-hotels/buriram/; pas redirect toe na inhoudelijke en backlink-audit.
nl,https://go2-thailand.com/nl/guides/travel-guide/buriram/,/nl/guides/travel-guide/buriram/,/guides/travel-guide/buriram/,travel-guide,yes,travel-guide,freshness-audit,P2,provisional,"Controleer zoekintentie, feiten, datumclaims, interne links en consolidatiekansen."
nl,https://go2-thailand.com/nl/where-to-stay/chanthaburi/,/nl/where-to-stay/chanthaburi/,/where-to-stay/chanthaburi/,where-to-stay,yes,hotel-guide,merge-candidate,P1,provisional,Mogelijke intentie-overlap met /best-hotels/chanthaburi/; pas redirect toe na inhoudelijke en backlink-audit.
nl,https://go2-thailand.com/nl/guides/travel-guide/chanthaburi/,/nl/guides/travel-guide/chanthaburi/,/guides/travel-guide/chanthaburi/,travel-guide,yes,travel-guide,freshness-audit,P2,provisional,"Controleer zoekintentie, feiten, datumclaims, interne links en consolidatiekansen."
nl,https://go2-thailand.com/nl/where-to-stay/chiang-khan/,/nl/where-to-stay/chiang-khan/,/where-to-stay/chiang-khan/,where-to-stay,yes,hotel-guide,merge-candidate,P1,provisional,Mogelijke intentie-overlap met /best-hotels/chiang-khan/; pas redirect toe na inhoudelijke en backlink-audit.
nl,https://go2-thailand.com/nl/guides/travel-guide/chiang-khan/,/nl/guides/travel-guide/chiang-khan/,/guides/travel-guide/chiang-khan/,travel-guide,yes,travel-guide,freshness-audit,P2,provisional,"Controleer zoekintentie, feiten, datumclaims, interne links en consolidatiekansen."
nl,https://go2-thailand.com/nl/best-hotels/chiang-khong/,/nl/best-hotels/chiang-khong/,/best-hotels/chiang-khong/,hotel-commercial,yes,hotel-guide,keep-improve,P1,provisional,Belangrijke destination- of commerciële pagina; locale-specifieke DFS-brief vereist.
nl,https://go2-thailand.com/nl/where-to-stay/chiang-khong/,/nl/where-to-stay/chiang-khong/,/where-to-stay/chiang-khong/,where-to-stay,yes,hotel-guide,merge-candidate,P1,provisional,Mogelijke intentie-overlap met /best-hotels/chiang-khong/; pas redirect toe na inhoudelijke en backlink-audit.
nl,https://go2-thailand.com/nl/guides/travel-guide/chiang-khong/,/nl/guides/travel-guide/chiang-khong/,/guides/travel-guide/chiang-khong/,travel-guide,yes,travel-guide,freshness-audit,P2,provisional,"Controleer zoekintentie, feiten, datumclaims, interne links en consolidatiekansen."
nl,https://go2-thailand.com/nl/where-to-stay/chiang-mai/,/nl/where-to-stay/chiang-mai/,/where-to-stay/chiang-mai/,where-to-stay,yes,hotel-guide,merge-candidate,P1,provisional,Mogelijke intentie-overlap met /best-hotels/chiang-mai/; pas redirect toe na inhoudelijke en backlink-audit.
nl,https://go2-thailand.com/nl/guides/travel-guide/chiang-mai/,/nl/guides/travel-guide/chiang-mai/,/guides/travel-guide/chiang-mai/,travel-guide,yes,travel-guide,freshness-audit,P2,provisional,"Controleer zoekintentie, feiten, datumclaims, interne links en consolidatiekansen."
nl,https://go2-thailand.com/nl/where-to-stay/chiang-rai/,/nl/where-to-stay/chiang-rai/,/where-to-stay/chiang-rai/,where-to-stay,yes,hotel-guide,merge-candidate,P1,provisional,Mogelijke intentie-overlap met /best-hotels/chiang-rai/; pas redirect toe na inhoudelijke en backlink-audit.
nl,https://go2-thailand.com/nl/guides/travel-guide/chiang-rai/,/nl/guides/travel-guide/chiang-rai/,/guides/travel-guide/chiang-rai/,travel-guide,yes,travel-guide,freshness-audit,P2,provisional,"Controleer zoekintentie, feiten, datumclaims, interne links en consolidatiekansen."
nl,https://go2-thailand.com/nl/where-to-stay/chumphon/,/nl/where-to-stay/chumphon/,/where-to-stay/chumphon/,where-to-stay,yes,hotel-guide,merge-candidate,P1,provisional,Mogelijke intentie-overlap met /best-hotels/chumphon/; pas redirect toe na inhoudelijke en backlink-audit.
nl,https://go2-thailand.com/nl/guides/travel-guide/chumphon/,/nl/guides/travel-guide/chumphon/,/guides/travel-guide/chumphon/,travel-guide,yes,travel-guide,freshness-audit,P2,provisional,"Controleer zoekintentie, feiten, datumclaims, interne links en consolidatiekansen."
nl,https://go2-thailand.com/nl/where-to-stay/hat-yai/,/nl/where-to-stay/hat-yai/,/where-to-stay/hat-yai/,where-to-stay,yes,hotel-guide,merge-candidate,P1,provisional,Mogelijke intentie-overlap met /best-hotels/hat-yai/; pas redirect toe na inhoudelijke en backlink-audit.
nl,https://go2-thailand.com/nl/guides/travel-guide/hat-yai/,/nl/guides/travel-guide/hat-yai/,/guides/travel-guide/hat-yai/,travel-guide,yes,travel-guide,freshness-audit,P2,provisional,"Controleer zoekintentie, feiten, datumclaims, interne links en consolidatiekansen."
nl,https://go2-thailand.com/nl/where-to-stay/hua-hin/,/nl/where-to-stay/hua-hin/,/where-to-stay/hua-hin/,where-to-stay,yes,hotel-guide,merge-candidate,P1,provisional,Mogelijke intentie-overlap met /best-hotels/hua-hin/; pas redirect toe na inhoudelijke en backlink-audit.
nl,https://go2-thailand.com/nl/guides/travel-guide/hua-hin/,/nl/guides/travel-guide/hua-hin/,/guides/travel-guide/hua-hin/,travel-guide,yes,travel-guide,freshness-audit,P2,provisional,"Controleer zoekintentie, feiten, datumclaims, interne links en consolidatiekansen."
nl,https://go2-thailand.com/nl/best-hotels/kamphaeng-phet/,/nl/best-hotels/kamphaeng-phet/,/best-hotels/kamphaeng-phet/,hotel-commercial,yes,hotel-guide,keep-improve,P1,provisional,Belangrijke destination- of commerciële pagina; locale-specifieke DFS-brief vereist.
nl,https://go2-thailand.com/nl/where-to-stay/kamphaeng-phet/,/nl/where-to-stay/kamphaeng-phet/,/where-to-stay/kamphaeng-phet/,where-to-stay,yes,hotel-guide,merge-candidate,P1,provisional,Mogelijke intentie-overlap met /best-hotels/kamphaeng-phet/; pas redirect toe na inhoudelijke en backlink-audit.
nl,https://go2-thailand.com/nl/guides/travel-guide/kamphaeng-phet/,/nl/guides/travel-guide/kamphaeng-phet/,/guides/travel-guide/kamphaeng-phet/,travel-guide,yes,travel-guide,freshness-audit,P2,provisional,"Controleer zoekintentie, feiten, datumclaims, interne links en consolidatiekansen."
nl,https://go2-thailand.com/nl/where-to-stay/kanchanaburi/,/nl/where-to-stay/kanchanaburi/,/where-to-stay/kanchanaburi/,where-to-stay,yes,hotel-guide,merge-candidate,P1,provisional,Mogelijke intentie-overlap met /best-hotels/kanchanaburi/; pas redirect toe na inhoudelijke en backlink-audit.
nl,https://go2-thailand.com/nl/guides/travel-guide/kanchanaburi/,/nl/guides/travel-guide/kanchanaburi/,/guides/travel-guide/kanchanaburi/,travel-guide,yes,travel-guide,freshness-audit,P2,provisional,"Controleer zoekintentie, feiten, datumclaims, interne links en consolidatiekansen."
nl,https://go2-thailand.com/nl/where-to-stay/khon-kaen/,/nl/where-to-stay/khon-kaen/,/where-to-stay/khon-kaen/,where-to-stay,yes,hotel-guide,merge-candidate,P1,provisional,Mogelijke intentie-overlap met /best-hotels/khon-kaen/; pas redirect toe na inhoudelijke en backlink-audit.
nl,https://go2-thailand.com/nl/guides/travel-guide/khon-kaen/,/nl/guides/travel-guide/khon-kaen/,/guides/travel-guide/khon-kaen/,travel-guide,yes,travel-guide,freshness-audit,P2,provisional,"Controleer zoekintentie, feiten, datumclaims, interne links en consolidatiekansen."
nl,https://go2-thailand.com/nl/where-to-stay/koh-samui/,/nl/where-to-stay/koh-samui/,/where-to-stay/koh-samui/,where-to-stay,yes,hotel-guide,merge-candidate,P1,provisional,Mogelijke intentie-overlap met /best-hotels/koh-samui/; pas redirect toe na inhoudelijke en backlink-audit.
nl,https://go2-thailand.com/nl/guides/travel-guide/koh-samui/,/nl/guides/travel-guide/koh-samui/,/guides/travel-guide/koh-samui/,travel-guide,yes,travel-guide,freshness-audit,P2,provisional,"Controleer zoekintentie, feiten, datumclaims, interne links en consolidatiekansen."
nl,https://go2-thailand.com/nl/guides/travel-guide/krabi/,/nl/guides/travel-guide/krabi/,/guides/travel-guide/krabi/,travel-guide,yes,travel-guide,freshness-audit,P2,provisional,"Controleer zoekintentie, feiten, datumclaims, interne links en consolidatiekansen."
nl,https://go2-thailand.com/nl/where-to-stay/lampang/,/nl/where-to-stay/lampang/,/where-to-stay/lampang/,where-to-stay,yes,hotel-guide,merge-candidate,P1,provisional,Mogelijke intentie-overlap met /best-hotels/lampang/; pas redirect toe na inhoudelijke en backlink-audit.
nl,https://go2-thailand.com/nl/guides/travel-guide/lampang/,/nl/guides/travel-guide/lampang/,/guides/travel-guide/lampang/,travel-guide,yes,travel-guide,freshness-audit,P2,provisional,"Controleer zoekintentie, feiten, datumclaims, interne links en consolidatiekansen."
nl,https://go2-thailand.com/nl/where-to-stay/lopburi/,/nl/where-to-stay/lopburi/,/where-to-stay/lopburi/,where-to-stay,yes,hotel-guide,merge-candidate,P1,provisional,Mogelijke intentie-overlap met /best-hotels/lopburi/; pas redirect toe na inhoudelijke en backlink-audit.
nl,https://go2-thailand.com/nl/guides/travel-guide/lopburi/,/nl/guides/travel-guide/lopburi/,/guides/travel-guide/lopburi/,travel-guide,yes,travel-guide,freshness-audit,P2,provisional,"Controleer zoekintentie, feiten, datumclaims, interne links en consolidatiekansen."
nl,https://go2-thailand.com/nl/where-to-stay/mae-hong-son/,/nl/where-to-stay/mae-hong-son/,/where-to-stay/mae-hong-son/,where-to-stay,yes,hotel-guide,merge-candidate,P1,provisional,Mogelijke intentie-overlap met /best-hotels/mae-hong-son/; pas redirect toe na inhoudelijke en backlink-audit.
nl,https://go2-thailand.com/nl/guides/travel-guide/mae-hong-son/,/nl/guides/travel-guide/mae-hong-son/,/guides/travel-guide/mae-hong-son/,travel-guide,yes,travel-guide,freshness-audit,P2,provisional,"Controleer zoekintentie, feiten, datumclaims, interne links en consolidatiekansen."
nl,https://go2-thailand.com/nl/where-to-stay/mukdahan/,/nl/where-to-stay/mukdahan/,/where-to-stay/mukdahan/,where-to-stay,yes,hotel-guide,merge-candidate,P1,provisional,Mogelijke intentie-overlap met /best-hotels/mukdahan/; pas redirect toe na inhoudelijke en backlink-audit.
nl,https://go2-thailand.com/nl/guides/travel-guide/mukdahan/,/nl/guides/travel-guide/mukdahan/,/guides/travel-guide/mukdahan/,travel-guide,yes,travel-guide,freshness-audit,P2,provisional,"Controleer zoekintentie, feiten, datumclaims, interne links en consolidatiekansen."
nl,https://go2-thailand.com/nl/where-to-stay/nakhon-phanom/,/nl/where-to-stay/nakhon-phanom/,/where-to-stay/nakhon-phanom/,where-to-stay,yes,hotel-guide,merge-candidate,P1,provisional,Mogelijke intentie-overlap met /best-hotels/nakhon-phanom/; pas redirect toe na inhoudelijke en backlink-audit.
nl,https://go2-thailand.com/nl/guides/travel-guide/nakhon-phanom/,/nl/guides/travel-guide/nakhon-phanom/,/guides/travel-guide/nakhon-phanom/,travel-guide,yes,travel-guide,freshness-audit,P2,provisional,"Controleer zoekintentie, feiten, datumclaims, interne links en consolidatiekansen."
nl,https://go2-thailand.com/nl/where-to-stay/nakhon-ratchasima/,/nl/where-to-stay/nakhon-ratchasima/,/where-to-stay/nakhon-ratchasima/,where-to-stay,yes,hotel-guide,merge-candidate,P1,provisional,Mogelijke intentie-overlap met /best-hotels/nakhon-ratchasima/; pas redirect toe na inhoudelijke en backlink-audit.
nl,https://go2-thailand.com/nl/guides/travel-guide/nakhon-ratchasima/,/nl/guides/travel-guide/nakhon-ratchasima/,/guides/travel-guide/nakhon-ratchasima/,travel-guide,yes,travel-guide,freshness-audit,P2,provisional,"Controleer zoekintentie, feiten, datumclaims, interne links en consolidatiekansen."
nl,https://go2-thailand.com/nl/where-to-stay/nakhon-si-thammarat/,/nl/where-to-stay/nakhon-si-thammarat/,/where-to-stay/nakhon-si-thammarat/,where-to-stay,yes,hotel-guide,merge-candidate,P1,provisional,Mogelijke intentie-overlap met /best-hotels/nakhon-si-thammarat/; pas redirect toe na inhoudelijke en backlink-audit.
nl,https://go2-thailand.com/nl/guides/travel-guide/nakhon-si-thammarat/,/nl/guides/travel-guide/nakhon-si-thammarat/,/guides/travel-guide/nakhon-si-thammarat/,travel-guide,yes,travel-guide,freshness-audit,P2,provisional,"Controleer zoekintentie, feiten, datumclaims, interne links en consolidatiekansen."
nl,https://go2-thailand.com/nl/best-hotels/nan/,/nl/best-hotels/nan/,/best-hotels/nan/,hotel-commercial,yes,hotel-guide,keep-improve,P1,provisional,Belangrijke destination- of commerciële pagina; locale-specifieke DFS-brief vereist.
nl,https://go2-thailand.com/nl/where-to-stay/nan/,/nl/where-to-stay/nan/,/where-to-stay/nan/,where-to-stay,yes,hotel-guide,merge-candidate,P1,provisional,Mogelijke intentie-overlap met /best-hotels/nan/; pas redirect toe na inhoudelijke en backlink-audit.
nl,https://go2-thailand.com/nl/guides/travel-guide/nan/,/nl/guides/travel-guide/nan/,/guides/travel-guide/nan/,travel-guide,yes,travel-guide,freshness-audit,P2,provisional,"Controleer zoekintentie, feiten, datumclaims, interne links en consolidatiekansen."
nl,https://go2-thailand.com/nl/where-to-stay/nong-khai/,/nl/where-to-stay/nong-khai/,/where-to-stay/nong-khai/,where-to-stay,yes,hotel-guide,merge-candidate,P1,provisional,Mogelijke intentie-overlap met /best-hotels/nong-khai/; pas redirect toe na inhoudelijke en backlink-audit.
nl,https://go2-thailand.com/nl/guides/travel-guide/nong-khai/,/nl/guides/travel-guide/nong-khai/,/guides/travel-guide/nong-khai/,travel-guide,yes,travel-guide,freshness-audit,P2,provisional,"Controleer zoekintentie, feiten, datumclaims, interne links en consolidatiekansen."
nl,https://go2-thailand.com/nl/where-to-stay/pai/,/nl/where-to-stay/pai/,/where-to-stay/pai/,where-to-stay,yes,hotel-guide,merge-candidate,P1,provisional,Mogelijke intentie-overlap met /best-hotels/pai/; pas redirect toe na inhoudelijke en backlink-audit.
nl,https://go2-thailand.com/nl/guides/travel-guide/pai/,/nl/guides/travel-guide/pai/,/guides/travel-guide/pai/,travel-guide,yes,travel-guide,freshness-audit,P2,provisional,"Controleer zoekintentie, feiten, datumclaims, interne links en consolidatiekansen."
nl,https://go2-thailand.com/nl/where-to-stay/pattaya/,/nl/where-to-stay/pattaya/,/where-to-stay/pattaya/,where-to-stay,yes,hotel-guide,merge-candidate,P1,provisional,Mogelijke intentie-overlap met /best-hotels/pattaya/; pas redirect toe na inhoudelijke en backlink-audit.
nl,https://go2-thailand.com/nl/guides/travel-guide/pattaya/,/nl/guides/travel-guide/pattaya/,/guides/travel-guide/pattaya/,travel-guide,yes,travel-guide,freshness-audit,P2,provisional,"Controleer zoekintentie, feiten, datumclaims, interne links en consolidatiekansen."
nl,https://go2-thailand.com/nl/best-hotels/phetchaburi/,/nl/best-hotels/phetchaburi/,/best-hotels/phetchaburi/,hotel-commercial,yes,hotel-guide,keep-improve,P1,provisional,Belangrijke destination- of commerciële pagina; locale-specifieke DFS-brief vereist.
nl,https://go2-thailand.com/nl/where-to-stay/phetchaburi/,/nl/where-to-stay/phetchaburi/,/where-to-stay/phetchaburi/,where-to-stay,yes,hotel-guide,merge-candidate,P1,provisional,Mogelijke intentie-overlap met /best-hotels/phetchaburi/; pas redirect toe na inhoudelijke en backlink-audit.
nl,https://go2-thailand.com/nl/guides/travel-guide/phetchaburi/,/nl/guides/travel-guide/phetchaburi/,/guides/travel-guide/phetchaburi/,travel-guide,yes,travel-guide,freshness-audit,P2,provisional,"Controleer zoekintentie, feiten, datumclaims, interne links en consolidatiekansen."
nl,https://go2-thailand.com/nl/where-to-stay/phitsanulok/,/nl/where-to-stay/phitsanulok/,/where-to-stay/phitsanulok/,where-to-stay,yes,hotel-guide,merge-candidate,P1,provisional,Mogelijke intentie-overlap met /best-hotels/phitsanulok/; pas redirect toe na inhoudelijke en backlink-audit.
nl,https://go2-thailand.com/nl/guides/travel-guide/phitsanulok/,/nl/guides/travel-guide/phitsanulok/,/guides/travel-guide/phitsanulok/,travel-guide,yes,travel-guide,freshness-audit,P2,provisional,"Controleer zoekintentie, feiten, datumclaims, interne links en consolidatiekansen."
nl,https://go2-thailand.com/nl/guides/travel-guide/phuket/,/nl/guides/travel-guide/phuket/,/guides/travel-guide/phuket/,travel-guide,yes,travel-guide,freshness-audit,P2,provisional,"Controleer zoekintentie, feiten, datumclaims, interne links en consolidatiekansen."
nl,https://go2-thailand.com/nl/best-hotels/prachinburi/,/nl/best-hotels/prachinburi/,/best-hotels/prachinburi/,hotel-commercial,yes,hotel-guide,keep-improve,P1,provisional,Belangrijke destination- of commerciële pagina; locale-specifieke DFS-brief vereist.
nl,https://go2-thailand.com/nl/where-to-stay/prachinburi/,/nl/where-to-stay/prachinburi/,/where-to-stay/prachinburi/,where-to-stay,yes,hotel-guide,merge-candidate,P1,provisional,Mogelijke intentie-overlap met /best-hotels/prachinburi/; pas redirect toe na inhoudelijke en backlink-audit.
nl,https://go2-thailand.com/nl/guides/travel-guide/prachinburi/,/nl/guides/travel-guide/prachinburi/,/guides/travel-guide/prachinburi/,travel-guide,yes,travel-guide,freshness-audit,P2,provisional,"Controleer zoekintentie, feiten, datumclaims, interne links en consolidatiekansen."
nl,https://go2-thailand.com/nl/where-to-stay/rayong/,/nl/where-to-stay/rayong/,/where-to-stay/rayong/,where-to-stay,yes,hotel-guide,merge-candidate,P1,provisional,Mogelijke intentie-overlap met /best-hotels/rayong/; pas redirect toe na inhoudelijke en backlink-audit.
nl,https://go2-thailand.com/nl/guides/travel-guide/rayong/,/nl/guides/travel-guide/rayong/,/guides/travel-guide/rayong/,travel-guide,yes,travel-guide,freshness-audit,P2,provisional,"Controleer zoekintentie, feiten, datumclaims, interne links en consolidatiekansen."
nl,https://go2-thailand.com/nl/best-hotels/satun/,/nl/best-hotels/satun/,/best-hotels/satun/,hotel-commercial,yes,hotel-guide,keep-improve,P1,provisional,Belangrijke destination- of commerciële pagina; locale-specifieke DFS-brief vereist.
nl,https://go2-thailand.com/nl/where-to-stay/satun/,/nl/where-to-stay/satun/,/where-to-stay/satun/,where-to-stay,yes,hotel-guide,merge-candidate,P1,provisional,Mogelijke intentie-overlap met /best-hotels/satun/; pas redirect toe na inhoudelijke en backlink-audit.
nl,https://go2-thailand.com/nl/guides/travel-guide/satun/,/nl/guides/travel-guide/satun/,/guides/travel-guide/satun/,travel-guide,yes,travel-guide,freshness-audit,P2,provisional,"Controleer zoekintentie, feiten, datumclaims, interne links en consolidatiekansen."
nl,https://go2-thailand.com/nl/where-to-stay/sukhothai/,/nl/where-to-stay/sukhothai/,/where-to-stay/sukhothai/,where-to-stay,yes,hotel-guide,merge-candidate,P1,provisional,Mogelijke intentie-overlap met /best-hotels/sukhothai/; pas redirect toe na inhoudelijke en backlink-audit.
nl,https://go2-thailand.com/nl/guides/travel-guide/sukhothai/,/nl/guides/travel-guide/sukhothai/,/guides/travel-guide/sukhothai/,travel-guide,yes,travel-guide,freshness-audit,P2,provisional,"Controleer zoekintentie, feiten, datumclaims, interne links en consolidatiekansen."
nl,https://go2-thailand.com/nl/where-to-stay/surat-thani/,/nl/where-to-stay/surat-thani/,/where-to-stay/surat-thani/,where-to-stay,yes,hotel-guide,merge-candidate,P1,provisional,Mogelijke intentie-overlap met /best-hotels/surat-thani/; pas redirect toe na inhoudelijke en backlink-audit.
nl,https://go2-thailand.com/nl/guides/travel-guide/surat-thani/,/nl/guides/travel-guide/surat-thani/,/guides/travel-guide/surat-thani/,travel-guide,yes,travel-guide,freshness-audit,P2,provisional,"Controleer zoekintentie, feiten, datumclaims, interne links en consolidatiekansen."
nl,https://go2-thailand.com/nl/where-to-stay/trang/,/nl/where-to-stay/trang/,/where-to-stay/trang/,where-to-stay,yes,hotel-guide,merge-candidate,P1,provisional,Mogelijke intentie-overlap met /best-hotels/trang/; pas redirect toe na inhoudelijke en backlink-audit.
nl,https://go2-thailand.com/nl/guides/travel-guide/trang/,/nl/guides/travel-guide/trang/,/guides/travel-guide/trang/,travel-guide,yes,travel-guide,freshness-audit,P2,provisional,"Controleer zoekintentie, feiten, datumclaims, interne links en consolidatiekansen."
nl,https://go2-thailand.com/nl/where-to-stay/trat/,/nl/where-to-stay/trat/,/where-to-stay/trat/,where-to-stay,yes,hotel-guide,merge-candidate,P1,provisional,Mogelijke intentie-overlap met /best-hotels/trat/; pas redirect toe na inhoudelijke en backlink-audit.
nl,https://go2-thailand.com/nl/guides/travel-guide/trat/,/nl/guides/travel-guide/trat/,/guides/travel-guide/trat/,travel-guide,yes,travel-guide,freshness-audit,P2,provisional,"Controleer zoekintentie, feiten, datumclaims, interne links en consolidatiekansen."
nl,https://go2-thailand.com/nl/where-to-stay/ubon-ratchathani/,/nl/where-to-stay/ubon-ratchathani/,/where-to-stay/ubon-ratchathani/,where-to-stay,yes,hotel-guide,merge-candidate,P1,provisional,Mogelijke intentie-overlap met /best-hotels/ubon-ratchathani/; pas redirect toe na inhoudelijke en backlink-audit.
nl,https://go2-thailand.com/nl/guides/travel-guide/ubon-ratchathani/,/nl/guides/travel-guide/ubon-ratchathani/,/guides/travel-guide/ubon-ratchathani/,travel-guide,yes,travel-guide,freshness-audit,P2,provisional,"Controleer zoekintentie, feiten, datumclaims, interne links en consolidatiekansen."
nl,https://go2-thailand.com/nl/where-to-stay/udon-thani/,/nl/where-to-stay/udon-thani/,/where-to-stay/udon-thani/,where-to-stay,yes,hotel-guide,merge-candidate,P1,provisional,Mogelijke intentie-overlap met /best-hotels/udon-thani/; pas redirect toe na inhoudelijke en backlink-audit.
nl,https://go2-thailand.com/nl/guides/travel-guide/udon-thani/,/nl/guides/travel-guide/udon-thani/,/guides/travel-guide/udon-thani/,travel-guide,yes,travel-guide,freshness-audit,P2,provisional,"Controleer zoekintentie, feiten, datumclaims, interne links en consolidatiekansen."
nl,https://go2-thailand.com/nl/where-to-stay/bangkok/budget/,/nl/where-to-stay/bangkok/budget/,/where-to-stay/bangkok/budget/,where-to-stay,yes,hotel-guide,merge-candidate,P1,provisional,Mogelijke intentie-overlap met /best-hotels/bangkok/budget/; pas redirect toe na inhoudelijke en backlink-audit.
nl,https://go2-thailand.com/nl/where-to-stay/bangkok/couples/,/nl/where-to-stay/bangkok/couples/,/where-to-stay/bangkok/couples/,where-to-stay,yes,hotel-guide,merge-candidate,P1,provisional,Mogelijke intentie-overlap met /best-hotels/bangkok/couples/; pas redirect toe na inhoudelijke en backlink-audit.
nl,https://go2-thailand.com/nl/where-to-stay/bangkok/digital-nomads/,/nl/where-to-stay/bangkok/digital-nomads/,/where-to-stay/bangkok/digital-nomads/,where-to-stay,yes,hotel-guide,keep-improve,P2,provisional,Geen parallelle best-hotels-route gevonden; bevestig intentie via DFS.
nl,https://go2-thailand.com/nl/where-to-stay/bangkok/family/,/nl/where-to-stay/bangkok/family/,/where-to-stay/bangkok/family/,where-to-stay,yes,hotel-guide,merge-candidate,P1,provisional,Mogelijke intentie-overlap met /best-hotels/bangkok/family/; pas redirect toe na inhoudelijke en backlink-audit.
nl,https://go2-thailand.com/nl/where-to-stay/bangkok/first-time/,/nl/where-to-stay/bangkok/first-time/,/where-to-stay/bangkok/first-time/,where-to-stay,yes,hotel-guide,keep-improve,P2,provisional,Geen parallelle best-hotels-route gevonden; bevestig intentie via DFS.
nl,https://go2-thailand.com/nl/where-to-stay/bangkok/nightlife/,/nl/where-to-stay/bangkok/nightlife/,/where-to-stay/bangkok/nightlife/,where-to-stay,yes,hotel-guide,keep-improve,P2,provisional,Geen parallelle best-hotels-route gevonden; bevestig intentie via DFS.
nl,https://go2-thailand.com/nl/where-to-stay/chiang-mai/budget/,/nl/where-to-stay/chiang-mai/budget/,/where-to-stay/chiang-mai/budget/,where-to-stay,yes,hotel-guide,merge-candidate,P1,provisional,Mogelijke intentie-overlap met /best-hotels/chiang-mai/budget/; pas redirect toe na inhoudelijke en backlink-audit.
nl,https://go2-thailand.com/nl/where-to-stay/chiang-mai/couples/,/nl/where-to-stay/chiang-mai/couples/,/where-to-stay/chiang-mai/couples/,where-to-stay,yes,hotel-guide,merge-candidate,P1,provisional,Mogelijke intentie-overlap met /best-hotels/chiang-mai/couples/; pas redirect toe na inhoudelijke en backlink-audit.
nl,https://go2-thailand.com/nl/where-to-stay/chiang-mai/digital-nomads/,/nl/where-to-stay/chiang-mai/digital-nomads/,/where-to-stay/chiang-mai/digital-nomads/,where-to-stay,yes,hotel-guide,keep-improve,P2,provisional,Geen parallelle best-hotels-route gevonden; bevestig intentie via DFS.
nl,https://go2-thailand.com/nl/where-to-stay/chiang-mai/family/,/nl/where-to-stay/chiang-mai/family/,/where-to-stay/chiang-mai/family/,where-to-stay,yes,hotel-guide,merge-candidate,P1,provisional,Mogelijke intentie-overlap met /best-hotels/chiang-mai/family/; pas redirect toe na inhoudelijke en backlink-audit.
nl,https://go2-thailand.com/nl/where-to-stay/chiang-mai/first-time/,/nl/where-to-stay/chiang-mai/first-time/,/where-to-stay/chiang-mai/first-time/,where-to-stay,yes,hotel-guide,keep-improve,P2,provisional,Geen parallelle best-hotels-route gevonden; bevestig intentie via DFS.
nl,https://go2-thailand.com/nl/where-to-stay/chiang-mai/nightlife/,/nl/where-to-stay/chiang-mai/nightlife/,/where-to-stay/chiang-mai/nightlife/,where-to-stay,yes,hotel-guide,keep-improve,P2,provisional,Geen parallelle best-hotels-route gevonden; bevestig intentie via DFS.
nl,https://go2-thailand.com/nl/where-to-stay/koh-samui/budget/,/nl/where-to-stay/koh-samui/budget/,/where-to-stay/koh-samui/budget/,where-to-stay,yes,hotel-guide,merge-candidate,P1,provisional,Mogelijke intentie-overlap met /best-hotels/koh-samui/budget/; pas redirect toe na inhoudelijke en backlink-audit.
nl,https://go2-thailand.com/nl/where-to-stay/koh-samui/couples/,/nl/where-to-stay/koh-samui/couples/,/where-to-stay/koh-samui/couples/,where-to-stay,yes,hotel-guide,merge-candidate,P1,provisional,Mogelijke intentie-overlap met /best-hotels/koh-samui/couples/; pas redirect toe na inhoudelijke en backlink-audit.
nl,https://go2-thailand.com/nl/where-to-stay/koh-samui/digital-nomads/,/nl/where-to-stay/koh-samui/digital-nomads/,/where-to-stay/koh-samui/digital-nomads/,where-to-stay,yes,hotel-guide,keep-improve,P2,provisional,Geen parallelle best-hotels-route gevonden; bevestig intentie via DFS.
nl,https://go2-thailand.com/nl/where-to-stay/koh-samui/family/,/nl/where-to-stay/koh-samui/family/,/where-to-stay/koh-samui/family/,where-to-stay,yes,hotel-guide,merge-candidate,P1,provisional,Mogelijke intentie-overlap met /best-hotels/koh-samui/family/; pas redirect toe na inhoudelijke en backlink-audit.
nl,https://go2-thailand.com/nl/where-to-stay/koh-samui/first-time/,/nl/where-to-stay/koh-samui/first-time/,/where-to-stay/koh-samui/first-time/,where-to-stay,yes,hotel-guide,keep-improve,P2,provisional,Geen parallelle best-hotels-route gevonden; bevestig intentie via DFS.
nl,https://go2-thailand.com/nl/where-to-stay/koh-samui/nightlife/,/nl/where-to-stay/koh-samui/nightlife/,/where-to-stay/koh-samui/nightlife/,where-to-stay,yes,hotel-guide,keep-improve,P2,provisional,Geen parallelle best-hotels-route gevonden; bevestig intentie via DFS.
nl,https://go2-thailand.com/nl/where-to-stay/krabi/budget/,/nl/where-to-stay/krabi/budget/,/where-to-stay/krabi/budget/,where-to-stay,yes,hotel-guide,merge-candidate,P1,provisional,Mogelijke intentie-overlap met /best-hotels/krabi/budget/; pas redirect toe na inhoudelijke en backlink-audit.
nl,https://go2-thailand.com/nl/where-to-stay/krabi/couples/,/nl/where-to-stay/krabi/couples/,/where-to-stay/krabi/couples/,where-to-stay,yes,hotel-guide,merge-candidate,P1,provisional,Mogelijke intentie-overlap met /best-hotels/krabi/couples/; pas redirect toe na inhoudelijke en backlink-audit.
nl,https://go2-thailand.com/nl/where-to-stay/krabi/digital-nomads/,/nl/where-to-stay/krabi/digital-nomads/,/where-to-stay/krabi/digital-nomads/,where-to-stay,yes,hotel-guide,keep-improve,P2,provisional,Geen parallelle best-hotels-route gevonden; bevestig intentie via DFS.
nl,https://go2-thailand.com/nl/where-to-stay/krabi/family/,/nl/where-to-stay/krabi/family/,/where-to-stay/krabi/family/,where-to-stay,yes,hotel-guide,merge-candidate,P1,provisional,Mogelijke intentie-overlap met /best-hotels/krabi/family/; pas redirect toe na inhoudelijke en backlink-audit.
nl,https://go2-thailand.com/nl/where-to-stay/krabi/first-time/,/nl/where-to-stay/krabi/first-time/,/where-to-stay/krabi/first-time/,where-to-stay,yes,hotel-guide,keep-improve,P2,provisional,Geen parallelle best-hotels-route gevonden; bevestig intentie via DFS.
nl,https://go2-thailand.com/nl/where-to-stay/krabi/nightlife/,/nl/where-to-stay/krabi/nightlife/,/where-to-stay/krabi/nightlife/,where-to-stay,yes,hotel-guide,keep-improve,P2,provisional,Geen parallelle best-hotels-route gevonden; bevestig intentie via DFS.
nl,https://go2-thailand.com/nl/where-to-stay/phuket/budget/,/nl/where-to-stay/phuket/budget/,/where-to-stay/phuket/budget/,where-to-stay,yes,hotel-guide,merge-candidate,P1,provisional,Mogelijke intentie-overlap met /best-hotels/phuket/budget/; pas redirect toe na inhoudelijke en backlink-audit.
nl,https://go2-thailand.com/nl/where-to-stay/phuket/couples/,/nl/where-to-stay/phuket/couples/,/where-to-stay/phuket/couples/,where-to-stay,yes,hotel-guide,merge-candidate,P1,provisional,Mogelijke intentie-overlap met /best-hotels/phuket/couples/; pas redirect toe na inhoudelijke en backlink-audit.
nl,https://go2-thailand.com/nl/where-to-stay/phuket/digital-nomads/,/nl/where-to-stay/phuket/digital-nomads/,/where-to-stay/phuket/digital-nomads/,where-to-stay,yes,hotel-guide,keep-improve,P2,provisional,Geen parallelle best-hotels-route gevonden; bevestig intentie via DFS.
nl,https://go2-thailand.com/nl/where-to-stay/phuket/family/,/nl/where-to-stay/phuket/family/,/where-to-stay/phuket/family/,where-to-stay,yes,hotel-guide,merge-candidate,P1,provisional,Mogelijke intentie-overlap met /best-hotels/phuket/family/; pas redirect toe na inhoudelijke en backlink-audit.
nl,https://go2-thailand.com/nl/where-to-stay/phuket/first-time/,/nl/where-to-stay/phuket/first-time/,/where-to-stay/phuket/first-time/,where-to-stay,yes,hotel-guide,keep-improve,P2,provisional,Geen parallelle best-hotels-route gevonden; bevestig intentie via DFS.
nl,https://go2-thailand.com/nl/where-to-stay/phuket/nightlife/,/nl/where-to-stay/phuket/nightlife/,/where-to-stay/phuket/nightlife/,where-to-stay,yes,hotel-guide,keep-improve,P2,provisional,Geen parallelle best-hotels-route gevonden; bevestig intentie via DFS.
nl,https://go2-thailand.com/nl/best-hotels/bangkok/boutique/,/nl/best-hotels/bangkok/boutique/,/best-hotels/bangkok/boutique/,hotel-commercial,yes,hotel-guide,keep-improve,P1,provisional,Belangrijke destination- of commerciële pagina; locale-specifieke DFS-brief vereist.
nl,https://go2-thailand.com/nl/best-hotels/bangkok/budget/,/nl/best-hotels/bangkok/budget/,/best-hotels/bangkok/budget/,hotel-commercial,yes,hotel-guide,keep-improve,P1,provisional,Belangrijke destination- of commerciële pagina; locale-specifieke DFS-brief vereist.
nl,https://go2-thailand.com/nl/best-hotels/bangkok/couples/,/nl/best-hotels/bangkok/couples/,/best-hotels/bangkok/couples/,hotel-commercial,yes,hotel-guide,keep-improve,P1,provisional,Belangrijke destination- of commerciële pagina; locale-specifieke DFS-brief vereist.
nl,https://go2-thailand.com/nl/best-hotels/bangkok/family/,/nl/best-hotels/bangkok/family/,/best-hotels/bangkok/family/,hotel-commercial,yes,hotel-guide,keep-improve,P1,provisional,Belangrijke destination- of commerciële pagina; locale-specifieke DFS-brief vereist.
nl,https://go2-thailand.com/nl/best-hotels/bangkok/luxury/,/nl/best-hotels/bangkok/luxury/,/best-hotels/bangkok/luxury/,hotel-commercial,yes,hotel-guide,keep-improve,P1,provisional,Belangrijke destination- of commerciële pagina; locale-specifieke DFS-brief vereist.
nl,https://go2-thailand.com/nl/best-hotels/bangkok/mid-range/,/nl/best-hotels/bangkok/mid-range/,/best-hotels/bangkok/mid-range/,hotel-commercial,yes,hotel-guide,keep-improve,P1,provisional,Belangrijke destination- of commerciële pagina; locale-specifieke DFS-brief vereist.
nl,https://go2-thailand.com/nl/best-hotels/chiang-mai/boutique/,/nl/best-hotels/chiang-mai/boutique/,/best-hotels/chiang-mai/boutique/,hotel-commercial,yes,hotel-guide,keep-improve,P1,provisional,Belangrijke destination- of commerciële pagina; locale-specifieke DFS-brief vereist.
nl,https://go2-thailand.com/nl/best-hotels/chiang-mai/budget/,/nl/best-hotels/chiang-mai/budget/,/best-hotels/chiang-mai/budget/,hotel-commercial,yes,hotel-guide,keep-improve,P1,provisional,Belangrijke destination- of commerciële pagina; locale-specifieke DFS-brief vereist.
nl,https://go2-thailand.com/nl/best-hotels/chiang-mai/couples/,/nl/best-hotels/chiang-mai/couples/,/best-hotels/chiang-mai/couples/,hotel-commercial,yes,hotel-guide,keep-improve,P1,provisional,Belangrijke destination- of commerciële pagina; locale-specifieke DFS-brief vereist.
nl,https://go2-thailand.com/nl/best-hotels/chiang-mai/family/,/nl/best-hotels/chiang-mai/family/,/best-hotels/chiang-mai/family/,hotel-commercial,yes,hotel-guide,keep-improve,P1,provisional,Belangrijke destination- of commerciële pagina; locale-specifieke DFS-brief vereist.
nl,https://go2-thailand.com/nl/best-hotels/chiang-mai/luxury/,/nl/best-hotels/chiang-mai/luxury/,/best-hotels/chiang-mai/luxury/,hotel-commercial,yes,hotel-guide,keep-improve,P1,provisional,Belangrijke destination- of commerciële pagina; locale-specifieke DFS-brief vereist.
nl,https://go2-thailand.com/nl/best-hotels/chiang-mai/mid-range/,/nl/best-hotels/chiang-mai/mid-range/,/best-hotels/chiang-mai/mid-range/,hotel-commercial,yes,hotel-guide,keep-improve,P1,provisional,Belangrijke destination- of commerciële pagina; locale-specifieke DFS-brief vereist.
nl,https://go2-thailand.com/nl/best-hotels/chiang-mai/old-town/,/nl/best-hotels/chiang-mai/old-town/,/best-hotels/chiang-mai/old-town/,hotel-commercial,yes,hotel-guide,keep-improve,P1,provisional,Belangrijke destination- of commerciële pagina; locale-specifieke DFS-brief vereist.
nl,https://go2-thailand.com/nl/best-hotels/chiang-mai/private-pool/,/nl/best-hotels/chiang-mai/private-pool/,/best-hotels/chiang-mai/private-pool/,hotel-commercial,yes,hotel-guide,keep-improve,P1,provisional,Belangrijke destination- of commerciële pagina; locale-specifieke DFS-brief vereist.
nl,https://go2-thailand.com/nl/best-hotels/koh-samui/beachfront/,/nl/best-hotels/koh-samui/beachfront/,/best-hotels/koh-samui/beachfront/,hotel-commercial,yes,hotel-guide,keep-improve,P1,provisional,Belangrijke destination- of commerciële pagina; locale-specifieke DFS-brief vereist.
nl,https://go2-thailand.com/nl/best-hotels/koh-samui/boutique/,/nl/best-hotels/koh-samui/boutique/,/best-hotels/koh-samui/boutique/,hotel-commercial,yes,hotel-guide,keep-improve,P1,provisional,Belangrijke destination- of commerciële pagina; locale-specifieke DFS-brief vereist.
nl,https://go2-thailand.com/nl/best-hotels/koh-samui/budget/,/nl/best-hotels/koh-samui/budget/,/best-hotels/koh-samui/budget/,hotel-commercial,yes,hotel-guide,keep-improve,P1,provisional,Belangrijke destination- of commerciële pagina; locale-specifieke DFS-brief vereist.
nl,https://go2-thailand.com/nl/best-hotels/koh-samui/couples/,/nl/best-hotels/koh-samui/couples/,/best-hotels/koh-samui/couples/,hotel-commercial,yes,hotel-guide,keep-improve,P1,provisional,Belangrijke destination- of commerciële pagina; locale-specifieke DFS-brief vereist.
nl,https://go2-thailand.com/nl/best-hotels/koh-samui/family/,/nl/best-hotels/koh-samui/family/,/best-hotels/koh-samui/family/,hotel-commercial,yes,hotel-guide,keep-improve,P1,provisional,Belangrijke destination- of commerciële pagina; locale-specifieke DFS-brief vereist.
nl,https://go2-thailand.com/nl/best-hotels/koh-samui/luxury/,/nl/best-hotels/koh-samui/luxury/,/best-hotels/koh-samui/luxury/,hotel-commercial,yes,hotel-guide,keep-improve,P1,provisional,Belangrijke destination- of commerciële pagina; locale-specifieke DFS-brief vereist.
nl,https://go2-thailand.com/nl/best-hotels/koh-samui/mid-range/,/nl/best-hotels/koh-samui/mid-range/,/best-hotels/koh-samui/mid-range/,hotel-commercial,yes,hotel-guide,keep-improve,P1,provisional,Belangrijke destination- of commerciële pagina; locale-specifieke DFS-brief vereist.
nl,https://go2-thailand.com/nl/best-hotels/krabi/beachfront/,/nl/best-hotels/krabi/beachfront/,/best-hotels/krabi/beachfront/,hotel-commercial,yes,hotel-guide,keep-improve,P1,provisional,Belangrijke destination- of commerciële pagina; locale-specifieke DFS-brief vereist.
nl,https://go2-thailand.com/nl/best-hotels/krabi/boutique/,/nl/best-hotels/krabi/boutique/,/best-hotels/krabi/boutique/,hotel-commercial,yes,hotel-guide,keep-improve,P1,provisional,Belangrijke destination- of commerciële pagina; locale-specifieke DFS-brief vereist.
nl,https://go2-thailand.com/nl/best-hotels/krabi/budget/,/nl/best-hotels/krabi/budget/,/best-hotels/krabi/budget/,hotel-commercial,yes,hotel-guide,keep-improve,P1,provisional,Belangrijke destination- of commerciële pagina; locale-specifieke DFS-brief vereist.
nl,https://go2-thailand.com/nl/best-hotels/krabi/couples/,/nl/best-hotels/krabi/couples/,/best-hotels/krabi/couples/,hotel-commercial,yes,hotel-guide,keep-improve,P1,provisional,Belangrijke destination- of commerciële pagina; locale-specifieke DFS-brief vereist.
nl,https://go2-thailand.com/nl/best-hotels/krabi/family/,/nl/best-hotels/krabi/family/,/best-hotels/krabi/family/,hotel-commercial,yes,hotel-guide,keep-improve,P1,provisional,Belangrijke destination- of commerciële pagina; locale-specifieke DFS-brief vereist.
nl,https://go2-thailand.com/nl/best-hotels/krabi/luxury/,/nl/best-hotels/krabi/luxury/,/best-hotels/krabi/luxury/,hotel-commercial,yes,hotel-guide,keep-improve,P1,provisional,Belangrijke destination- of commerciële pagina; locale-specifieke DFS-brief vereist.
nl,https://go2-thailand.com/nl/best-hotels/krabi/mid-range/,/nl/best-hotels/krabi/mid-range/,/best-hotels/krabi/mid-range/,hotel-commercial,yes,hotel-guide,keep-improve,P1,provisional,Belangrijke destination- of commerciële pagina; locale-specifieke DFS-brief vereist.
nl,https://go2-thailand.com/nl/best-hotels/phuket/all-inclusive/,/nl/best-hotels/phuket/all-inclusive/,/best-hotels/phuket/all-inclusive/,hotel-commercial,yes,hotel-guide,keep-improve,P1,provisional,Belangrijke destination- of commerciële pagina; locale-specifieke DFS-brief vereist.
nl,https://go2-thailand.com/nl/best-hotels/phuket/beachfront/,/nl/best-hotels/phuket/beachfront/,/best-hotels/phuket/beachfront/,hotel-commercial,yes,hotel-guide,keep-improve,P1,provisional,Belangrijke destination- of commerciële pagina; locale-specifieke DFS-brief vereist.
nl,https://go2-thailand.com/nl/best-hotels/phuket/boutique/,/nl/best-hotels/phuket/boutique/,/best-hotels/phuket/boutique/,hotel-commercial,yes,hotel-guide,keep-improve,P1,provisional,Belangrijke destination- of commerciële pagina; locale-specifieke DFS-brief vereist.
nl,https://go2-thailand.com/nl/best-hotels/phuket/budget/,/nl/best-hotels/phuket/budget/,/best-hotels/phuket/budget/,hotel-commercial,yes,hotel-guide,keep-improve,P1,provisional,Belangrijke destination- of commerciële pagina; locale-specifieke DFS-brief vereist.
nl,https://go2-thailand.com/nl/best-hotels/phuket/couples/,/nl/best-hotels/phuket/couples/,/best-hotels/phuket/couples/,hotel-commercial,yes,hotel-guide,keep-improve,P1,provisional,Belangrijke destination- of commerciële pagina; locale-specifieke DFS-brief vereist.
nl,https://go2-thailand.com/nl/best-hotels/phuket/family/,/nl/best-hotels/phuket/family/,/best-hotels/phuket/family/,hotel-commercial,yes,hotel-guide,keep-improve,P1,provisional,Belangrijke destination- of commerciële pagina; locale-specifieke DFS-brief vereist.
nl,https://go2-thailand.com/nl/best-hotels/phuket/luxury/,/nl/best-hotels/phuket/luxury/,/best-hotels/phuket/luxury/,hotel-commercial,yes,hotel-guide,keep-improve,P1,provisional,Belangrijke destination- of commerciële pagina; locale-specifieke DFS-brief vereist.
nl,https://go2-thailand.com/nl/best-hotels/phuket/mid-range/,/nl/best-hotels/phuket/mid-range/,/best-hotels/phuket/mid-range/,hotel-commercial,yes,hotel-guide,keep-improve,P1,provisional,Belangrijke destination- of commerciële pagina; locale-specifieke DFS-brief vereist.
nl,https://go2-thailand.com/nl/best-hotels/phuket/resorts/,/nl/best-hotels/phuket/resorts/,/best-hotels/phuket/resorts/,hotel-commercial,yes,hotel-guide,keep-improve,P1,provisional,Belangrijke destination- of commerciële pagina; locale-specifieke DFS-brief vereist.
nl,https://go2-thailand.com/nl/areas/bangkok/ari/,/nl/areas/bangkok/ari/,/areas/bangkok/ari/,location-directory,yes,location-directory,template-audit,P2,provisional,Behoud voorlopig; valideer indexatiewaarde en templatekwaliteit per cluster.
nl,https://go2-thailand.com/nl/areas/bangkok/chatuchak/,/nl/areas/bangkok/chatuchak/,/areas/bangkok/chatuchak/,location-directory,yes,location-directory,template-audit,P2,provisional,Behoud voorlopig; valideer indexatiewaarde en templatekwaliteit per cluster.
nl,https://go2-thailand.com/nl/areas/bangkok/chinatown-yaowarat/,/nl/areas/bangkok/chinatown-yaowarat/,/areas/bangkok/chinatown-yaowarat/,location-directory,yes,location-directory,template-audit,P2,provisional,Behoud voorlopig; valideer indexatiewaarde en templatekwaliteit per cluster.
nl,https://go2-thailand.com/nl/areas/bangkok/ekkamai/,/nl/areas/bangkok/ekkamai/,/areas/bangkok/ekkamai/,location-directory,yes,location-directory,template-audit,P2,provisional,Behoud voorlopig; valideer indexatiewaarde en templatekwaliteit per cluster.
nl,https://go2-thailand.com/nl/areas/bangkok/khao-san-banglamphu-old-city-north/,/nl/areas/bangkok/khao-san-banglamphu-old-city-north/,/areas/bangkok/khao-san-banglamphu-old-city-north/,location-directory,yes,location-directory,template-audit,P2,provisional,Behoud voorlopig; valideer indexatiewaarde en templatekwaliteit per cluster.
nl,https://go2-thailand.com/nl/areas/bangkok/pratunam/,/nl/areas/bangkok/pratunam/,/areas/bangkok/pratunam/,location-directory,yes,location-directory,template-audit,P2,provisional,Behoud voorlopig; valideer indexatiewaarde en templatekwaliteit per cluster.
nl,https://go2-thailand.com/nl/areas/bangkok/riverside-charoen-krung-sathorn-pier/,/nl/areas/bangkok/riverside-charoen-krung-sathorn-pier/,/areas/bangkok/riverside-charoen-krung-sathorn-pier/,location-directory,yes,location-directory,template-audit,P2,provisional,Behoud voorlopig; valideer indexatiewaarde en templatekwaliteit per cluster.
nl,https://go2-thailand.com/nl/areas/bangkok/siam/,/nl/areas/bangkok/siam/,/areas/bangkok/siam/,location-directory,yes,location-directory,template-audit,P2,provisional,Behoud voorlopig; valideer indexatiewaarde en templatekwaliteit per cluster.
nl,https://go2-thailand.com/nl/areas/bangkok/silom-sathorn/,/nl/areas/bangkok/silom-sathorn/,/areas/bangkok/silom-sathorn/,location-directory,yes,location-directory,template-audit,P2,provisional,Behoud voorlopig; valideer indexatiewaarde en templatekwaliteit per cluster.
nl,https://go2-thailand.com/nl/areas/bangkok/sukhumvit/,/nl/areas/bangkok/sukhumvit/,/areas/bangkok/sukhumvit/,location-directory,yes,location-directory,template-audit,P2,provisional,Behoud voorlopig; valideer indexatiewaarde en templatekwaliteit per cluster.
nl,https://go2-thailand.com/nl/areas/bangkok/thonburi-west-bank/,/nl/areas/bangkok/thonburi-west-bank/,/areas/bangkok/thonburi-west-bank/,location-directory,yes,location-directory,template-audit,P2,provisional,Behoud voorlopig; valideer indexatiewaarde en templatekwaliteit per cluster.
nl,https://go2-thailand.com/nl/areas/bangkok/thonglor/,/nl/areas/bangkok/thonglor/,/areas/bangkok/thonglor/,location-directory,yes,location-directory,template-audit,P2,provisional,Behoud voorlopig; valideer indexatiewaarde en templatekwaliteit per cluster.
nl,https://go2-thailand.com/nl/areas/chiang-mai/chang-phuak/,/nl/areas/chiang-mai/chang-phuak/,/areas/chiang-mai/chang-phuak/,location-directory,yes,location-directory,template-audit,P2,provisional,Behoud voorlopig; valideer indexatiewaarde en templatekwaliteit per cluster.
nl,https://go2-thailand.com/nl/areas/chiang-mai/hang-dong/,/nl/areas/chiang-mai/hang-dong/,/areas/chiang-mai/hang-dong/,location-directory,yes,location-directory,template-audit,P2,provisional,Behoud voorlopig; valideer indexatiewaarde en templatekwaliteit per cluster.
nl,https://go2-thailand.com/nl/areas/chiang-mai/huay-kaew/,/nl/areas/chiang-mai/huay-kaew/,/areas/chiang-mai/huay-kaew/,location-directory,yes,location-directory,template-audit,P2,provisional,Behoud voorlopig; valideer indexatiewaarde en templatekwaliteit per cluster.
nl,https://go2-thailand.com/nl/areas/chiang-mai/loi-kroh/,/nl/areas/chiang-mai/loi-kroh/,/areas/chiang-mai/loi-kroh/,location-directory,yes,location-directory,template-audit,P2,provisional,Behoud voorlopig; valideer indexatiewaarde en templatekwaliteit per cluster.
nl,https://go2-thailand.com/nl/areas/chiang-mai/night-bazaar-chang-khlan/,/nl/areas/chiang-mai/night-bazaar-chang-khlan/,/areas/chiang-mai/night-bazaar-chang-khlan/,location-directory,yes,location-directory,template-audit,P2,provisional,Behoud voorlopig; valideer indexatiewaarde en templatekwaliteit per cluster.
nl,https://go2-thailand.com/nl/areas/chiang-mai/nimmanhaemin-nimman/,/nl/areas/chiang-mai/nimmanhaemin-nimman/,/areas/chiang-mai/nimmanhaemin-nimman/,location-directory,yes,location-directory,template-audit,P2,provisional,Behoud voorlopig; valideer indexatiewaarde en templatekwaliteit per cluster.
nl,https://go2-thailand.com/nl/areas/chiang-mai/old-city-within-the-moat/,/nl/areas/chiang-mai/old-city-within-the-moat/,/areas/chiang-mai/old-city-within-the-moat/,location-directory,yes,location-directory,template-audit,P2,provisional,Behoud voorlopig; valideer indexatiewaarde en templatekwaliteit per cluster.
nl,https://go2-thailand.com/nl/areas/chiang-mai/riverside-wat-ket-charoen-rat/,/nl/areas/chiang-mai/riverside-wat-ket-charoen-rat/,/areas/chiang-mai/riverside-wat-ket-charoen-rat/,location-directory,yes,location-directory,template-audit,P2,provisional,Behoud voorlopig; valideer indexatiewaarde en templatekwaliteit per cluster.
nl,https://go2-thailand.com/nl/areas/chiang-mai/santitham/,/nl/areas/chiang-mai/santitham/,/areas/chiang-mai/santitham/,location-directory,yes,location-directory,template-audit,P2,provisional,Behoud voorlopig; valideer indexatiewaarde en templatekwaliteit per cluster.
nl,https://go2-thailand.com/nl/areas/chiang-mai/warorot-kad-luang/,/nl/areas/chiang-mai/warorot-kad-luang/,/areas/chiang-mai/warorot-kad-luang/,location-directory,yes,location-directory,template-audit,P2,provisional,Behoud voorlopig; valideer indexatiewaarde en templatekwaliteit per cluster.
nl,https://go2-thailand.com/nl/areas/phuket/karon/,/nl/areas/phuket/karon/,/areas/phuket/karon/,location-directory,yes,location-directory,template-audit,P2,provisional,Behoud voorlopig; valideer indexatiewaarde en templatekwaliteit per cluster.
nl,https://go2-thailand.com/nl/areas/koh-samui/bang-rak/,/nl/areas/koh-samui/bang-rak/,/areas/koh-samui/bang-rak/,location-directory,yes,location-directory,template-audit,P2,provisional,Behoud voorlopig; valideer indexatiewaarde en templatekwaliteit per cluster.
nl,https://go2-thailand.com/nl/areas/koh-samui/bophut-fishermans-village/,/nl/areas/koh-samui/bophut-fishermans-village/,/areas/koh-samui/bophut-fishermans-village/,location-directory,yes,location-directory,template-audit,P2,provisional,Behoud voorlopig; valideer indexatiewaarde en templatekwaliteit per cluster.
nl,https://go2-thailand.com/nl/areas/koh-samui/chaweng-beach/,/nl/areas/koh-samui/chaweng-beach/,/areas/koh-samui/chaweng-beach/,location-directory,yes,location-directory,template-audit,P2,provisional,Behoud voorlopig; valideer indexatiewaarde en templatekwaliteit per cluster.
nl,https://go2-thailand.com/nl/areas/koh-samui/choeng-mon/,/nl/areas/koh-samui/choeng-mon/,/areas/koh-samui/choeng-mon/,location-directory,yes,location-directory,template-audit,P2,provisional,Behoud voorlopig; valideer indexatiewaarde en templatekwaliteit per cluster.
nl,https://go2-thailand.com/nl/areas/koh-samui/hua-thanon/,/nl/areas/koh-samui/hua-thanon/,/areas/koh-samui/hua-thanon/,location-directory,yes,location-directory,template-audit,P2,provisional,Behoud voorlopig; valideer indexatiewaarde en templatekwaliteit per cluster.
nl,https://go2-thailand.com/nl/areas/koh-samui/laem-set/,/nl/areas/koh-samui/laem-set/,/areas/koh-samui/laem-set/,location-directory,yes,location-directory,template-audit,P2,provisional,Behoud voorlopig; valideer indexatiewaarde en templatekwaliteit per cluster.
nl,https://go2-thailand.com/nl/areas/koh-samui/lamai-beach/,/nl/areas/koh-samui/lamai-beach/,/areas/koh-samui/lamai-beach/,location-directory,yes,location-directory,template-audit,P2,provisional,Behoud voorlopig; valideer indexatiewaarde en templatekwaliteit per cluster.
nl,https://go2-thailand.com/nl/areas/koh-samui/lipa-noi/,/nl/areas/koh-samui/lipa-noi/,/areas/koh-samui/lipa-noi/,location-directory,yes,location-directory,template-audit,P2,provisional,Behoud voorlopig; valideer indexatiewaarde en templatekwaliteit per cluster.
nl,https://go2-thailand.com/nl/areas/koh-samui/maenam-beach/,/nl/areas/koh-samui/maenam-beach/,/areas/koh-samui/maenam-beach/,location-directory,yes,location-directory,template-audit,P2,provisional,Behoud voorlopig; valideer indexatiewaarde en templatekwaliteit per cluster.
nl,https://go2-thailand.com/nl/areas/koh-samui/nathon-town/,/nl/areas/koh-samui/nathon-town/,/areas/koh-samui/nathon-town/,location-directory,yes,location-directory,template-audit,P2,provisional,Behoud voorlopig; valideer indexatiewaarde en templatekwaliteit per cluster.
nl,https://go2-thailand.com/nl/areas/koh-samui/taling-ngam/,/nl/areas/koh-samui/taling-ngam/,/areas/koh-samui/taling-ngam/,location-directory,yes,location-directory,template-audit,P2,provisional,Behoud voorlopig; valideer indexatiewaarde en templatekwaliteit per cluster.
nl,https://go2-thailand.com/nl/areas/krabi/ao-nang/,/nl/areas/krabi/ao-nang/,/areas/krabi/ao-nang/,location-directory,yes,location-directory,template-audit,P2,provisional,Behoud voorlopig; valideer indexatiewaarde en templatekwaliteit per cluster.
nl,https://go2-thailand.com/nl/areas/krabi/klong-muang/,/nl/areas/krabi/klong-muang/,/areas/krabi/klong-muang/,location-directory,yes,location-directory,template-audit,P2,provisional,Behoud voorlopig; valideer indexatiewaarde en templatekwaliteit per cluster.
nl,https://go2-thailand.com/nl/areas/krabi/krabi-town/,/nl/areas/krabi/krabi-town/,/areas/krabi/krabi-town/,location-directory,yes,location-directory,template-audit,P2,provisional,Behoud voorlopig; valideer indexatiewaarde en templatekwaliteit per cluster.
nl,https://go2-thailand.com/nl/areas/krabi/loh-dalum-bay-koh-phi-phi/,/nl/areas/krabi/loh-dalum-bay-koh-phi-phi/,/areas/krabi/loh-dalum-bay-koh-phi-phi/,location-directory,yes,location-directory,template-audit,P2,provisional,Behoud voorlopig; valideer indexatiewaarde en templatekwaliteit per cluster.
nl,https://go2-thailand.com/nl/areas/krabi/long-beach-koh-lanta/,/nl/areas/krabi/long-beach-koh-lanta/,/areas/krabi/long-beach-koh-lanta/,location-directory,yes,location-directory,template-audit,P2,provisional,Behoud voorlopig; valideer indexatiewaarde en templatekwaliteit per cluster.
nl,https://go2-thailand.com/nl/areas/krabi/nopparat-thara-beach/,/nl/areas/krabi/nopparat-thara-beach/,/areas/krabi/nopparat-thara-beach/,location-directory,yes,location-directory,template-audit,P2,provisional,Behoud voorlopig; valideer indexatiewaarde en templatekwaliteit per cluster.
nl,https://go2-thailand.com/nl/areas/krabi/railay-beach/,/nl/areas/krabi/railay-beach/,/areas/krabi/railay-beach/,location-directory,yes,location-directory,template-audit,P2,provisional,Behoud voorlopig; valideer indexatiewaarde en templatekwaliteit per cluster.
nl,https://go2-thailand.com/nl/areas/krabi/saladan/,/nl/areas/krabi/saladan/,/areas/krabi/saladan/,location-directory,yes,location-directory,template-audit,P2,provisional,Behoud voorlopig; valideer indexatiewaarde en templatekwaliteit per cluster.
nl,https://go2-thailand.com/nl/areas/krabi/tonsai-koh-phi-phi/,/nl/areas/krabi/tonsai-koh-phi-phi/,/areas/krabi/tonsai-koh-phi-phi/,location-directory,yes,location-directory,template-audit,P2,provisional,Behoud voorlopig; valideer indexatiewaarde en templatekwaliteit per cluster.
nl,https://go2-thailand.com/nl/areas/krabi/tubkaek-beach/,/nl/areas/krabi/tubkaek-beach/,/areas/krabi/tubkaek-beach/,location-directory,yes,location-directory,template-audit,P2,provisional,Behoud voorlopig; valideer indexatiewaarde en templatekwaliteit per cluster.
nl,https://go2-thailand.com/nl/areas/phuket/cape-panwa/,/nl/areas/phuket/cape-panwa/,/areas/phuket/cape-panwa/,location-directory,yes,location-directory,template-audit,P2,provisional,Behoud voorlopig; valideer indexatiewaarde en templatekwaliteit per cluster.
nl,https://go2-thailand.com/nl/areas/phuket/chalong/,/nl/areas/phuket/chalong/,/areas/phuket/chalong/,location-directory,yes,location-directory,template-audit,P2,provisional,Behoud voorlopig; valideer indexatiewaarde en templatekwaliteit per cluster.
nl,https://go2-thailand.com/nl/areas/phuket/kamala-beach/,/nl/areas/phuket/kamala-beach/,/areas/phuket/kamala-beach/,location-directory,yes,location-directory,template-audit,P2,provisional,Behoud voorlopig; valideer indexatiewaarde en templatekwaliteit per cluster.
nl,https://go2-thailand.com/nl/areas/phuket/karon-beach/,/nl/areas/phuket/karon-beach/,/areas/phuket/karon-beach/,location-directory,yes,location-directory,template-audit,P2,provisional,Behoud voorlopig; valideer indexatiewaarde en templatekwaliteit per cluster.
nl,https://go2-thailand.com/nl/areas/phuket/kata-beach/,/nl/areas/phuket/kata-beach/,/areas/phuket/kata-beach/,location-directory,yes,location-directory,template-audit,P2,provisional,Behoud voorlopig; valideer indexatiewaarde en templatekwaliteit per cluster.
nl,https://go2-thailand.com/nl/areas/phuket/mai-khao-beach/,/nl/areas/phuket/mai-khao-beach/,/areas/phuket/mai-khao-beach/,location-directory,yes,location-directory,template-audit,P2,provisional,Behoud voorlopig; valideer indexatiewaarde en templatekwaliteit per cluster.
nl,https://go2-thailand.com/nl/areas/phuket/nai-yang-beach/,/nl/areas/phuket/nai-yang-beach/,/areas/phuket/nai-yang-beach/,location-directory,yes,location-directory,template-audit,P2,provisional,Behoud voorlopig; valideer indexatiewaarde en templatekwaliteit per cluster.
nl,https://go2-thailand.com/nl/areas/phuket/patong-beach/,/nl/areas/phuket/patong-beach/,/areas/phuket/patong-beach/,location-directory,yes,location-directory,template-audit,P2,provisional,Behoud voorlopig; valideer indexatiewaarde en templatekwaliteit per cluster.
nl,https://go2-thailand.com/nl/areas/phuket/phuket-old-town/,/nl/areas/phuket/phuket-old-town/,/areas/phuket/phuket-old-town/,location-directory,yes,location-directory,template-audit,P2,provisional,Behoud voorlopig; valideer indexatiewaarde en templatekwaliteit per cluster.
nl,https://go2-thailand.com/nl/areas/phuket/rawai-nai-harn/,/nl/areas/phuket/rawai-nai-harn/,/areas/phuket/rawai-nai-harn/,location-directory,yes,location-directory,template-audit,P2,provisional,Behoud voorlopig; valideer indexatiewaarde en templatekwaliteit per cluster.
nl,https://go2-thailand.com/nl/areas/phuket/surin-bang-tao-laguna/,/nl/areas/phuket/surin-bang-tao-laguna/,/areas/phuket/surin-bang-tao-laguna/,location-directory,yes,location-directory,template-audit,P2,provisional,Behoud voorlopig; valideer indexatiewaarde en templatekwaliteit per cluster.
nl,https://go2-thailand.com/nl/hotel/centara-grand-beach-resort-villas-krabi/,/nl/hotel/centara-grand-beach-resort-villas-krabi/,/hotel/centara-grand-beach-resort-villas-krabi/,hotel-detail,yes,hotel-detail,indexation-audit,P1,provisional,"Programmatic hoteldetail; controleer unieke waarde, actualiteit, canonical en affiliatekwaliteit."
nl,https://go2-thailand.com/nl/hotel/mandarin-oriental-bangkok/,/nl/hotel/mandarin-oriental-bangkok/,/hotel/mandarin-oriental-bangkok/,hotel-detail,yes,hotel-detail,indexation-audit,P1,provisional,"Programmatic hoteldetail; controleer unieke waarde, actualiteit, canonical en affiliatekwaliteit."
nl,https://go2-thailand.com/nl/hotel/oasis-koh-chang/,/nl/hotel/oasis-koh-chang/,/hotel/oasis-koh-chang/,hotel-detail,yes,hotel-detail,indexation-audit,P1,provisional,"Programmatic hoteldetail; controleer unieke waarde, actualiteit, canonical en affiliatekwaliteit."
nl,https://go2-thailand.com/nl/hotel/tonsai-bay-resort/,/nl/hotel/tonsai-bay-resort/,/hotel/tonsai-bay-resort/,hotel-detail,yes,hotel-detail,indexation-audit,P1,provisional,"Programmatic hoteldetail; controleer unieke waarde, actualiteit, canonical en affiliatekwaliteit."
nl,https://go2-thailand.com/nl/compare/phuket-vs-krabi/,/nl/compare/phuket-vs-krabi/,/compare/phuket-vs-krabi/,comparison,no,comparison,template-improve,P2,provisional,Schaalbare familie; onderzoek en verbeter eerst het gedeelde template en een pilot-URL. Taalpaar ontbreekt: bepaal of lokalisatie of bewust locale-specifiek gebruik nodig is.
nl,https://go2-thailand.com/nl/blog/thailand-visa-nederlanders-2026/,/nl/blog/thailand-visa-nederlanders-2026/,/blog/thailand-visa-nederlanders-2026/,blog,no,editorial,freshness-audit,P2,provisional,"Controleer zoekintentie, feiten, datumclaims, interne links en consolidatiekansen. Taalpaar ontbreekt: bepaal of lokalisatie of bewust locale-specifiek gebruik nodig is."
nl,https://go2-thailand.com/nl/blog/thailand-visa-nederlanders-2026-wat-je-nodig-hebt/,/nl/blog/thailand-visa-nederlanders-2026-wat-je-nodig-hebt/,/blog/thailand-visa-nederlanders-2026-wat-je-nodig-hebt/,blog,no,editorial,freshness-audit,P2,provisional,"Controleer zoekintentie, feiten, datumclaims, interne links en consolidatiekansen. Taalpaar ontbreekt: bepaal of lokalisatie of bewust locale-specifiek gebruik nodig is."
nl,https://go2-thailand.com/nl/blog/snorkelen-thailand-beste-eilanden-heldere-zicht/,/nl/blog/snorkelen-thailand-beste-eilanden-heldere-zicht/,/blog/snorkelen-thailand-beste-eilanden-heldere-zicht/,blog,no,editorial,freshness-audit,P2,provisional,"Controleer zoekintentie, feiten, datumclaims, interne links en consolidatiekansen. Taalpaar ontbreekt: bepaal of lokalisatie of bewust locale-specifiek gebruik nodig is."
nl,https://go2-thailand.com/nl/blog/beste-streetfood-bangkok-wijken-plekken-proeven/,/nl/blog/beste-streetfood-bangkok-wijken-plekken-proeven/,/blog/beste-streetfood-bangkok-wijken-plekken-proeven/,blog,no,editorial,freshness-audit,P2,provisional,"Controleer zoekintentie, feiten, datumclaims, interne links en consolidatiekansen. Taalpaar ontbreekt: bepaal of lokalisatie of bewust locale-specifiek gebruik nodig is."
nl,https://go2-thailand.com/nl/blog/bangkok-in-4-dagen-vanuit-nederland-vluchtig-stedentrip-plan/,/nl/blog/bangkok-in-4-dagen-vanuit-nederland-vluchtig-stedentrip-plan/,/blog/bangkok-in-4-dagen-vanuit-nederland-vluchtig-stedentrip-plan/,blog,no,editorial,freshness-audit,P2,provisional,"Controleer zoekintentie, feiten, datumclaims, interne links en consolidatiekansen. Taalpaar ontbreekt: bepaal of lokalisatie of bewust locale-specifiek gebruik nodig is."
nl,https://go2-thailand.com/nl/blog/koh-samui-voor-nederlanders-vluchten-via-bangkok-transfers-beste-wijken/,/nl/blog/koh-samui-voor-nederlanders-vluchten-via-bangkok-transfers-beste-wijken/,/blog/koh-samui-voor-nederlanders-vluchten-via-bangkok-transfers-beste-wijken/,blog,no,editorial,freshness-audit,P2,provisional,"Controleer zoekintentie, feiten, datumclaims, interne links en consolidatiekansen. Taalpaar ontbreekt: bepaal of lokalisatie of bewust locale-specifiek gebruik nodig is."
nl,https://go2-thailand.com/nl/blog/beste-tijd-thailand-bezoeken-per-regio/,/nl/blog/beste-tijd-thailand-bezoeken-per-regio/,/blog/beste-tijd-thailand-bezoeken-per-regio/,blog,no,editorial,freshness-audit,P2,provisional,"Controleer zoekintentie, feiten, datumclaims, interne links en consolidatiekansen. Taalpaar ontbreekt: bepaal of lokalisatie of bewust locale-specifiek gebruik nodig is."
nl,https://go2-thailand.com/nl/blog/where-to-stay-phuket-beaches-areas-budget/,/nl/blog/where-to-stay-phuket-beaches-areas-budget/,/blog/where-to-stay-phuket-beaches-areas-budget/,blog,yes,editorial,freshness-audit,P2,provisional,"Controleer zoekintentie, feiten, datumclaims, interne links en consolidatiekansen."
nl,https://go2-thailand.com/nl/blog/ban-krut-beach-guide-hidden-gem-prachuap-2026/,/nl/blog/ban-krut-beach-guide-hidden-gem-prachuap-2026/,/blog/ban-krut-beach-guide-hidden-gem-prachuap-2026/,blog,yes,editorial,freshness-audit,P2,provisional,"Controleer zoekintentie, feiten, datumclaims, interne links en consolidatiekansen."
nl,https://go2-thailand.com/nl/blog/songkran-2026-survival-guide-what-to-know/,/nl/blog/songkran-2026-survival-guide-what-to-know/,/blog/songkran-2026-survival-guide-what-to-know/,blog,yes,editorial,freshness-audit,P2,provisional,"Controleer zoekintentie, feiten, datumclaims, interne links en consolidatiekansen."
nl,https://go2-thailand.com/nl/blog/where-to-stay-chiang-mai-neighborhoods/,/nl/blog/where-to-stay-chiang-mai-neighborhoods/,/blog/where-to-stay-chiang-mai-neighborhoods/,blog,yes,editorial,freshness-audit,P2,provisional,"Controleer zoekintentie, feiten, datumclaims, interne links en consolidatiekansen."
nl,https://go2-thailand.com/nl/blog/grand-palace-bangkok-complete-guide-2026/,/nl/blog/grand-palace-bangkok-complete-guide-2026/,/blog/grand-palace-bangkok-complete-guide-2026/,blog,yes,editorial,freshness-audit,P2,provisional,"Controleer zoekintentie, feiten, datumclaims, interne links en consolidatiekansen."
nl,https://go2-thailand.com/nl/blog/bangkok-samyan-street-food-tour-review-klook-2026/,/nl/blog/bangkok-samyan-street-food-tour-review-klook-2026/,/blog/bangkok-samyan-street-food-tour-review-klook-2026/,blog,yes,editorial,freshness-audit,P2,provisional,"Controleer zoekintentie, feiten, datumclaims, interne links en consolidatiekansen."
nl,https://go2-thailand.com/nl/blog/doi-inthanon-national-park-thailand-highest-peak/,/nl/blog/doi-inthanon-national-park-thailand-highest-peak/,/blog/doi-inthanon-national-park-thailand-highest-peak/,blog,yes,editorial,freshness-audit,P2,provisional,"Controleer zoekintentie, feiten, datumclaims, interne links en consolidatiekansen."
nl,https://go2-thailand.com/nl/blog/southern-thai-food-fiery-flavors/,/nl/blog/southern-thai-food-fiery-flavors/,/blog/southern-thai-food-fiery-flavors/,blog,yes,editorial,freshness-audit,P2,provisional,"Controleer zoekintentie, feiten, datumclaims, interne links en consolidatiekansen."
nl,https://go2-thailand.com/nl/blog/sanctuary-of-truth-pattaya-wooden-temple/,/nl/blog/sanctuary-of-truth-pattaya-wooden-temple/,/blog/sanctuary-of-truth-pattaya-wooden-temple/,blog,yes,editorial,freshness-audit,P2,provisional,"Controleer zoekintentie, feiten, datumclaims, interne links en consolidatiekansen."
nl,https://go2-thailand.com/nl/blog/anantara-siam-bangkok-50-million-renovation-garden-suites-2026/,/nl/blog/anantara-siam-bangkok-50-million-renovation-garden-suites-2026/,/blog/anantara-siam-bangkok-50-million-renovation-garden-suites-2026/,blog,yes,editorial,freshness-audit,P2,provisional,"Controleer zoekintentie, feiten, datumclaims, interne links en consolidatiekansen."
nl,https://go2-thailand.com/nl/blog/andaz-one-bangkok-luxury-hotel-lumphini-guide-2026/,/nl/blog/andaz-one-bangkok-luxury-hotel-lumphini-guide-2026/,/blog/andaz-one-bangkok-luxury-hotel-lumphini-guide-2026/,blog,yes,editorial,freshness-audit,P2,provisional,"Controleer zoekintentie, feiten, datumclaims, interne links en consolidatiekansen."
nl,https://go2-thailand.com/nl/blog/ayutthaya-day-trip-train-bangkok-temples-guide-2026/,/nl/blog/ayutthaya-day-trip-train-bangkok-temples-guide-2026/,/blog/ayutthaya-day-trip-train-bangkok-temples-guide-2026/,blog,yes,editorial,freshness-audit,P2,provisional,"Controleer zoekintentie, feiten, datumclaims, interne links en consolidatiekansen."
nl,https://go2-thailand.com/nl/blog/bangkok-chiang-mai-sleeper-train-guide-2026/,/nl/blog/bangkok-chiang-mai-sleeper-train-guide-2026/,/blog/bangkok-chiang-mai-sleeper-train-guide-2026/,blog,yes,editorial,freshness-audit,P2,provisional,"Controleer zoekintentie, feiten, datumclaims, interne links en consolidatiekansen."
nl,https://go2-thailand.com/nl/blog/bangkok-craft-beer-scene-2026-bars-festivals-guide/,/nl/blog/bangkok-craft-beer-scene-2026-bars-festivals-guide/,/blog/bangkok-craft-beer-scene-2026-bars-festivals-guide/,blog,yes,editorial,freshness-audit,P2,provisional,"Controleer zoekintentie, feiten, datumclaims, interne links en consolidatiekansen."
nl,https://go2-thailand.com/nl/blog/bangkok-public-transport-bts-mrt-tourist-guide-2026/,/nl/blog/bangkok-public-transport-bts-mrt-tourist-guide-2026/,/blog/bangkok-public-transport-bts-mrt-tourist-guide-2026/,blog,yes,editorial,freshness-audit,P2,provisional,"Controleer zoekintentie, feiten, datumclaims, interne links en consolidatiekansen."
nl,https://go2-thailand.com/nl/blog/bangkok-specialty-coffee-cafe-guide-2026/,/nl/blog/bangkok-specialty-coffee-cafe-guide-2026/,/blog/bangkok-specialty-coffee-cafe-guide-2026/,blog,yes,editorial,freshness-audit,P2,provisional,"Controleer zoekintentie, feiten, datumclaims, interne links en consolidatiekansen."
nl,https://go2-thailand.com/nl/blog/bangkok-spectacular-2026-awc-thainosaur-museum-chao-phraya/,/nl/blog/bangkok-spectacular-2026-awc-thainosaur-museum-chao-phraya/,/blog/bangkok-spectacular-2026-awc-thainosaur-museum-chao-phraya/,blog,yes,editorial,freshness-audit,P2,provisional,"Controleer zoekintentie, feiten, datumclaims, interne links en consolidatiekansen."
nl,https://go2-thailand.com/nl/blog/bangkok-top-tables-2026-best-restaurants-awards/,/nl/blog/bangkok-top-tables-2026-best-restaurants-awards/,/blog/bangkok-top-tables-2026-best-restaurants-awards/,blog,yes,editorial,freshness-audit,P2,provisional,"Controleer zoekintentie, feiten, datumclaims, interne links en consolidatiekansen."
nl,https://go2-thailand.com/nl/blog/best-cooking-classes-bangkok-market-tour-2026/,/nl/blog/best-cooking-classes-bangkok-market-tour-2026/,/blog/best-cooking-classes-bangkok-market-tour-2026/,blog,yes,editorial,freshness-audit,P2,provisional,"Controleer zoekintentie, feiten, datumclaims, interne links en consolidatiekansen."
nl,https://go2-thailand.com/nl/blog/best-kayaking-paddleboarding-spots-thailand-2026/,/nl/blog/best-kayaking-paddleboarding-spots-thailand-2026/,/blog/best-kayaking-paddleboarding-spots-thailand-2026/,blog,yes,editorial,freshness-audit,P2,provisional,"Controleer zoekintentie, feiten, datumclaims, interne links en consolidatiekansen."
nl,https://go2-thailand.com/nl/blog/best-party-hostels-thailand-2026-bangkok-islands-chiang-mai/,/nl/blog/best-party-hostels-thailand-2026-bangkok-islands-chiang-mai/,/blog/best-party-hostels-thailand-2026-bangkok-islands-chiang-mai/,blog,yes,editorial,freshness-audit,P2,provisional,"Controleer zoekintentie, feiten, datumclaims, interne links en consolidatiekansen."
nl,https://go2-thailand.com/nl/blog/best-sim-card-esim-thailand-tourist-guide-2026/,/nl/blog/best-sim-card-esim-thailand-tourist-guide-2026/,/blog/best-sim-card-esim-thailand-tourist-guide-2026/,blog,yes,editorial,freshness-audit,P2,provisional,"Controleer zoekintentie, feiten, datumclaims, interne links en consolidatiekansen."
nl,https://go2-thailand.com/nl/blog/bts-world-tour-bangkok-december-2026-tickets-guide/,/nl/blog/bts-world-tour-bangkok-december-2026-tickets-guide/,/blog/bts-world-tour-bangkok-december-2026-tickets-guide/,blog,yes,editorial,freshness-audit,P2,provisional,"Controleer zoekintentie, feiten, datumclaims, interne links en consolidatiekansen."
nl,https://go2-thailand.com/nl/blog/camping-thailand-national-parks-guide-2026/,/nl/blog/camping-thailand-national-parks-guide-2026/,/blog/camping-thailand-national-parks-guide-2026/,blog,yes,editorial,freshness-audit,P2,provisional,"Controleer zoekintentie, feiten, datumclaims, interne links en consolidatiekansen."
nl,https://go2-thailand.com/nl/blog/cape-fahn-hotel-koh-samui-private-island-luxury-2026/,/nl/blog/cape-fahn-hotel-koh-samui-private-island-luxury-2026/,/blog/cape-fahn-hotel-koh-samui-private-island-luxury-2026/,blog,yes,editorial,freshness-audit,P2,provisional,"Controleer zoekintentie, feiten, datumclaims, interne links en consolidatiekansen."
nl,https://go2-thailand.com/nl/blog/chanthaburi-gem-market-old-town-eastern-thailand-guide-2026/,/nl/blog/chanthaburi-gem-market-old-town-eastern-thailand-guide-2026/,/blog/chanthaburi-gem-market-old-town-eastern-thailand-guide-2026/,blog,yes,editorial,freshness-audit,P2,provisional,"Controleer zoekintentie, feiten, datumclaims, interne links en consolidatiekansen."
nl,https://go2-thailand.com/nl/blog/chiang-dao-stargazing-eco-lodges-mountain-retreat-2026/,/nl/blog/chiang-dao-stargazing-eco-lodges-mountain-retreat-2026/,/blog/chiang-dao-stargazing-eco-lodges-mountain-retreat-2026/,blog,yes,editorial,freshness-audit,P2,provisional,"Controleer zoekintentie, feiten, datumclaims, interne links en consolidatiekansen."
nl,https://go2-thailand.com/nl/blog/chiang-mai-lanna-temple-walking-trail-hidden-gems-2026/,/nl/blog/chiang-mai-lanna-temple-walking-trail-hidden-gems-2026/,/blog/chiang-mai-lanna-temple-walking-trail-hidden-gems-2026/,blog,yes,editorial,freshness-audit,P2,provisional,"Controleer zoekintentie, feiten, datumclaims, interne links en consolidatiekansen."
nl,https://go2-thailand.com/nl/blog/chiang-mai-street-art-walking-guide-old-city-nimman-2026/,/nl/blog/chiang-mai-street-art-walking-guide-old-city-nimman-2026/,/blog/chiang-mai-street-art-walking-guide-old-city-nimman-2026/,blog,yes,editorial,freshness-audit,P2,provisional,"Controleer zoekintentie, feiten, datumclaims, interne links en consolidatiekansen."
nl,https://go2-thailand.com/nl/blog/dib-bangkok-contemporary-art-museum-khlong-toei-2026/,/nl/blog/dib-bangkok-contemporary-art-museum-khlong-toei-2026/,/blog/dib-bangkok-contemporary-art-museum-khlong-toei-2026/,blog,yes,editorial,freshness-audit,P2,provisional,"Controleer zoekintentie, feiten, datumclaims, interne links en consolidatiekansen."
nl,https://go2-thailand.com/nl/blog/durian-season-thailand-2026-where-to-eat-buy-guide/,/nl/blog/durian-season-thailand-2026-where-to-eat-buy-guide/,/blog/durian-season-thailand-2026-where-to-eat-buy-guide/,blog,yes,editorial,freshness-audit,P2,provisional,"Controleer zoekintentie, feiten, datumclaims, interne links en consolidatiekansen."
nl,https://go2-thailand.com/nl/blog/earth-hour-2026-bangkok-thailand-landmarks-lights-off/,/nl/blog/earth-hour-2026-bangkok-thailand-landmarks-lights-off/,/blog/earth-hour-2026-bangkok-thailand-landmarks-lights-off/,blog,yes,editorial,freshness-audit,P2,provisional,"Controleer zoekintentie, feiten, datumclaims, interne links en consolidatiekansen."
nl,https://go2-thailand.com/nl/blog/el-nino-2026-thailand-weather-heatwave-travel-tips/,/nl/blog/el-nino-2026-thailand-weather-heatwave-travel-tips/,/blog/el-nino-2026-thailand-weather-heatwave-travel-tips/,blog,yes,editorial,freshness-audit,P2,provisional,"Controleer zoekintentie, feiten, datumclaims, interne links en consolidatiekansen."
nl,https://go2-thailand.com/nl/blog/erawan-falls-kanchanaburi-day-trip-guide-2026/,/nl/blog/erawan-falls-kanchanaburi-day-trip-guide-2026/,/blog/erawan-falls-kanchanaburi-day-trip-guide-2026/,blog,yes,editorial,freshness-audit,P2,provisional,"Controleer zoekintentie, feiten, datumclaims, interne links en consolidatiekansen."
nl,https://go2-thailand.com/nl/blog/fairmont-bangkok-sukhumvit-first-fairmont-thailand-2026/,/nl/blog/fairmont-bangkok-sukhumvit-first-fairmont-thailand-2026/,/blog/fairmont-bangkok-sukhumvit-first-fairmont-thailand-2026/,blog,yes,editorial,freshness-audit,P2,provisional,"Controleer zoekintentie, feiten, datumclaims, interne links en consolidatiekansen."
nl,https://go2-thailand.com/nl/blog/foreign-investors-buying-thai-hotels-12-billion-baht-2026/,/nl/blog/foreign-investors-buying-thai-hotels-12-billion-baht-2026/,/blog/foreign-investors-buying-thai-hotels-12-billion-baht-2026/,blog,yes,editorial,freshness-audit,P2,provisional,"Controleer zoekintentie, feiten, datumclaims, interne links en consolidatiekansen."
nl,https://go2-thailand.com/nl/blog/hyrox-bangkok-2026-fitness-racing-bitec-guide/,/nl/blog/hyrox-bangkok-2026-fitness-racing-bitec-guide/,/blog/hyrox-bangkok-2026-fitness-racing-bitec-guide/,blog,yes,editorial,freshness-audit,P2,provisional,"Controleer zoekintentie, feiten, datumclaims, interne links en consolidatiekansen."
nl,https://go2-thailand.com/nl/blog/kahavadi-chiang-rai-curio-collection-hilton-river-retreat-2026/,/nl/blog/kahavadi-chiang-rai-curio-collection-hilton-river-retreat-2026/,/blog/kahavadi-chiang-rai-curio-collection-hilton-river-retreat-2026/,blog,yes,editorial,freshness-audit,P2,provisional,"Controleer zoekintentie, feiten, datumclaims, interne links en consolidatiekansen."
nl,https://go2-thailand.com/nl/blog/kaia-koh-phangan-eco-luxury-tented-resort-2026/,/nl/blog/kaia-koh-phangan-eco-luxury-tented-resort-2026/,/blog/kaia-koh-phangan-eco-luxury-tented-resort-2026/,blog,yes,editorial,freshness-audit,P2,provisional,"Controleer zoekintentie, feiten, datumclaims, interne links en consolidatiekansen."
nl,https://go2-thailand.com/nl/blog/khao-yai-food-wine-festival-2026-vineyard-day-trip/,/nl/blog/khao-yai-food-wine-festival-2026-vineyard-day-trip/,/blog/khao-yai-food-wine-festival-2026-vineyard-day-trip/,blog,yes,editorial,freshness-audit,P2,provisional,"Controleer zoekintentie, feiten, datumclaims, interne links en consolidatiekansen."
nl,https://go2-thailand.com/nl/blog/khao-yai-national-park-day-trip-guide-2026/,/nl/blog/khao-yai-national-park-day-trip-guide-2026/,/blog/khao-yai-national-park-day-trip-guide-2026/,blog,yes,editorial,freshness-audit,P2,provisional,"Controleer zoekintentie, feiten, datumclaims, interne links en consolidatiekansen."
nl,https://go2-thailand.com/nl/blog/koh-kood-quiet-island-guide-trat-2026/,/nl/blog/koh-kood-quiet-island-guide-trat-2026/,/blog/koh-kood-quiet-island-guide-trat-2026/,blog,yes,editorial,freshness-audit,P2,provisional,"Controleer zoekintentie, feiten, datumclaims, interne links en consolidatiekansen."
nl,https://go2-thailand.com/nl/blog/koh-larn-island-day-trip-pattaya-beaches-ferry-guide-2026/,/nl/blog/koh-larn-island-day-trip-pattaya-beaches-ferry-guide-2026/,/blog/koh-larn-island-day-trip-pattaya-beaches-ferry-guide-2026/,blog,yes,editorial,freshness-audit,P2,provisional,"Controleer zoekintentie, feiten, datumclaims, interne links en consolidatiekansen."
nl,https://go2-thailand.com/nl/blog/koh-lipe-maldives-of-thailand-travel-guide-2026/,/nl/blog/koh-lipe-maldives-of-thailand-travel-guide-2026/,/blog/koh-lipe-maldives-of-thailand-travel-guide-2026/,blog,yes,editorial,freshness-audit,P2,provisional,"Controleer zoekintentie, feiten, datumclaims, interne links en consolidatiekansen."
nl,https://go2-thailand.com/nl/blog/koh-samui-airport-international-hub-bangkok-airways-2026/,/nl/blog/koh-samui-airport-international-hub-bangkok-airways-2026/,/blog/koh-samui-airport-international-hub-bangkok-airways-2026/,blog,yes,editorial,freshness-audit,P2,provisional,"Controleer zoekintentie, feiten, datumclaims, interne links en consolidatiekansen."
nl,https://go2-thailand.com/nl/blog/kpop-concerts-bangkok-2026-seventeen-treasure-bts-guide/,/nl/blog/kpop-concerts-bangkok-2026-seventeen-treasure-bts-guide/,/blog/kpop-concerts-bangkok-2026-seventeen-treasure-bts-guide/,blog,yes,editorial,freshness-audit,P2,provisional,"Controleer zoekintentie, feiten, datumclaims, interne links en consolidatiekansen."
nl,https://go2-thailand.com/nl/blog/kraftwerk-multimedia-tour-bangkok-may-2026-concert-guide/,/nl/blog/kraftwerk-multimedia-tour-bangkok-may-2026-concert-guide/,/blog/kraftwerk-multimedia-tour-bangkok-may-2026-concert-guide/,blog,yes,editorial,freshness-audit,P2,provisional,"Controleer zoekintentie, feiten, datumclaims, interne links en consolidatiekansen."
nl,https://go2-thailand.com/nl/blog/mahanakhon-skywalk-i-tilt-bangkok-worlds-highest-tilt-2026/,/nl/blog/mahanakhon-skywalk-i-tilt-bangkok-worlds-highest-tilt-2026/,/blog/mahanakhon-skywalk-i-tilt-bangkok-worlds-highest-tilt-2026/,blog,yes,editorial,freshness-audit,P2,provisional,"Controleer zoekintentie, feiten, datumclaims, interne links en consolidatiekansen."
nl,https://go2-thailand.com/nl/blog/muay-thai-training-camps-thailand-beginners-guide-2026/,/nl/blog/muay-thai-training-camps-thailand-beginners-guide-2026/,/blog/muay-thai-training-camps-thailand-beginners-guide-2026/,blog,yes,editorial,freshness-audit,P2,provisional,"Controleer zoekintentie, feiten, datumclaims, interne links en consolidatiekansen."
nl,https://go2-thailand.com/nl/blog/nasatta-light-festival-ratchaburi-fairy-dreams-2026/,/nl/blog/nasatta-light-festival-ratchaburi-fairy-dreams-2026/,/blog/nasatta-light-festival-ratchaburi-fairy-dreams-2026/,blog,yes,editorial,freshness-audit,P2,provisional,"Controleer zoekintentie, feiten, datumclaims, interne links en consolidatiekansen."
nl,https://go2-thailand.com/nl/blog/new-airline-routes-thailand-2026-flydubai-norse-scoot-chiang-rai/,/nl/blog/new-airline-routes-thailand-2026-flydubai-norse-scoot-chiang-rai/,/blog/new-airline-routes-thailand-2026-flydubai-norse-scoot-chiang-rai/,blog,yes,editorial,freshness-audit,P2,provisional,"Controleer zoekintentie, feiten, datumclaims, interne links en consolidatiekansen."
nl,https://go2-thailand.com/nl/blog/new-luxury-resorts-thailand-2026-marriott-hilton-mercure/,/nl/blog/new-luxury-resorts-thailand-2026-marriott-hilton-mercure/,/blog/new-luxury-resorts-thailand-2026-marriott-hilton-mercure/,blog,yes,editorial,freshness-audit,P2,provisional,"Controleer zoekintentie, feiten, datumclaims, interne links en consolidatiekansen."
nl,https://go2-thailand.com/nl/blog/old-town-phuket-walking-guide-street-art-cafes-2026/,/nl/blog/old-town-phuket-walking-guide-street-art-cafes-2026/,/blog/old-town-phuket-walking-guide-street-art-cafes-2026/,blog,yes,editorial,freshness-audit,P2,provisional,"Controleer zoekintentie, feiten, datumclaims, interne links en consolidatiekansen."
nl,https://go2-thailand.com/nl/blog/pattaya-music-festival-2026-free-beach-concerts-march/,/nl/blog/pattaya-music-festival-2026-free-beach-concerts-march/,/blog/pattaya-music-festival-2026-free-beach-concerts-march/,blog,yes,editorial,freshness-audit,P2,provisional,"Controleer zoekintentie, feiten, datumclaims, interne links en consolidatiekansen."
nl,https://go2-thailand.com/nl/blog/pattaya-pride-circuit-festival-asia-lgbtq-june-2026/,/nl/blog/pattaya-pride-circuit-festival-asia-lgbtq-june-2026/,/blog/pattaya-pride-circuit-festival-asia-lgbtq-june-2026/,blog,yes,editorial,freshness-audit,P2,provisional,"Controleer zoekintentie, feiten, datumclaims, interne links en consolidatiekansen."
nl,https://go2-thailand.com/nl/blog/pattaya-tourism-paradox-quality-over-quantity-2026/,/nl/blog/pattaya-tourism-paradox-quality-over-quantity-2026/,/blog/pattaya-tourism-paradox-quality-over-quantity-2026/,blog,yes,editorial,freshness-audit,P2,provisional,"Controleer zoekintentie, feiten, datumclaims, interne links en consolidatiekansen."
nl,https://go2-thailand.com/nl/blog/pattaya-walking-street-reinvention-2026/,/nl/blog/pattaya-walking-street-reinvention-2026/,/blog/pattaya-walking-street-reinvention-2026/,blog,yes,editorial,freshness-audit,P2,provisional,"Controleer zoekintentie, feiten, datumclaims, interne links en consolidatiekansen."
nl,https://go2-thailand.com/nl/blog/phra-pradaeng-songkran-2026-mon-culture-samut-prakan/,/nl/blog/phra-pradaeng-songkran-2026-mon-culture-samut-prakan/,/blog/phra-pradaeng-songkran-2026-mon-culture-samut-prakan/,blog,yes,editorial,freshness-audit,P2,provisional,"Controleer zoekintentie, feiten, datumclaims, interne links en consolidatiekansen."
nl,https://go2-thailand.com/nl/blog/prince-akatoki-riverside-bangkok-japanese-luxury-hotel-2026/,/nl/blog/prince-akatoki-riverside-bangkok-japanese-luxury-hotel-2026/,/blog/prince-akatoki-riverside-bangkok-japanese-luxury-hotel-2026/,blog,yes,editorial,freshness-audit,P2,provisional,"Controleer zoekintentie, feiten, datumclaims, interne links en consolidatiekansen."
nl,https://go2-thailand.com/nl/blog/rava-beach-club-phuket-bangtao-longest-beach-club-2026/,/nl/blog/rava-beach-club-phuket-bangtao-longest-beach-club-2026/,/blog/rava-beach-club-phuket-bangtao-longest-beach-club-2026/,blog,yes,editorial,freshness-audit,P2,provisional,"Controleer zoekintentie, feiten, datumclaims, interne links en consolidatiekansen."
nl,https://go2-thailand.com/nl/blog/red-lotus-sea-udon-thani-lisa-effect-record-visitors-2026/,/nl/blog/red-lotus-sea-udon-thani-lisa-effect-record-visitors-2026/,/blog/red-lotus-sea-udon-thani-lisa-effect-record-visitors-2026/,blog,yes,editorial,freshness-audit,P2,provisional,"Controleer zoekintentie, feiten, datumclaims, interne links en consolidatiekansen."
nl,https://go2-thailand.com/nl/blog/s2o-songkran-music-festival-2026-bangkok-edm-water-party/,/nl/blog/s2o-songkran-music-festival-2026-bangkok-edm-water-party/,/blog/s2o-songkran-music-festival-2026-bangkok-edm-water-party/,blog,yes,editorial,freshness-audit,P2,provisional,"Controleer zoekintentie, feiten, datumclaims, interne links en consolidatiekansen."
nl,https://go2-thailand.com/nl/blog/sak-yant-bamboo-tattoo-thailand-guide-2026/,/nl/blog/sak-yant-bamboo-tattoo-thailand-guide-2026/,/blog/sak-yant-bamboo-tattoo-thailand-guide-2026/,blog,yes,editorial,freshness-audit,P2,provisional,"Controleer zoekintentie, feiten, datumclaims, interne links en consolidatiekansen."
nl,https://go2-thailand.com/nl/blog/singapore-airlines-chiang-mai-nonstop-flights-2026/,/nl/blog/singapore-airlines-chiang-mai-nonstop-flights-2026/,/blog/singapore-airlines-chiang-mai-nonstop-flights-2026/,blog,yes,editorial,freshness-audit,P2,provisional,"Controleer zoekintentie, feiten, datumclaims, interne links en consolidatiekansen."
nl,https://go2-thailand.com/nl/blog/skyflyers-garudapterus-asiatique-bangkok-tallest-swing-ride-2026/,/nl/blog/skyflyers-garudapterus-asiatique-bangkok-tallest-swing-ride-2026/,/blog/skyflyers-garudapterus-asiatique-bangkok-tallest-swing-ride-2026/,blog,yes,editorial,freshness-audit,P2,provisional,"Controleer zoekintentie, feiten, datumclaims, interne links en consolidatiekansen."
nl,https://go2-thailand.com/nl/blog/songkran-2026-76-provinces-nationwide-celebrations-guide/,/nl/blog/songkran-2026-76-provinces-nationwide-celebrations-guide/,/blog/songkran-2026-76-provinces-nationwide-celebrations-guide/,blog,yes,editorial,freshness-audit,P2,provisional,"Controleer zoekintentie, feiten, datumclaims, interne links en consolidatiekansen."
nl,https://go2-thailand.com/nl/blog/songkran-2026-water-gun-rules-fines-safety-guide/,/nl/blog/songkran-2026-water-gun-rules-fines-safety-guide/,/blog/songkran-2026-water-gun-rules-fines-safety-guide/,blog,yes,editorial,freshness-audit,P2,provisional,"Controleer zoekintentie, feiten, datumclaims, interne links en consolidatiekansen."
nl,https://go2-thailand.com/nl/blog/space-time-cube-bangkok-immersive-metaverse-museum-2026/,/nl/blog/space-time-cube-bangkok-immersive-metaverse-museum-2026/,/blog/space-time-cube-bangkok-immersive-metaverse-museum-2026/,blog,yes,editorial,freshness-audit,P2,provisional,"Controleer zoekintentie, feiten, datumclaims, interne links en consolidatiekansen."
nl,https://go2-thailand.com/nl/blog/tha-kha-floating-market-samut-songkhram-hidden-gem-2026/,/nl/blog/tha-kha-floating-market-samut-songkhram-hidden-gem-2026/,/blog/tha-kha-floating-market-samut-songkhram-hidden-gem-2026/,blog,yes,editorial,freshness-audit,P2,provisional,"Controleer zoekintentie, feiten, datumclaims, interne links en consolidatiekansen."
nl,https://go2-thailand.com/nl/blog/thai-airways-a321neo-fleet-modernization-32-jets-2026/,/nl/blog/thai-airways-a321neo-fleet-modernization-32-jets-2026/,/blog/thai-airways-a321neo-fleet-modernization-32-jets-2026/,blog,yes,editorial,freshness-audit,P2,provisional,"Controleer zoekintentie, feiten, datumclaims, interne links en consolidatiekansen."
nl,https://go2-thailand.com/nl/blog/thai-airways-fare-hike-10-15-percent-fuel-costs-2026/,/nl/blog/thai-airways-fare-hike-10-15-percent-fuel-costs-2026/,/blog/thai-airways-fare-hike-10-15-percent-fuel-costs-2026/,blog,yes,editorial,freshness-audit,P2,provisional,"Controleer zoekintentie, feiten, datumclaims, interne links en consolidatiekansen."
nl,https://go2-thailand.com/nl/blog/thai-airways-summer-2026-new-routes-amsterdam-auckland-perth/,/nl/blog/thai-airways-summer-2026-new-routes-amsterdam-auckland-perth/,/blog/thai-airways-summer-2026-new-routes-amsterdam-auckland-perth/,blog,yes,editorial,freshness-audit,P2,provisional,"Controleer zoekintentie, feiten, datumclaims, interne links en consolidatiekansen."
nl,https://go2-thailand.com/nl/blog/thai-carriers-fuel-surge-tourism-boom-warning-2026/,/nl/blog/thai-carriers-fuel-surge-tourism-boom-warning-2026/,/blog/thai-carriers-fuel-surge-tourism-boom-warning-2026/,blog,yes,editorial,freshness-audit,P2,provisional,"Controleer zoekintentie, feiten, datumclaims, interne links en consolidatiekansen."
nl,https://go2-thailand.com/nl/blog/thailand-airlines-jet-fuel-tax-cut-proposal-march-2026/,/nl/blog/thailand-airlines-jet-fuel-tax-cut-proposal-march-2026/,/blog/thailand-airlines-jet-fuel-tax-cut-proposal-march-2026/,blog,yes,editorial,freshness-audit,P2,provisional,"Controleer zoekintentie, feiten, datumclaims, interne links en consolidatiekansen."
nl,https://go2-thailand.com/nl/blog/thailand-bib-gourmand-2026-new-restaurants-street-food/,/nl/blog/thailand-bib-gourmand-2026-new-restaurants-street-food/,/blog/thailand-bib-gourmand-2026-new-restaurants-street-food/,blog,yes,editorial,freshness-audit,P2,provisional,"Controleer zoekintentie, feiten, datumclaims, interne links en consolidatiekansen."
nl,https://go2-thailand.com/nl/blog/thailand-casino-legalization-shelved-anutin-2026/,/nl/blog/thailand-casino-legalization-shelved-anutin-2026/,/blog/thailand-casino-legalization-shelved-anutin-2026/,blog,yes,editorial,freshness-audit,P2,provisional,"Controleer zoekintentie, feiten, datumclaims, interne links en consolidatiekansen."
nl,https://go2-thailand.com/nl/blog/thailand-domestic-tourism-push-tat-festival-2026/,/nl/blog/thailand-domestic-tourism-push-tat-festival-2026/,/blog/thailand-domestic-tourism-push-tat-festival-2026/,blog,yes,editorial,freshness-audit,P2,provisional,"Controleer zoekintentie, feiten, datumclaims, interne links en consolidatiekansen."
nl,https://go2-thailand.com/nl/blog/thailand-drought-2026-water-shortage-travel-impact/,/nl/blog/thailand-drought-2026-water-shortage-travel-impact/,/blog/thailand-drought-2026-water-shortage-travel-impact/,blog,yes,editorial,freshness-audit,P2,provisional,"Controleer zoekintentie, feiten, datumclaims, interne links en consolidatiekansen."
nl,https://go2-thailand.com/nl/blog/thailand-good-travel-certification-41-sustainable-destinations-2026/,/nl/blog/thailand-good-travel-certification-41-sustainable-destinations-2026/,/blog/thailand-good-travel-certification-41-sustainable-destinations-2026/,blog,yes,editorial,freshness-audit,P2,provisional,"Controleer zoekintentie, feiten, datumclaims, interne links en consolidatiekansen."
nl,https://go2-thailand.com/nl/blog/thailand-hands-free-travel-luggage-delivery-trend-2026/,/nl/blog/thailand-hands-free-travel-luggage-delivery-trend-2026/,/blog/thailand-hands-free-travel-luggage-delivery-trend-2026/,blog,yes,editorial,freshness-audit,P2,provisional,"Controleer zoekintentie, feiten, datumclaims, interne links en consolidatiekansen."
nl,https://go2-thailand.com/nl/blog/thailand-hotel-boom-2026-record-pipeline-bangkok-luxury/,/nl/blog/thailand-hotel-boom-2026-record-pipeline-bangkok-luxury/,/blog/thailand-hotel-boom-2026-record-pipeline-bangkok-luxury/,blog,yes,editorial,freshness-audit,P2,provisional,"Controleer zoekintentie, feiten, datumclaims, interne links en consolidatiekansen."
nl,https://go2-thailand.com/nl/blog/thailand-jay-food-vegan-street-guide-yellow-flag-2026/,/nl/blog/thailand-jay-food-vegan-street-guide-yellow-flag-2026/,/blog/thailand-jay-food-vegan-street-guide-yellow-flag-2026/,blog,yes,editorial,freshness-audit,P2,provisional,"Controleer zoekintentie, feiten, datumclaims, interne links en consolidatiekansen."
nl,https://go2-thailand.com/nl/blog/thailand-liveaboard-diving-guide-similan-surin-2026/,/nl/blog/thailand-liveaboard-diving-guide-similan-surin-2026/,/blog/thailand-liveaboard-diving-guide-similan-surin-2026/,blog,yes,editorial,freshness-audit,P2,provisional,"Controleer zoekintentie, feiten, datumclaims, interne links en consolidatiekansen."
nl,https://go2-thailand.com/nl/blog/thailand-low-season-tourism-stimulus-tax-breaks-2026/,/nl/blog/thailand-low-season-tourism-stimulus-tax-breaks-2026/,/blog/thailand-low-season-tourism-stimulus-tax-breaks-2026/,blog,yes,editorial,freshness-audit,P2,provisional,"Controleer zoekintentie, feiten, datumclaims, interne links en consolidatiekansen."
nl,https://go2-thailand.com/nl/blog/thailand-pivots-marketing-short-haul-asian-markets-2026/,/nl/blog/thailand-pivots-marketing-short-haul-asian-markets-2026/,/blog/thailand-pivots-marketing-short-haul-asian-markets-2026/,blog,yes,editorial,freshness-audit,P2,provisional,"Controleer zoekintentie, feiten, datumclaims, interne links en consolidatiekansen."
nl,https://go2-thailand.com/nl/blog/thailand-quietcation-trend-tranquil-travel-2026/,/nl/blog/thailand-quietcation-trend-tranquil-travel-2026/,/blog/thailand-quietcation-trend-tranquil-travel-2026/,blog,yes,editorial,freshness-audit,P2,provisional,"Controleer zoekintentie, feiten, datumclaims, interne links en consolidatiekansen."
nl,https://go2-thailand.com/nl/blog/thailand-silver-tourism-active-seniors-key-market-2026/,/nl/blog/thailand-silver-tourism-active-seniors-key-market-2026/,/blog/thailand-silver-tourism-active-seniors-key-market-2026/,blog,yes,editorial,freshness-audit,P2,provisional,"Controleer zoekintentie, feiten, datumclaims, interne links en consolidatiekansen."
nl,https://go2-thailand.com/nl/blog/thailand-tourism-competition-vietnam-regional-rivals-2026/,/nl/blog/thailand-tourism-competition-vietnam-regional-rivals-2026/,/blog/thailand-tourism-competition-vietnam-regional-rivals-2026/,blog,yes,editorial,freshness-audit,P2,provisional,"Controleer zoekintentie, feiten, datumclaims, interne links en consolidatiekansen."
nl,https://go2-thailand.com/nl/blog/thailand-tourism-festival-2026-5-must-do-food-culture-highlights/,/nl/blog/thailand-tourism-festival-2026-5-must-do-food-culture-highlights/,/blog/thailand-tourism-festival-2026-5-must-do-food-culture-highlights/,blog,yes,editorial,freshness-audit,P2,provisional,"Controleer zoekintentie, feiten, datumclaims, interne links en consolidatiekansen."
nl,https://go2-thailand.com/nl/blog/thailand-tourism-festival-2026-culinary-regional-food-guide/,/nl/blog/thailand-tourism-festival-2026-culinary-regional-food-guide/,/blog/thailand-tourism-festival-2026-culinary-regional-food-guide/,blog,yes,editorial,freshness-audit,P2,provisional,"Controleer zoekintentie, feiten, datumclaims, interne links en consolidatiekansen."
nl,https://go2-thailand.com/nl/blog/thailand-tourism-festival-2026-feel-all-feelings-visitor-guide/,/nl/blog/thailand-tourism-festival-2026-feel-all-feelings-visitor-guide/,/blog/thailand-tourism-festival-2026-feel-all-feelings-visitor-guide/,blog,yes,editorial,freshness-audit,P2,provisional,"Controleer zoekintentie, feiten, datumclaims, interne links en consolidatiekansen."
nl,https://go2-thailand.com/nl/blog/thailand-tourism-growth-target-2026-recovery-after-2025-decline/,/nl/blog/thailand-tourism-growth-target-2026-recovery-after-2025-decline/,/blog/thailand-tourism-growth-target-2026-recovery-after-2025-decline/,blog,yes,editorial,freshness-audit,P2,provisional,"Controleer zoekintentie, feiten, datumclaims, interne links en consolidatiekansen."
nl,https://go2-thailand.com/nl/blog/thailand-tourism-outlook-2026-hopes-pressure-uncertainty/,/nl/blog/thailand-tourism-outlook-2026-hopes-pressure-uncertainty/,/blog/thailand-tourism-outlook-2026-hopes-pressure-uncertainty/,blog,yes,editorial,freshness-audit,P2,provisional,"Controleer zoekintentie, feiten, datumclaims, interne links en consolidatiekansen."
nl,https://go2-thailand.com/nl/blog/thailand-tourism-shifts-gears-fewer-visitors-better-experiences-2026/,/nl/blog/thailand-tourism-shifts-gears-fewer-visitors-better-experiences-2026/,/blog/thailand-tourism-shifts-gears-fewer-visitors-better-experiences-2026/,blog,yes,editorial,freshness-audit,P2,provisional,"Controleer zoekintentie, feiten, datumclaims, interne links en consolidatiekansen."
nl,https://go2-thailand.com/nl/blog/thailand-visa-free-stay-cut-60-to-30-days-2026/,/nl/blog/thailand-visa-free-stay-cut-60-to-30-days-2026/,/blog/thailand-visa-free-stay-cut-60-to-30-days-2026/,blog,yes,editorial,freshness-audit,P2,provisional,"Controleer zoekintentie, feiten, datumclaims, interne links en consolidatiekansen."
nl,https://go2-thailand.com/nl/blog/thailand-visa-run-era-ending-2026-expat-guide/,/nl/blog/thailand-visa-run-era-ending-2026-expat-guide/,/blog/thailand-visa-run-era-ending-2026-expat-guide/,blog,yes,editorial,freshness-audit,P2,provisional,"Controleer zoekintentie, feiten, datumclaims, interne links en consolidatiekansen."
nl,https://go2-thailand.com/nl/blog/the-new-thailand-itb-berlin-2026-sustainable-wellness-tourism/,/nl/blog/the-new-thailand-itb-berlin-2026-sustainable-wellness-tourism/,/blog/the-new-thailand-itb-berlin-2026-sustainable-wellness-tourism/,blog,yes,editorial,freshness-audit,P2,provisional,"Controleer zoekintentie, feiten, datumclaims, interne links en consolidatiekansen."
nl,https://go2-thailand.com/nl/blog/toyota-thailand-open-2026-badminton-bangkok-nimibutr-arena/,/nl/blog/toyota-thailand-open-2026-badminton-bangkok-nimibutr-arena/,/blog/toyota-thailand-open-2026-badminton-bangkok-nimibutr-arena/,blog,yes,editorial,freshness-audit,P2,provisional,"Controleer zoekintentie, feiten, datumclaims, interne links en consolidatiekansen."
nl,https://go2-thailand.com/nl/blog/u-tapao-pattaya-airport-new-flights-expansion-2026/,/nl/blog/u-tapao-pattaya-airport-new-flights-expansion-2026/,/blog/u-tapao-pattaya-airport-new-flights-expansion-2026/,blog,yes,editorial,freshness-audit,P2,provisional,"Controleer zoekintentie, feiten, datumclaims, interne links en consolidatiekansen."
nl,https://go2-thailand.com/nl/blog/voco-bangkok-surawong-ihg-first-thailand-opening-2026/,/nl/blog/voco-bangkok-surawong-ihg-first-thailand-opening-2026/,/blog/voco-bangkok-surawong-ihg-first-thailand-opening-2026/,blog,yes,editorial,freshness-audit,P2,provisional,"Controleer zoekintentie, feiten, datumclaims, interne links en consolidatiekansen."
nl,https://go2-thailand.com/nl/blog/wildlife-conservation-volunteering-thailand-2026-turtles-elephants/,/nl/blog/wildlife-conservation-volunteering-thailand-2026-turtles-elephants/,/blog/wildlife-conservation-volunteering-thailand-2026-turtles-elephants/,blog,yes,editorial,freshness-audit,P2,provisional,"Controleer zoekintentie, feiten, datumclaims, interne links en consolidatiekansen."
nl,https://go2-thailand.com/nl/blog/yoga-retreats-koh-samui-koh-phangan-2026-guide/,/nl/blog/yoga-retreats-koh-samui-koh-phangan-2026-guide/,/blog/yoga-retreats-koh-samui-koh-phangan-2026-guide/,blog,yes,editorial,freshness-audit,P2,provisional,"Controleer zoekintentie, feiten, datumclaims, interne links en consolidatiekansen."
nl,https://go2-thailand.com/nl/blog/airasia-tat-fly-your-feelings-free-flights-lisa-2026/,/nl/blog/airasia-tat-fly-your-feelings-free-flights-lisa-2026/,/blog/airasia-tat-fly-your-feelings-free-flights-lisa-2026/,blog,yes,editorial,freshness-audit,P2,provisional,"Controleer zoekintentie, feiten, datumclaims, interne links en consolidatiekansen."
nl,https://go2-thailand.com/nl/blog/amazing-thailand-app-ai-mastercard-2026/,/nl/blog/amazing-thailand-app-ai-mastercard-2026/,/blog/amazing-thailand-app-ai-mastercard-2026/,blog,yes,editorial,freshness-audit,P2,provisional,"Controleer zoekintentie, feiten, datumclaims, interne links en consolidatiekansen."
nl,https://go2-thailand.com/nl/blog/andamanda-phuket-day-songkran-pool-party-2026/,/nl/blog/andamanda-phuket-day-songkran-pool-party-2026/,/blog/andamanda-phuket-day-songkran-pool-party-2026/,blog,yes,editorial,freshness-audit,P2,provisional,"Controleer zoekintentie, feiten, datumclaims, interne links en consolidatiekansen."
nl,https://go2-thailand.com/nl/blog/banana-beach-koh-hey-asia-best-beach-tripadvisor-2026/,/nl/blog/banana-beach-koh-hey-asia-best-beach-tripadvisor-2026/,/blog/banana-beach-koh-hey-asia-best-beach-tripadvisor-2026/,blog,yes,editorial,freshness-audit,P2,provisional,"Controleer zoekintentie, feiten, datumclaims, interne links en consolidatiekansen."
nl,https://go2-thailand.com/nl/blog/bangkok-art-biennale-2026-angels-mara-guide/,/nl/blog/bangkok-art-biennale-2026-angels-mara-guide/,/blog/bangkok-art-biennale-2026-angels-mara-guide/,blog,yes,editorial,freshness-audit,P2,provisional,"Controleer zoekintentie, feiten, datumclaims, interne links en consolidatiekansen."
nl,https://go2-thailand.com/nl/blog/bangkok-best-city-asia-2026-destinasian-award/,/nl/blog/bangkok-best-city-asia-2026-destinasian-award/,/blog/bangkok-best-city-asia-2026-destinasian-award/,blog,yes,editorial,freshness-audit,P2,provisional,"Controleer zoekintentie, feiten, datumclaims, interne links en consolidatiekansen."
nl,https://go2-thailand.com/nl/blog/bangkok-best-cocktail-bars-march-2026-nightlife/,/nl/blog/bangkok-best-cocktail-bars-march-2026-nightlife/,/blog/bangkok-best-cocktail-bars-march-2026-nightlife/,blog,yes,editorial,freshness-audit,P2,provisional,"Controleer zoekintentie, feiten, datumclaims, interne links en consolidatiekansen."
nl,https://go2-thailand.com/nl/blog/bangkok-floating-markets-guide-damnoen-amphawa-2026/,/nl/blog/bangkok-floating-markets-guide-damnoen-amphawa-2026/,/blog/bangkok-floating-markets-guide-damnoen-amphawa-2026/,blog,yes,editorial,freshness-audit,P2,provisional,"Controleer zoekintentie, feiten, datumclaims, interne links en consolidatiekansen."
nl,https://go2-thailand.com/nl/blog/bangkok-lumpini-hawker-centre-street-food-2026/,/nl/blog/bangkok-lumpini-hawker-centre-street-food-2026/,/blog/bangkok-lumpini-hawker-centre-street-food-2026/,blog,yes,editorial,freshness-audit,P2,provisional,"Controleer zoekintentie, feiten, datumclaims, interne links en consolidatiekansen."
nl,https://go2-thailand.com/nl/blog/bangkok-new-rooftop-bars-2026-sato-san-sanctuary-iris/,/nl/blog/bangkok-new-rooftop-bars-2026-sato-san-sanctuary-iris/,/blog/bangkok-new-rooftop-bars-2026-sato-san-sanctuary-iris/,blog,yes,editorial,freshness-audit,P2,provisional,"Controleer zoekintentie, feiten, datumclaims, interne links en consolidatiekansen."
nl,https://go2-thailand.com/nl/blog/bangkok-songkran-2026-khaosan-road-safety-plan/,/nl/blog/bangkok-songkran-2026-khaosan-road-safety-plan/,/blog/bangkok-songkran-2026-khaosan-road-safety-plan/,blog,yes,editorial,freshness-audit,P2,provisional,"Controleer zoekintentie, feiten, datumclaims, interne links en consolidatiekansen."
nl,https://go2-thailand.com/nl/blog/bangkok-yellow-pink-line-monorail-tourist-guide-2026/,/nl/blog/bangkok-yellow-pink-line-monorail-tourist-guide-2026/,/blog/bangkok-yellow-pink-line-monorail-tourist-guide-2026/,blog,yes,editorial,freshness-audit,P2,provisional,"Controleer zoekintentie, feiten, datumclaims, interne links en consolidatiekansen."
nl,https://go2-thailand.com/nl/blog/bangla-road-phuket-digital-makeover-nightlife-2026/,/nl/blog/bangla-road-phuket-digital-makeover-nightlife-2026/,/blog/bangla-road-phuket-digital-makeover-nightlife-2026/,blog,yes,editorial,freshness-audit,P2,provisional,"Controleer zoekintentie, feiten, datumclaims, interne links en consolidatiekansen."
nl,https://go2-thailand.com/nl/blog/banphe-samed-island-festival-2026-rayong-seafood/,/nl/blog/banphe-samed-island-festival-2026-rayong-seafood/,/blog/banphe-samed-island-festival-2026-rayong-seafood/,blog,yes,editorial,freshness-audit,P2,provisional,"Controleer zoekintentie, feiten, datumclaims, interne links en consolidatiekansen."
nl,https://go2-thailand.com/nl/blog/banthat-thong-road-bangkok-food-street-guide-2026/,/nl/blog/banthat-thong-road-bangkok-food-street-guide-2026/,/blog/banthat-thong-road-bangkok-food-street-guide-2026/,blog,yes,editorial,freshness-audit,P2,provisional,"Controleer zoekintentie, feiten, datumclaims, interne links en consolidatiekansen."
nl,https://go2-thailand.com/nl/blog/barai-hua-hin-hyatt-unbound-collection-2026/,/nl/blog/barai-hua-hin-hyatt-unbound-collection-2026/,/blog/barai-hua-hin-hyatt-unbound-collection-2026/,blog,yes,editorial,freshness-audit,P2,provisional,"Controleer zoekintentie, feiten, datumclaims, interne links en consolidatiekansen."
nl,https://go2-thailand.com/nl/blog/blue-jasmine-luxury-train-bangkok-chiang-mai-2026/,/nl/blog/blue-jasmine-luxury-train-bangkok-chiang-mai-2026/,/blog/blue-jasmine-luxury-train-bangkok-chiang-mai-2026/,blog,yes,editorial,freshness-audit,P2,provisional,"Controleer zoekintentie, feiten, datumclaims, interne links en consolidatiekansen."
nl,https://go2-thailand.com/nl/blog/bun-bang-fai-rocket-festival-yasothon-2026/,/nl/blog/bun-bang-fai-rocket-festival-yasothon-2026/,/blog/bun-bang-fai-rocket-festival-yasothon-2026/,blog,yes,editorial,freshness-audit,P2,provisional,"Controleer zoekintentie, feiten, datumclaims, interne links en consolidatiekansen."
nl,https://go2-thailand.com/nl/blog/cave-fantasy-mbk-center-bangkok-immersive-art-2026/,/nl/blog/cave-fantasy-mbk-center-bangkok-immersive-art-2026/,/blog/cave-fantasy-mbk-center-bangkok-immersive-art-2026/,blog,yes,editorial,freshness-audit,P2,provisional,"Controleer zoekintentie, feiten, datumclaims, interne links en consolidatiekansen."
nl,https://go2-thailand.com/nl/blog/central-phuket-836-million-expansion-luxury-shopping-2026/,/nl/blog/central-phuket-836-million-expansion-luxury-shopping-2026/,/blog/central-phuket-836-million-expansion-luxury-shopping-2026/,blog,yes,editorial,freshness-audit,P2,provisional,"Controleer zoekintentie, feiten, datumclaims, interne links en consolidatiekansen."
nl,https://go2-thailand.com/nl/blog/chiang-mai-cheapest-digital-nomad-city-2026/,/nl/blog/chiang-mai-cheapest-digital-nomad-city-2026/,/blog/chiang-mai-cheapest-digital-nomad-city-2026/,blog,yes,editorial,freshness-audit,P2,provisional,"Controleer zoekintentie, feiten, datumclaims, interne links en consolidatiekansen."
nl,https://go2-thailand.com/nl/blog/chiang-rai-white-temple-entrance-fee-doubles-2026/,/nl/blog/chiang-rai-white-temple-entrance-fee-doubles-2026/,/blog/chiang-rai-white-temple-entrance-fee-doubles-2026/,blog,yes,editorial,freshness-audit,P2,provisional,"Controleer zoekintentie, feiten, datumclaims, interne links en consolidatiekansen."
nl,https://go2-thailand.com/nl/blog/chilli-fest-2026-kimpton-maa-lai-bangkok/,/nl/blog/chilli-fest-2026-kimpton-maa-lai-bangkok/,/blog/chilli-fest-2026-kimpton-maa-lai-bangkok/,blog,yes,editorial,freshness-audit,P2,provisional,"Controleer zoekintentie, feiten, datumclaims, interne links en consolidatiekansen."
nl,https://go2-thailand.com/nl/blog/ethical-elephant-sanctuaries-thailand-2026-guide/,/nl/blog/ethical-elephant-sanctuaries-thailand-2026-guide/,/blog/ethical-elephant-sanctuaries-thailand-2026-guide/,blog,yes,editorial,freshness-audit,P2,provisional,"Controleer zoekintentie, feiten, datumclaims, interne links en consolidatiekansen."
nl,https://go2-thailand.com/nl/blog/exercise-cope-tiger-2026-korat-air-base-thailand/,/nl/blog/exercise-cope-tiger-2026-korat-air-base-thailand/,/blog/exercise-cope-tiger-2026-korat-air-base-thailand/,blog,yes,editorial,freshness-audit,P2,provisional,"Controleer zoekintentie, feiten, datumclaims, interne links en consolidatiekansen."
nl,https://go2-thailand.com/nl/blog/global-wellness-summit-2026-phuket-november/,/nl/blog/global-wellness-summit-2026-phuket-november/,/blog/global-wellness-summit-2026-phuket-november/,blog,yes,editorial,freshness-audit,P2,provisional,"Controleer zoekintentie, feiten, datumclaims, interne links en consolidatiekansen."
nl,https://go2-thailand.com/nl/blog/harbor-island-bangkok-rooftop-waterpark-2026/,/nl/blog/harbor-island-bangkok-rooftop-waterpark-2026/,/blog/harbor-island-bangkok-rooftop-waterpark-2026/,blog,yes,editorial,freshness-audit,P2,provisional,"Controleer zoekintentie, feiten, datumclaims, interne links en consolidatiekansen."
nl,https://go2-thailand.com/nl/blog/healing-journey-thailand-wellness-campaign-2026/,/nl/blog/healing-journey-thailand-wellness-campaign-2026/,/blog/healing-journey-thailand-wellness-campaign-2026/,blog,yes,editorial,freshness-audit,P2,provisional,"Controleer zoekintentie, feiten, datumclaims, interne links en consolidatiekansen."
nl,https://go2-thailand.com/nl/blog/khao-sok-floating-bungalows-cheow-lan-lake-glamping-guide-2026/,/nl/blog/khao-sok-floating-bungalows-cheow-lan-lake-glamping-guide-2026/,/blog/khao-sok-floating-bungalows-cheow-lan-lake-glamping-guide-2026/,blog,yes,editorial,freshness-audit,P2,provisional,"Controleer zoekintentie, feiten, datumclaims, interne links en consolidatiekansen."
nl,https://go2-thailand.com/nl/blog/koh-kradan-bileh-beach-five-star-rating-thailand-2026/,/nl/blog/koh-kradan-bileh-beach-five-star-rating-thailand-2026/,/blog/koh-kradan-bileh-beach-five-star-rating-thailand-2026/,blog,yes,editorial,freshness-audit,P2,provisional,"Controleer zoekintentie, feiten, datumclaims, interne links en consolidatiekansen."
nl,https://go2-thailand.com/nl/blog/koh-tao-coral-restoration-eco-diving-rules-2026/,/nl/blog/koh-tao-coral-restoration-eco-diving-rules-2026/,/blog/koh-tao-coral-restoration-eco-diving-rules-2026/,blog,yes,editorial,freshness-audit,P2,provisional,"Controleer zoekintentie, feiten, datumclaims, interne links en consolidatiekansen."
nl,https://go2-thailand.com/nl/blog/middle-east-conflict-thailand-flights-airfare-2026/,/nl/blog/middle-east-conflict-thailand-flights-airfare-2026/,/blog/middle-east-conflict-thailand-flights-airfare-2026/,blog,yes,editorial,freshness-audit,P2,provisional,"Controleer zoekintentie, feiten, datumclaims, interne links en consolidatiekansen."
nl,https://go2-thailand.com/nl/blog/one-bangkok-shopping-mall-tourist-guide-2026/,/nl/blog/one-bangkok-shopping-mall-tourist-guide-2026/,/blog/one-bangkok-shopping-mall-tourist-guide-2026/,blog,yes,editorial,freshness-audit,P2,provisional,"Controleer zoekintentie, feiten, datumclaims, interne links en consolidatiekansen."
nl,https://go2-thailand.com/nl/blog/outrigger-phi-phi-island-resort-barefoot-luxury-2026/,/nl/blog/outrigger-phi-phi-island-resort-barefoot-luxury-2026/,/blog/outrigger-phi-phi-island-resort-barefoot-luxury-2026/,blog,yes,editorial,freshness-audit,P2,provisional,"Controleer zoekintentie, feiten, datumclaims, interne links en consolidatiekansen."
nl,https://go2-thailand.com/nl/blog/phuket-best-beach-clubs-2026-yona-catch-barra-cuda/,/nl/blog/phuket-best-beach-clubs-2026-yona-catch-barra-cuda/,/blog/phuket-best-beach-clubs-2026-yona-catch-barra-cuda/,blog,yes,editorial,freshness-audit,P2,provisional,"Controleer zoekintentie, feiten, datumclaims, interne links en consolidatiekansen."
nl,https://go2-thailand.com/nl/blog/royal-ploughing-ceremony-bangkok-may-2026/,/nl/blog/royal-ploughing-ceremony-bangkok-may-2026/,/blog/royal-ploughing-ceremony-bangkok-may-2026/,blog,yes,editorial,freshness-audit,P2,provisional,"Controleer zoekintentie, feiten, datumclaims, interne links en consolidatiekansen."
nl,https://go2-thailand.com/nl/blog/siam-songkran-music-festival-2026-bangkok-guide/,/nl/blog/siam-songkran-music-festival-2026-bangkok-guide/,/blog/siam-songkran-music-festival-2026-bangkok-guide/,blog,yes,editorial,freshness-audit,P2,provisional,"Controleer zoekintentie, feiten, datumclaims, interne links en consolidatiekansen."
nl,https://go2-thailand.com/nl/blog/silom-edge-songkran-2026-bangkok-water-festival-event/,/nl/blog/silom-edge-songkran-2026-bangkok-water-festival-event/,/blog/silom-edge-songkran-2026-bangkok-water-festival-event/,blog,yes,editorial,freshness-audit,P2,provisional,"Controleer zoekintentie, feiten, datumclaims, interne links en consolidatiekansen."
nl,https://go2-thailand.com/nl/blog/similan-islands-diving-snorkelling-new-rules-2026/,/nl/blog/similan-islands-diving-snorkelling-new-rules-2026/,/blog/similan-islands-diving-snorkelling-new-rules-2026/,blog,yes,editorial,freshness-audit,P2,provisional,"Controleer zoekintentie, feiten, datumclaims, interne links en consolidatiekansen."
nl,https://go2-thailand.com/nl/blog/tagthai-app-sustainable-travel-guide-2026/,/nl/blog/tagthai-app-sustainable-travel-guide-2026/,/blog/tagthai-app-sustainable-travel-guide-2026/,blog,yes,editorial,freshness-audit,P2,provisional,"Controleer zoekintentie, feiten, datumclaims, interne links en consolidatiekansen."
nl,https://go2-thailand.com/nl/blog/thailand-2026-election-tourism-rail-investment/,/nl/blog/thailand-2026-election-tourism-rail-investment/,/blog/thailand-2026-election-tourism-rail-investment/,blog,yes,editorial,freshness-audit,P2,provisional,"Controleer zoekintentie, feiten, datumclaims, interne links en consolidatiekansen."
nl,https://go2-thailand.com/nl/blog/thailand-3-trillion-baht-tourism-target-amazing-5-economy-2026/,/nl/blog/thailand-3-trillion-baht-tourism-target-amazing-5-economy-2026/,/blog/thailand-3-trillion-baht-tourism-target-amazing-5-economy-2026/,blog,yes,editorial,freshness-audit,P2,provisional,"Controleer zoekintentie, feiten, datumclaims, interne links en consolidatiekansen."
nl,https://go2-thailand.com/nl/blog/thailand-300-baht-tourist-entry-fee-2026-what-to-know/,/nl/blog/thailand-300-baht-tourist-entry-fee-2026-what-to-know/,/blog/thailand-300-baht-tourist-entry-fee-2026-what-to-know/,blog,yes,editorial,freshness-audit,P2,provisional,"Controleer zoekintentie, feiten, datumclaims, interne links en consolidatiekansen."
nl,https://go2-thailand.com/nl/blog/thailand-4am-closing-time-nightlife-law-2026/,/nl/blog/thailand-4am-closing-time-nightlife-law-2026/,/blog/thailand-4am-closing-time-nightlife-law-2026/,blog,yes,editorial,freshness-audit,P2,provisional,"Controleer zoekintentie, feiten, datumclaims, interne links en consolidatiekansen."
nl,https://go2-thailand.com/nl/blog/thailand-aerothai-1000-flights-cancelled-gulf-crisis-2026/,/nl/blog/thailand-aerothai-1000-flights-cancelled-gulf-crisis-2026/,/blog/thailand-aerothai-1000-flights-cancelled-gulf-crisis-2026/,blog,yes,editorial,freshness-audit,P2,provisional,"Controleer zoekintentie, feiten, datumclaims, interne links en consolidatiekansen."
nl,https://go2-thailand.com/nl/blog/thailand-cycling-tours-2026-chiang-mai-coast-guide/,/nl/blog/thailand-cycling-tours-2026-chiang-mai-coast-guide/,/blog/thailand-cycling-tours-2026-chiang-mai-coast-guide/,blog,yes,editorial,freshness-audit,P2,provisional,"Controleer zoekintentie, feiten, datumclaims, interne links en consolidatiekansen."
nl,https://go2-thailand.com/nl/blog/thailand-double-track-railway-2026-progress-travel-impact/,/nl/blog/thailand-double-track-railway-2026-progress-travel-impact/,/blog/thailand-double-track-railway-2026-progress-travel-impact/,blog,yes,editorial,freshness-audit,P2,provisional,"Controleer zoekintentie, feiten, datumclaims, interne links en consolidatiekansen."
nl,https://go2-thailand.com/nl/blog/thailand-electricity-tariff-cut-2026-cost-of-living/,/nl/blog/thailand-electricity-tariff-cut-2026-cost-of-living/,/blog/thailand-electricity-tariff-cut-2026-cost-of-living/,blog,yes,editorial,freshness-audit,P2,provisional,"Controleer zoekintentie, feiten, datumclaims, interne links en consolidatiekansen."
nl,https://go2-thailand.com/nl/blog/thailand-evisa-overhaul-2026-simplified-categories/,/nl/blog/thailand-evisa-overhaul-2026-simplified-categories/,/blog/thailand-evisa-overhaul-2026-simplified-categories/,blog,yes,editorial,freshness-audit,P2,provisional,"Controleer zoekintentie, feiten, datumclaims, interne links en consolidatiekansen."
nl,https://go2-thailand.com/nl/blog/thailand-fuel-shortage-suvarnabhumi-taxis-krabi-boats-march-2026/,/nl/blog/thailand-fuel-shortage-suvarnabhumi-taxis-krabi-boats-march-2026/,/blog/thailand-fuel-shortage-suvarnabhumi-taxis-krabi-boats-march-2026/,blog,yes,editorial,freshness-audit,P2,provisional,"Controleer zoekintentie, feiten, datumclaims, interne links en consolidatiekansen."
nl,https://go2-thailand.com/nl/blog/thailand-langham-custom-house-bangkok-luxury-hotel-2026/,/nl/blog/thailand-langham-custom-house-bangkok-luxury-hotel-2026/,/blog/thailand-langham-custom-house-bangkok-luxury-hotel-2026/,blog,yes,editorial,freshness-audit,P2,provisional,"Controleer zoekintentie, feiten, datumclaims, interne links en consolidatiekansen."
nl,https://go2-thailand.com/nl/blog/thailand-longevity-anti-aging-retreats-2026/,/nl/blog/thailand-longevity-anti-aging-retreats-2026/,/blog/thailand-longevity-anti-aging-retreats-2026/,blog,yes,editorial,freshness-audit,P2,provisional,"Controleer zoekintentie, feiten, datumclaims, interne links en consolidatiekansen."
nl,https://go2-thailand.com/nl/blog/thailand-mekong-river-cruises-cultural-tourism-2026/,/nl/blog/thailand-mekong-river-cruises-cultural-tourism-2026/,/blog/thailand-mekong-river-cruises-cultural-tourism-2026/,blog,yes,editorial,freshness-audit,P2,provisional,"Controleer zoekintentie, feiten, datumclaims, interne links en consolidatiekansen."
nl,https://go2-thailand.com/nl/blog/thailand-mekong-riverside-seven-provinces-sustainable-tourism-2026/,/nl/blog/thailand-mekong-riverside-seven-provinces-sustainable-tourism-2026/,/blog/thailand-mekong-riverside-seven-provinces-sustainable-tourism-2026/,blog,yes,editorial,freshness-audit,P2,provisional,"Controleer zoekintentie, feiten, datumclaims, interne links en consolidatiekansen."
nl,https://go2-thailand.com/nl/blog/thailand-michelin-guide-2026-new-stars-suhring/,/nl/blog/thailand-michelin-guide-2026-new-stars-suhring/,/blog/thailand-michelin-guide-2026-new-stars-suhring/,blog,yes,editorial,freshness-audit,P2,provisional,"Controleer zoekintentie, feiten, datumclaims, interne links en consolidatiekansen."
nl,https://go2-thailand.com/nl/blog/thailand-new-house-speaker-sophon-zaram-bhumjaithai-2026/,/nl/blog/thailand-new-house-speaker-sophon-zaram-bhumjaithai-2026/,/blog/thailand-new-house-speaker-sophon-zaram-bhumjaithai-2026/,blog,yes,editorial,freshness-audit,P2,provisional,"Controleer zoekintentie, feiten, datumclaims, interne links en consolidatiekansen."
nl,https://go2-thailand.com/nl/blog/thailand-rainy-season-travel-tips-2026/,/nl/blog/thailand-rainy-season-travel-tips-2026/,/blog/thailand-rainy-season-travel-tips-2026/,blog,yes,editorial,freshness-audit,P2,provisional,"Controleer zoekintentie, feiten, datumclaims, interne links en consolidatiekansen."
nl,https://go2-thailand.com/nl/blog/thailand-rising-costs-tourists-middle-east-crisis-2026/,/nl/blog/thailand-rising-costs-tourists-middle-east-crisis-2026/,/blog/thailand-rising-costs-tourists-middle-east-crisis-2026/,blog,yes,editorial,freshness-audit,P2,provisional,"Controleer zoekintentie, feiten, datumclaims, interne links en consolidatiekansen."
nl,https://go2-thailand.com/nl/blog/thailand-solo-travel-boom-2026-tips-destinations/,/nl/blog/thailand-solo-travel-boom-2026-tips-destinations/,/blog/thailand-solo-travel-boom-2026-tips-destinations/,blog,yes,editorial,freshness-audit,P2,provisional,"Controleer zoekintentie, feiten, datumclaims, interne links en consolidatiekansen."
nl,https://go2-thailand.com/nl/blog/thailand-star-green-tourism-accreditation-2026/,/nl/blog/thailand-star-green-tourism-accreditation-2026/,/blog/thailand-star-green-tourism-accreditation-2026/,blog,yes,editorial,freshness-audit,P2,provisional,"Controleer zoekintentie, feiten, datumclaims, interne links en consolidatiekansen."
nl,https://go2-thailand.com/nl/blog/thailand-tat-crisis-monitoring-centre-march-2026/,/nl/blog/thailand-tat-crisis-monitoring-centre-march-2026/,/blog/thailand-tat-crisis-monitoring-centre-march-2026/,blog,yes,editorial,freshness-audit,P2,provisional,"Controleer zoekintentie, feiten, datumclaims, interne links en consolidatiekansen."
nl,https://go2-thailand.com/nl/blog/thailand-temple-etiquette-dress-code-guide-2026/,/nl/blog/thailand-temple-etiquette-dress-code-guide-2026/,/blog/thailand-temple-etiquette-dress-code-guide-2026/,blog,yes,editorial,freshness-audit,P2,provisional,"Controleer zoekintentie, feiten, datumclaims, interne links en consolidatiekansen."
nl,https://go2-thailand.com/nl/blog/thailand-three-airport-high-speed-rail-2026-update/,/nl/blog/thailand-three-airport-high-speed-rail-2026-update/,/blog/thailand-three-airport-high-speed-rail-2026-update/,blog,yes,editorial,freshness-audit,P2,provisional,"Controleer zoekintentie, feiten, datumclaims, interne links en consolidatiekansen."
nl,https://go2-thailand.com/nl/blog/thailand-tomorrowland-pattaya-first-asia-edition-2026/,/nl/blog/thailand-tomorrowland-pattaya-first-asia-edition-2026/,/blog/thailand-tomorrowland-pattaya-first-asia-edition-2026/,blog,yes,editorial,freshness-audit,P2,provisional,"Controleer zoekintentie, feiten, datumclaims, interne links en consolidatiekansen."
nl,https://go2-thailand.com/nl/blog/thailand-tourism-festival-2026-zero-waste-sustainability-zone/,/nl/blog/thailand-tourism-festival-2026-zero-waste-sustainability-zone/,/blog/thailand-tourism-festival-2026-zero-waste-sustainability-zone/,blog,yes,editorial,freshness-audit,P2,provisional,"Controleer zoekintentie, feiten, datumclaims, interne links en consolidatiekansen."
nl,https://go2-thailand.com/nl/blog/thailand-visa-restrictions-2026-asian-countries-tourism-impact/,/nl/blog/thailand-visa-restrictions-2026-asian-countries-tourism-impact/,/blog/thailand-visa-restrictions-2026-asian-countries-tourism-impact/,blog,yes,editorial,freshness-audit,P2,provisional,"Controleer zoekintentie, feiten, datumclaims, interne links en consolidatiekansen."
nl,https://go2-thailand.com/nl/blog/thainosaur-museum-bangkok-dinosaur-attraction-2026/,/nl/blog/thainosaur-museum-bangkok-dinosaur-attraction-2026/,/blog/thainosaur-museum-bangkok-dinosaur-attraction-2026/,blog,yes,editorial,freshness-audit,P2,provisional,"Controleer zoekintentie, feiten, datumclaims, interne links en consolidatiekansen."
nl,https://go2-thailand.com/nl/blog/visakha-bucha-day-2026-thailand-guide/,/nl/blog/visakha-bucha-day-2026-thailand-guide/,/blog/visakha-bucha-day-2026-thailand-guide/,blog,yes,editorial,freshness-audit,P2,provisional,"Controleer zoekintentie, feiten, datumclaims, interne links en consolidatiekansen."
nl,https://go2-thailand.com/nl/blog/visama-explorer-nan-eco-glamping-tented-camp-2026/,/nl/blog/visama-explorer-nan-eco-glamping-tented-camp-2026/,/blog/visama-explorer-nan-eco-glamping-tented-camp-2026/,blog,yes,editorial,freshness-audit,P2,provisional,"Controleer zoekintentie, feiten, datumclaims, interne links en consolidatiekansen."
nl,https://go2-thailand.com/nl/blog/world-of-coffee-bangkok-2026-specialty-coffee-event/,/nl/blog/world-of-coffee-bangkok-2026-specialty-coffee-event/,/blog/world-of-coffee-bangkok-2026-specialty-coffee-event/,blog,yes,editorial,freshness-audit,P2,provisional,"Controleer zoekintentie, feiten, datumclaims, interne links en consolidatiekansen."
nl,https://go2-thailand.com/nl/blog/bangkok-to-koh-samui-guide/,/nl/blog/bangkok-to-koh-samui-guide/,/blog/bangkok-to-koh-samui-guide/,blog,yes,editorial,freshness-audit,P2,provisional,"Controleer zoekintentie, feiten, datumclaims, interne links en consolidatiekansen."
nl,https://go2-thailand.com/nl/blog/does-thai-food-have-msg/,/nl/blog/does-thai-food-have-msg/,/blog/does-thai-food-have-msg/,blog,yes,editorial,freshness-audit,P2,provisional,"Controleer zoekintentie, feiten, datumclaims, interne links en consolidatiekansen."
nl,https://go2-thailand.com/nl/blog/fetta-14-billion-baht-relief-package-thailand-tourism-2026/,/nl/blog/fetta-14-billion-baht-relief-package-thailand-tourism-2026/,/blog/fetta-14-billion-baht-relief-package-thailand-tourism-2026/,blog,yes,editorial,freshness-audit,P2,provisional,"Controleer zoekintentie, feiten, datumclaims, interne links en consolidatiekansen."
nl,https://go2-thailand.com/nl/blog/halal-food-thailand-guide/,/nl/blog/halal-food-thailand-guide/,/blog/halal-food-thailand-guide/,blog,yes,editorial,freshness-audit,P2,provisional,"Controleer zoekintentie, feiten, datumclaims, interne links en consolidatiekansen."
nl,https://go2-thailand.com/nl/blog/history-of-thai-cuisine/,/nl/blog/history-of-thai-cuisine/,/blog/history-of-thai-cuisine/,blog,yes,editorial,freshness-audit,P2,provisional,"Controleer zoekintentie, feiten, datumclaims, interne links en consolidatiekansen."
nl,https://go2-thailand.com/nl/blog/how-long-spend-thailand/,/nl/blog/how-long-spend-thailand/,/blog/how-long-spend-thailand/,blog,yes,editorial,freshness-audit,P2,provisional,"Controleer zoekintentie, feiten, datumclaims, interne links en consolidatiekansen."
nl,https://go2-thailand.com/nl/blog/is-thai-food-gluten-free/,/nl/blog/is-thai-food-gluten-free/,/blog/is-thai-food-gluten-free/,blog,yes,editorial,freshness-audit,P2,provisional,"Controleer zoekintentie, feiten, datumclaims, interne links en consolidatiekansen."
nl,https://go2-thailand.com/nl/blog/is-thai-food-healthy/,/nl/blog/is-thai-food-healthy/,/blog/is-thai-food-healthy/,blog,yes,editorial,freshness-audit,P2,provisional,"Controleer zoekintentie, feiten, datumclaims, interne links en consolidatiekansen."
nl,https://go2-thailand.com/nl/blog/is-thai-food-spicy-guide/,/nl/blog/is-thai-food-spicy-guide/,/blog/is-thai-food-spicy-guide/,blog,yes,editorial,freshness-audit,P2,provisional,"Controleer zoekintentie, feiten, datumclaims, interne links en consolidatiekansen."
nl,https://go2-thailand.com/nl/blog/khao-soi-chiang-mai-guide/,/nl/blog/khao-soi-chiang-mai-guide/,/blog/khao-soi-chiang-mai-guide/,blog,yes,editorial,freshness-audit,P2,provisional,"Controleer zoekintentie, feiten, datumclaims, interne links en consolidatiekansen."
nl,https://go2-thailand.com/nl/blog/koh-chang-guide-thailand-eastern-island/,/nl/blog/koh-chang-guide-thailand-eastern-island/,/blog/koh-chang-guide-thailand-eastern-island/,blog,yes,editorial,freshness-audit,P2,provisional,"Controleer zoekintentie, feiten, datumclaims, interne links en consolidatiekansen."
nl,https://go2-thailand.com/nl/blog/lisa-blackpink-thailand-tourism-ambassador-2026/,/nl/blog/lisa-blackpink-thailand-tourism-ambassador-2026/,/blog/lisa-blackpink-thailand-tourism-ambassador-2026/,blog,yes,editorial,freshness-audit,P2,provisional,"Controleer zoekintentie, feiten, datumclaims, interne links en consolidatiekansen."
nl,https://go2-thailand.com/nl/blog/songkran-2026-airlines-discount-flights/,/nl/blog/songkran-2026-airlines-discount-flights/,/blog/songkran-2026-airlines-discount-flights/,blog,yes,editorial,freshness-audit,P2,provisional,"Controleer zoekintentie, feiten, datumclaims, interne links en consolidatiekansen."
nl,https://go2-thailand.com/nl/blog/thailand-10-day-itinerary/,/nl/blog/thailand-10-day-itinerary/,/blog/thailand-10-day-itinerary/,blog,yes,editorial,freshness-audit,P2,provisional,"Controleer zoekintentie, feiten, datumclaims, interne links en consolidatiekansen."
nl,https://go2-thailand.com/nl/blog/thailand-anutin-reelected-prime-minister-march-2026/,/nl/blog/thailand-anutin-reelected-prime-minister-march-2026/,/blog/thailand-anutin-reelected-prime-minister-march-2026/,blog,yes,editorial,freshness-audit,P2,provisional,"Controleer zoekintentie, feiten, datumclaims, interne links en consolidatiekansen."
nl,https://go2-thailand.com/nl/blog/thailand-imf-world-bank-annual-meetings-bangkok-2026/,/nl/blog/thailand-imf-world-bank-annual-meetings-bangkok-2026/,/blog/thailand-imf-world-bank-annual-meetings-bangkok-2026/,blog,yes,editorial,freshness-audit,P2,provisional,"Controleer zoekintentie, feiten, datumclaims, interne links en consolidatiekansen."
nl,https://go2-thailand.com/nl/blog/thailand-itinerary-first-timers/,/nl/blog/thailand-itinerary-first-timers/,/blog/thailand-itinerary-first-timers/,blog,yes,editorial,freshness-audit,P2,provisional,"Controleer zoekintentie, feiten, datumclaims, interne links en consolidatiekansen."
nl,https://go2-thailand.com/nl/blog/thailand-oil-crisis-flight-prices-energy-march-2026/,/nl/blog/thailand-oil-crisis-flight-prices-energy-march-2026/,/blog/thailand-oil-crisis-flight-prices-energy-march-2026/,blog,yes,editorial,freshness-audit,P2,provisional,"Controleer zoekintentie, feiten, datumclaims, interne links en consolidatiekansen."
nl,https://go2-thailand.com/nl/blog/thailand-tourism-2026-middle-east-impact-visitor-numbers/,/nl/blog/thailand-tourism-2026-middle-east-impact-visitor-numbers/,/blog/thailand-tourism-2026-middle-east-impact-visitor-numbers/,blog,yes,editorial,freshness-audit,P2,provisional,"Controleer zoekintentie, feiten, datumclaims, interne links en consolidatiekansen."
nl,https://go2-thailand.com/nl/blog/thailand-tourism-7-million-visitors-march-2026/,/nl/blog/thailand-tourism-7-million-visitors-march-2026/,/blog/thailand-tourism-7-million-visitors-march-2026/,blog,yes,editorial,freshness-audit,P2,provisional,"Controleer zoekintentie, feiten, datumclaims, interne links en consolidatiekansen."
nl,https://go2-thailand.com/nl/blog/thailand-tourism-next-strategy-value-over-volume-2026/,/nl/blog/thailand-tourism-next-strategy-value-over-volume-2026/,/blog/thailand-tourism-next-strategy-value-over-volume-2026/,blog,yes,editorial,freshness-audit,P2,provisional,"Controleer zoekintentie, feiten, datumclaims, interne links en consolidatiekansen."
nl,https://go2-thailand.com/nl/blog/thailand-travel-fair-2026-qsncc-bangkok/,/nl/blog/thailand-travel-fair-2026-qsncc-bangkok/,/blog/thailand-travel-fair-2026-qsncc-bangkok/,blog,yes,editorial,freshness-audit,P2,provisional,"Controleer zoekintentie, feiten, datumclaims, interne links en consolidatiekansen."
nl,https://go2-thailand.com/nl/blog/thailand-travel-packages-guide/,/nl/blog/thailand-travel-packages-guide/,/blog/thailand-travel-packages-guide/,blog,yes,editorial,freshness-audit,P2,provisional,"Controleer zoekintentie, feiten, datumclaims, interne links en consolidatiekansen."
nl,https://go2-thailand.com/nl/blog/thailand-ttm-plus-2026-pattaya-business-tourism/,/nl/blog/thailand-ttm-plus-2026-pattaya-business-tourism/,/blog/thailand-ttm-plus-2026-pattaya-business-tourism/,blog,yes,editorial,freshness-audit,P2,provisional,"Controleer zoekintentie, feiten, datumclaims, interne links en consolidatiekansen."
nl,https://go2-thailand.com/nl/blog/travel-insurance-thailand-guide/,/nl/blog/travel-insurance-thailand-guide/,/blog/travel-insurance-thailand-guide/,blog,yes,editorial,freshness-audit,P2,provisional,"Controleer zoekintentie, feiten, datumclaims, interne links en consolidatiekansen."
nl,https://go2-thailand.com/nl/blog/ultimate-thailand-itinerary-2026/,/nl/blog/ultimate-thailand-itinerary-2026/,/blog/ultimate-thailand-itinerary-2026/,blog,yes,editorial,freshness-audit,P2,provisional,"Controleer zoekintentie, feiten, datumclaims, interne links en consolidatiekansen."
nl,https://go2-thailand.com/nl/blog/vegan-thai-food-guide/,/nl/blog/vegan-thai-food-guide/,/blog/vegan-thai-food-guide/,blog,yes,editorial,freshness-audit,P2,provisional,"Controleer zoekintentie, feiten, datumclaims, interne links en consolidatiekansen."
nl,https://go2-thailand.com/nl/blog/what-is-thai-food-cuisine-guide/,/nl/blog/what-is-thai-food-cuisine-guide/,/blog/what-is-thai-food-cuisine-guide/,blog,yes,editorial,freshness-audit,P2,provisional,"Controleer zoekintentie, feiten, datumclaims, interne links en consolidatiekansen."
nl,https://go2-thailand.com/nl/blog/what-makes-thai-food-spicy/,/nl/blog/what-makes-thai-food-spicy/,/blog/what-makes-thai-food-spicy/,blog,yes,editorial,freshness-audit,P2,provisional,"Controleer zoekintentie, feiten, datumclaims, interne links en consolidatiekansen."
nl,https://go2-thailand.com/nl/blog/mango-sticky-rice-season-thailand/,/nl/blog/mango-sticky-rice-season-thailand/,/blog/mango-sticky-rice-season-thailand/,blog,yes,editorial,freshness-audit,P2,provisional,"Controleer zoekintentie, feiten, datumclaims, interne links en consolidatiekansen."
nl,https://go2-thailand.com/nl/blog/wat-pho-bangkok-reclining-buddha/,/nl/blog/wat-pho-bangkok-reclining-buddha/,/blog/wat-pho-bangkok-reclining-buddha/,blog,yes,editorial,freshness-audit,P2,provisional,"Controleer zoekintentie, feiten, datumclaims, interne links en consolidatiekansen."
nl,https://go2-thailand.com/nl/blog/chatuchak-weekend-market-food-guide/,/nl/blog/chatuchak-weekend-market-food-guide/,/blog/chatuchak-weekend-market-food-guide/,blog,yes,editorial,freshness-audit,P2,provisional,"Controleer zoekintentie, feiten, datumclaims, interne links en consolidatiekansen."
nl,https://go2-thailand.com/nl/blog/thai-massage-guide-types-prices/,/nl/blog/thai-massage-guide-types-prices/,/blog/thai-massage-guide-types-prices/,blog,yes,editorial,freshness-audit,P2,provisional,"Controleer zoekintentie, feiten, datumclaims, interne links en consolidatiekansen."
nl,https://go2-thailand.com/nl/blog/solo-female-travel-thailand-safety-tips/,/nl/blog/solo-female-travel-thailand-safety-tips/,/blog/solo-female-travel-thailand-safety-tips/,blog,yes,editorial,freshness-audit,P2,provisional,"Controleer zoekintentie, feiten, datumclaims, interne links en consolidatiekansen."
nl,https://go2-thailand.com/nl/blog/som-tam-regional-variations-thailand/,/nl/blog/som-tam-regional-variations-thailand/,/blog/som-tam-regional-variations-thailand/,blog,yes,editorial,freshness-audit,P2,provisional,"Controleer zoekintentie, feiten, datumclaims, interne links en consolidatiekansen."
nl,https://go2-thailand.com/nl/blog/night-markets-food-lovers-bangkok-chiang-mai-phuket/,/nl/blog/night-markets-food-lovers-bangkok-chiang-mai-phuket/,/blog/night-markets-food-lovers-bangkok-chiang-mai-phuket/,blog,yes,editorial,freshness-audit,P2,provisional,"Controleer zoekintentie, feiten, datumclaims, interne links en consolidatiekansen."
nl,https://go2-thailand.com/nl/blog/thailand-with-kids-family-travel-guide/,/nl/blog/thailand-with-kids-family-travel-guide/,/blog/thailand-with-kids-family-travel-guide/,blog,yes,editorial,freshness-audit,P2,provisional,"Controleer zoekintentie, feiten, datumclaims, interne links en consolidatiekansen."
nl,https://go2-thailand.com/nl/blog/best-wellness-retreats-thailand-2026/,/nl/blog/best-wellness-retreats-thailand-2026/,/blog/best-wellness-retreats-thailand-2026/,blog,yes,editorial,freshness-audit,P2,provisional,"Controleer zoekintentie, feiten, datumclaims, interne links en consolidatiekansen."
nl,https://go2-thailand.com/nl/blog/pad-thai-street-food-vs-restaurant-homemade/,/nl/blog/pad-thai-street-food-vs-restaurant-homemade/,/blog/pad-thai-street-food-vs-restaurant-homemade/,blog,yes,editorial,freshness-audit,P2,provisional,"Controleer zoekintentie, feiten, datumclaims, interne links en consolidatiekansen."
nl,https://go2-thailand.com/nl/blog/tom-yum-goong-guide/,/nl/blog/tom-yum-goong-guide/,/blog/tom-yum-goong-guide/,blog,yes,editorial,freshness-audit,P2,provisional,"Controleer zoekintentie, feiten, datumclaims, interne links en consolidatiekansen."
nl,https://go2-thailand.com/nl/blog/thai-cooking-classes-chiang-mai/,/nl/blog/thai-cooking-classes-chiang-mai/,/blog/thai-cooking-classes-chiang-mai/,blog,yes,editorial,freshness-audit,P2,provisional,"Controleer zoekintentie, feiten, datumclaims, interne links en consolidatiekansen."
nl,https://go2-thailand.com/nl/blog/thai-curry-guide-green-red-yellow-massaman-panang/,/nl/blog/thai-curry-guide-green-red-yellow-massaman-panang/,/blog/thai-curry-guide-green-red-yellow-massaman-panang/,blog,yes,editorial,freshness-audit,P2,provisional,"Controleer zoekintentie, feiten, datumclaims, interne links en consolidatiekansen."
nl,https://go2-thailand.com/nl/blog/thailand-7-days-itineraries/,/nl/blog/thailand-7-days-itineraries/,/blog/thailand-7-days-itineraries/,blog,yes,editorial,freshness-audit,P2,provisional,"Controleer zoekintentie, feiten, datumclaims, interne links en consolidatiekansen."
nl,https://go2-thailand.com/nl/blog/15-hidden-gems-thailand-tourists-miss/,/nl/blog/15-hidden-gems-thailand-tourists-miss/,/blog/15-hidden-gems-thailand-tourists-miss/,blog,yes,editorial,freshness-audit,P2,provisional,"Controleer zoekintentie, feiten, datumclaims, interne links en consolidatiekansen."
nl,https://go2-thailand.com/nl/blog/thailand-vs-bali-2026-which-is-better/,/nl/blog/thailand-vs-bali-2026-which-is-better/,/blog/thailand-vs-bali-2026-which-is-better/,blog,yes,editorial,freshness-audit,P2,provisional,"Controleer zoekintentie, feiten, datumclaims, interne links en consolidatiekansen."
nl,https://go2-thailand.com/nl/blog/10-biggest-thailand-travel-mistakes/,/nl/blog/10-biggest-thailand-travel-mistakes/,/blog/10-biggest-thailand-travel-mistakes/,blog,yes,editorial,freshness-audit,P2,provisional,"Controleer zoekintentie, feiten, datumclaims, interne links en consolidatiekansen."
nl,https://go2-thailand.com/nl/blog/is-phuket-worth-visiting-2026-honest-guide/,/nl/blog/is-phuket-worth-visiting-2026-honest-guide/,/blog/is-phuket-worth-visiting-2026-honest-guide/,blog,yes,editorial,freshness-audit,P2,provisional,"Controleer zoekintentie, feiten, datumclaims, interne links en consolidatiekansen."
nl,https://go2-thailand.com/nl/blog/thailand-travel-scams-2026/,/nl/blog/thailand-travel-scams-2026/,/blog/thailand-travel-scams-2026/,blog,yes,editorial,freshness-audit,P2,provisional,"Controleer zoekintentie, feiten, datumclaims, interne links en consolidatiekansen."
nl,https://go2-thailand.com/nl/blog/how-much-2-weeks-thailand-cost-2026-budget/,/nl/blog/how-much-2-weeks-thailand-cost-2026-budget/,/blog/how-much-2-weeks-thailand-cost-2026-budget/,blog,yes,editorial,freshness-audit,P2,provisional,"Controleer zoekintentie, feiten, datumclaims, interne links en consolidatiekansen."
nl,https://go2-thailand.com/nl/blog/thailand-cheap-2026-travel-costs/,/nl/blog/thailand-cheap-2026-travel-costs/,/blog/thailand-cheap-2026-travel-costs/,blog,yes,editorial,freshness-audit,P2,provisional,"Controleer zoekintentie, feiten, datumclaims, interne links en consolidatiekansen."
nl,https://go2-thailand.com/nl/blog/best-day-trips-from-bangkok/,/nl/blog/best-day-trips-from-bangkok/,/blog/best-day-trips-from-bangkok/,blog,yes,editorial,freshness-audit,P2,provisional,"Controleer zoekintentie, feiten, datumclaims, interne links en consolidatiekansen."
nl,https://go2-thailand.com/nl/blog/digital-nomad-thailand-2026-dtv-visa-costs-cities/,/nl/blog/digital-nomad-thailand-2026-dtv-visa-costs-cities/,/blog/digital-nomad-thailand-2026-dtv-visa-costs-cities/,blog,yes,editorial,freshness-audit,P2,provisional,"Controleer zoekintentie, feiten, datumclaims, interne links en consolidatiekansen."
nl,https://go2-thailand.com/nl/blog/thailand-vs-vietnam-which-country-visit-2026/,/nl/blog/thailand-vs-vietnam-which-country-visit-2026/,/blog/thailand-vs-vietnam-which-country-visit-2026/,blog,yes,editorial,freshness-audit,P2,provisional,"Controleer zoekintentie, feiten, datumclaims, interne links en consolidatiekansen."
nl,https://go2-thailand.com/nl/blog/koh-tao-guide-diving-beaches-budget-travel/,/nl/blog/koh-tao-guide-diving-beaches-budget-travel/,/blog/koh-tao-guide-diving-beaches-budget-travel/,blog,yes,editorial,freshness-audit,P2,provisional,"Controleer zoekintentie, feiten, datumclaims, interne links en consolidatiekansen."
nl,https://go2-thailand.com/nl/blog/songkran-festival-2026-guide/,/nl/blog/songkran-festival-2026-guide/,/blog/songkran-festival-2026-guide/,blog,yes,editorial,freshness-audit,P2,provisional,"Controleer zoekintentie, feiten, datumclaims, interne links en consolidatiekansen."
nl,https://go2-thailand.com/nl/blog/thailand-honeymoon-guide-romantic-destinations/,/nl/blog/thailand-honeymoon-guide-romantic-destinations/,/blog/thailand-honeymoon-guide-romantic-destinations/,blog,yes,editorial,freshness-audit,P2,provisional,"Controleer zoekintentie, feiten, datumclaims, interne links en consolidatiekansen."
nl,https://go2-thailand.com/nl/blog/krabi-travel-guide/,/nl/blog/krabi-travel-guide/,/blog/krabi-travel-guide/,blog,yes,editorial,freshness-audit,P2,provisional,"Controleer zoekintentie, feiten, datumclaims, interne links en consolidatiekansen."
nl,https://go2-thailand.com/nl/blog/loi-krathong-yi-peng-2026-festival-guide/,/nl/blog/loi-krathong-yi-peng-2026-festival-guide/,/blog/loi-krathong-yi-peng-2026-festival-guide/,blog,yes,editorial,freshness-audit,P2,provisional,"Controleer zoekintentie, feiten, datumclaims, interne links en consolidatiekansen."
nl,https://go2-thailand.com/nl/blog/phi-phi-islands-guide-beyond-tourist-crowds/,/nl/blog/phi-phi-islands-guide-beyond-tourist-crowds/,/blog/phi-phi-islands-guide-beyond-tourist-crowds/,blog,yes,editorial,freshness-audit,P2,provisional,"Controleer zoekintentie, feiten, datumclaims, interne links en consolidatiekansen."
nl,https://go2-thailand.com/nl/blog/24-hours-talad-noi-bangkok-hidden-gem/,/nl/blog/24-hours-talad-noi-bangkok-hidden-gem/,/blog/24-hours-talad-noi-bangkok-hidden-gem/,blog,yes,editorial,freshness-audit,P2,provisional,"Controleer zoekintentie, feiten, datumclaims, interne links en consolidatiekansen."
nl,https://go2-thailand.com/nl/blog/full-moon-party-koh-phangan-guide-2026/,/nl/blog/full-moon-party-koh-phangan-guide-2026/,/blog/full-moon-party-koh-phangan-guide-2026/,blog,yes,editorial,freshness-audit,P2,provisional,"Controleer zoekintentie, feiten, datumclaims, interne links en consolidatiekansen."
nl,https://go2-thailand.com/nl/blog/phuket-travel-guide-2026/,/nl/blog/phuket-travel-guide-2026/,/blog/phuket-travel-guide-2026/,blog,yes,editorial,freshness-audit,P2,provisional,"Controleer zoekintentie, feiten, datumclaims, interne links en consolidatiekansen."
nl,https://go2-thailand.com/nl/blog/wat-arun-bangkok-temple-of-dawn-guide/,/nl/blog/wat-arun-bangkok-temple-of-dawn-guide/,/blog/wat-arun-bangkok-temple-of-dawn-guide/,blog,yes,editorial,freshness-audit,P2,provisional,"Controleer zoekintentie, feiten, datumclaims, interne links en consolidatiekansen."
nl,https://go2-thailand.com/nl/blog/where-to-live-bangkok-neighborhood-guide-expats/,/nl/blog/where-to-live-bangkok-neighborhood-guide-expats/,/blog/where-to-live-bangkok-neighborhood-guide-expats/,blog,yes,editorial,freshness-audit,P2,provisional,"Controleer zoekintentie, feiten, datumclaims, interne links en consolidatiekansen."
nl,https://go2-thailand.com/nl/blog/thailand-first-time-visitors-essential-guide-2026/,/nl/blog/thailand-first-time-visitors-essential-guide-2026/,/blog/thailand-first-time-visitors-essential-guide-2026/,blog,yes,editorial,freshness-audit,P2,provisional,"Controleer zoekintentie, feiten, datumclaims, interne links en consolidatiekansen."
nl,https://go2-thailand.com/nl/blog/where-to-stay-bangkok-neighborhood-guide/,/nl/blog/where-to-stay-bangkok-neighborhood-guide/,/blog/where-to-stay-bangkok-neighborhood-guide/,blog,yes,editorial,freshness-audit,P2,provisional,"Controleer zoekintentie, feiten, datumclaims, interne links en consolidatiekansen."
nl,https://go2-thailand.com/nl/blog/best-street-food-markets-bangkok/,/nl/blog/best-street-food-markets-bangkok/,/blog/best-street-food-markets-bangkok/,blog,yes,editorial,freshness-audit,P2,provisional,"Controleer zoekintentie, feiten, datumclaims, interne links en consolidatiekansen."
nl,https://go2-thailand.com/nl/blog/thailand-budget-2026-daily-costs/,/nl/blog/thailand-budget-2026-daily-costs/,/blog/thailand-budget-2026-daily-costs/,blog,yes,editorial,freshness-audit,P2,provisional,"Controleer zoekintentie, feiten, datumclaims, interne links en consolidatiekansen."
nl,https://go2-thailand.com/nl/blog/cheapest-vs-most-expensive-hotel-bangkok/,/nl/blog/cheapest-vs-most-expensive-hotel-bangkok/,/blog/cheapest-vs-most-expensive-hotel-bangkok/,blog,yes,editorial,freshness-audit,P2,provisional,"Controleer zoekintentie, feiten, datumclaims, interne links en consolidatiekansen."
nl,https://go2-thailand.com/nl/blog/goedkoopste-vs-duurste-hotel-bangkok/,/nl/blog/goedkoopste-vs-duurste-hotel-bangkok/,/blog/goedkoopste-vs-duurste-hotel-bangkok/,blog,no,editorial,freshness-audit,P2,provisional,"Controleer zoekintentie, feiten, datumclaims, interne links en consolidatiekansen. Taalpaar ontbreekt: bepaal of lokalisatie of bewust locale-specifiek gebruik nodig is."
nl,https://go2-thailand.com/nl/blog/jodd-fairs-bangkok-night-market-guide/,/nl/blog/jodd-fairs-bangkok-night-market-guide/,/blog/jodd-fairs-bangkok-night-market-guide/,blog,yes,editorial,freshness-audit,P2,provisional,"Controleer zoekintentie, feiten, datumclaims, interne links en consolidatiekansen."
nl,https://go2-thailand.com/nl/blog/thailand-itinerary-2-weeks/,/nl/blog/thailand-itinerary-2-weeks/,/blog/thailand-itinerary-2-weeks/,blog,yes,editorial,freshness-audit,P2,provisional,"Controleer zoekintentie, feiten, datumclaims, interne links en consolidatiekansen."
nl,https://go2-thailand.com/nl/blog/blue-elephant-cooking-school-bangkok-review/,/nl/blog/blue-elephant-cooking-school-bangkok-review/,/blog/blue-elephant-cooking-school-bangkok-review/,blog,yes,editorial,freshness-audit,P2,provisional,"Controleer zoekintentie, feiten, datumclaims, interne links en consolidatiekansen."
nl,https://go2-thailand.com/nl/blog/thailand-digital-arrival-card-tdac-guide/,/nl/blog/thailand-digital-arrival-card-tdac-guide/,/blog/thailand-digital-arrival-card-tdac-guide/,blog,yes,editorial,freshness-audit,P2,provisional,"Controleer zoekintentie, feiten, datumclaims, interne links en consolidatiekansen."
nl,https://go2-thailand.com/nl/blog/is-thailand-safe-tourists-2026/,/nl/blog/is-thailand-safe-tourists-2026/,/blog/is-thailand-safe-tourists-2026/,blog,yes,editorial,freshness-audit,P2,provisional,"Controleer zoekintentie, feiten, datumclaims, interne links en consolidatiekansen."
nl,https://go2-thailand.com/nl/blog/best-beaches-thailand/,/nl/blog/best-beaches-thailand/,/blog/best-beaches-thailand/,blog,yes,editorial,freshness-audit,P2,provisional,"Controleer zoekintentie, feiten, datumclaims, interne links en consolidatiekansen."
nl,https://go2-thailand.com/nl/blog/chatuchak-market-bangkok-guide/,/nl/blog/chatuchak-market-bangkok-guide/,/blog/chatuchak-market-bangkok-guide/,blog,yes,editorial,freshness-audit,P2,provisional,"Controleer zoekintentie, feiten, datumclaims, interne links en consolidatiekansen."
nl,https://go2-thailand.com/nl/blog/eat-like-local-thailand-under-5-dollars/,/nl/blog/eat-like-local-thailand-under-5-dollars/,/blog/eat-like-local-thailand-under-5-dollars/,blog,yes,editorial,freshness-audit,P2,provisional,"Controleer zoekintentie, feiten, datumclaims, interne links en consolidatiekansen."
nl,https://go2-thailand.com/nl/blog/thailand-budget-vs-comfort-travel/,/nl/blog/thailand-budget-vs-comfort-travel/,/blog/thailand-budget-vs-comfort-travel/,blog,yes,editorial,freshness-audit,P2,provisional,"Controleer zoekintentie, feiten, datumclaims, interne links en consolidatiekansen."
nl,https://go2-thailand.com/nl/blog/thailand-king-cobra-season/,/nl/blog/thailand-king-cobra-season/,/blog/thailand-king-cobra-season/,blog,yes,editorial,freshness-audit,P2,provisional,"Controleer zoekintentie, feiten, datumclaims, interne links en consolidatiekansen."
nl,https://go2-thailand.com/nl/blog/bangkok-street-food-beginners/,/nl/blog/bangkok-street-food-beginners/,/blog/bangkok-street-food-beginners/,blog,yes,editorial,freshness-audit,P2,provisional,"Controleer zoekintentie, feiten, datumclaims, interne links en consolidatiekansen."
nl,https://go2-thailand.com/nl/blog/best-night-markets-bangkok-2026/,/nl/blog/best-night-markets-bangkok-2026/,/blog/best-night-markets-bangkok-2026/,blog,yes,editorial,freshness-audit,P2,provisional,"Controleer zoekintentie, feiten, datumclaims, interne links en consolidatiekansen."
nl,https://go2-thailand.com/nl/blog/best-time-to-visit-thailand/,/nl/blog/best-time-to-visit-thailand/,/blog/best-time-to-visit-thailand/,blog,yes,editorial,freshness-audit,P2,provisional,"Controleer zoekintentie, feiten, datumclaims, interne links en consolidatiekansen."
nl,https://go2-thailand.com/nl/blog/thai-street-food-guide-2026/,/nl/blog/thai-street-food-guide-2026/,/blog/thai-street-food-guide-2026/,blog,yes,editorial,freshness-audit,P2,provisional,"Controleer zoekintentie, feiten, datumclaims, interne links en consolidatiekansen."
nl,https://go2-thailand.com/nl/blog/thailand-budget-backpacker-guide/,/nl/blog/thailand-budget-backpacker-guide/,/blog/thailand-budget-backpacker-guide/,blog,yes,editorial,freshness-audit,P2,provisional,"Controleer zoekintentie, feiten, datumclaims, interne links en consolidatiekansen."
nl,https://go2-thailand.com/nl/blog/thailand-island-hopping-guide/,/nl/blog/thailand-island-hopping-guide/,/blog/thailand-island-hopping-guide/,blog,yes,editorial,freshness-audit,P2,provisional,"Controleer zoekintentie, feiten, datumclaims, interne links en consolidatiekansen."
nl,https://go2-thailand.com/nl/blog/thailand-visa-guide-2026/,/nl/blog/thailand-visa-guide-2026/,/blog/thailand-visa-guide-2026/,blog,yes,editorial,freshness-audit,P2,provisional,"Controleer zoekintentie, feiten, datumclaims, interne links en consolidatiekansen."
nl,https://go2-thailand.com/nl/blog/bangkok-travel-tips-reddit/,/nl/blog/bangkok-travel-tips-reddit/,/blog/bangkok-travel-tips-reddit/,blog,no,editorial,freshness-audit,P2,provisional,"Controleer zoekintentie, feiten, datumclaims, interne links en consolidatiekansen. Taalpaar ontbreekt: bepaal of lokalisatie of bewust locale-specifiek gebruik nodig is."
nl,https://go2-thailand.com/nl/blog/beste-streetfood-in-bangkok-wijken-plekken-en-wat-je-echt-moet-proeven/,/nl/blog/beste-streetfood-in-bangkok-wijken-plekken-en-wat-je-echt-moet-proeven/,/blog/beste-streetfood-in-bangkok-wijken-plekken-en-wat-je-echt-moet-proeven/,blog,no,editorial,freshness-audit,P2,provisional,"Controleer zoekintentie, feiten, datumclaims, interne links en consolidatiekansen. Taalpaar ontbreekt: bepaal of lokalisatie of bewust locale-specifiek gebruik nodig is."
nl,https://go2-thailand.com/nl/blog/phuket-airport/,/nl/blog/phuket-airport/,/blog/phuket-airport/,blog,no,editorial,freshness-audit,P2,provisional,"Controleer zoekintentie, feiten, datumclaims, interne links en consolidatiekansen. Taalpaar ontbreekt: bepaal of lokalisatie of bewust locale-specifiek gebruik nodig is."
nl,https://go2-thailand.com/nl/blog/phuket-weer/,/nl/blog/phuket-weer/,/blog/phuket-weer/,blog,no,editorial,freshness-audit,P2,provisional,"Controleer zoekintentie, feiten, datumclaims, interne links en consolidatiekansen. Taalpaar ontbreekt: bepaal of lokalisatie of bewust locale-specifiek gebruik nodig is."
nl,https://go2-thailand.com/nl/blog/snorkelen-in-thailand-beste-eilanden-voor-heldere-zicht/,/nl/blog/snorkelen-in-thailand-beste-eilanden-voor-heldere-zicht/,/blog/snorkelen-in-thailand-beste-eilanden-voor-heldere-zicht/,blog,no,editorial,freshness-audit,P2,provisional,"Controleer zoekintentie, feiten, datumclaims, interne links en consolidatiekansen. Taalpaar ontbreekt: bepaal of lokalisatie of bewust locale-specifiek gebruik nodig is."
nl,https://go2-thailand.com/nl/blog/thailand-visa-voor-nederlanders-2026-wat-je-nodig-hebt/,/nl/blog/thailand-visa-voor-nederlanders-2026-wat-je-nodig-hebt/,/blog/thailand-visa-voor-nederlanders-2026-wat-je-nodig-hebt/,blog,no,editorial,freshness-audit,P2,provisional,"Controleer zoekintentie, feiten, datumclaims, interne links en consolidatiekansen. Taalpaar ontbreekt: bepaal of lokalisatie of bewust locale-specifiek gebruik nodig is."
en,https://go2-thailand.com/,/,/,homepage,yes,homepage,keep-improve,P0,provisional,Kernhub; behouden en via het gedeelde designsysteem verbeteren.
en,https://go2-thailand.com/city/,/city/,/city/,destination-index,yes,destination-index,keep-improve,P0,provisional,Kernhub; behouden en via het gedeelde designsysteem verbeteren.
en,https://go2-thailand.com/activities/,/activities/,/activities/,commercial-activity,yes,commercial-landing,template-improve,P2,provisional,Schaalbare familie; onderzoek en verbeter eerst het gedeelde template en een pilot-URL.
en,https://go2-thailand.com/things-to-do-in-thailand/,/things-to-do-in-thailand/,/things-to-do-in-thailand/,travel-guide,yes,travel-guide,freshness-audit,P2,provisional,"Controleer zoekintentie, feiten, datumclaims, interne links en consolidatiekansen."
en,https://go2-thailand.com/transport/,/transport/,/transport/,transport,yes,transport,template-improve,P2,provisional,Schaalbare familie; onderzoek en verbeter eerst het gedeelde template en een pilot-URL.
en,https://go2-thailand.com/food/,/food/,/food/,food-drink,yes,food-drink,template-audit,P2,provisional,Behoud voorlopig; valideer indexatiewaarde en templatekwaliteit per cluster.
en,https://go2-thailand.com/drinks/,/drinks/,/drinks/,food-drink,yes,food-drink,template-audit,P2,provisional,Behoud voorlopig; valideer indexatiewaarde en templatekwaliteit per cluster.
en,https://go2-thailand.com/esim/,/esim/,/esim/,other,yes,manual-review,manual-audit,P3,provisional,"Controleer zoekintentie, contentkwaliteit en indexatiewaarde handmatig."
en,https://go2-thailand.com/social/,/social/,/social/,other,yes,manual-review,manual-audit,P3,provisional,"Controleer zoekintentie, contentkwaliteit en indexatiewaarde handmatig."
en,https://go2-thailand.com/region/,/region/,/region/,region,yes,region,template-audit,P2,provisional,Behoud voorlopig; valideer indexatiewaarde en templatekwaliteit per cluster.
en,https://go2-thailand.com/weather/,/weather/,/weather/,other,yes,manual-review,manual-audit,P3,provisional,"Controleer zoekintentie, contentkwaliteit en indexatiewaarde handmatig."
en,https://go2-thailand.com/travel-gear/,/travel-gear/,/travel-gear/,other,yes,manual-review,manual-audit,P3,provisional,"Controleer zoekintentie, contentkwaliteit en indexatiewaarde handmatig."
en,https://go2-thailand.com/travel-guides/,/travel-guides/,/travel-guides/,travel-guide,yes,travel-guide,freshness-audit,P2,provisional,"Controleer zoekintentie, feiten, datumclaims, interne links en consolidatiekansen."
en,https://go2-thailand.com/where-to-stay/,/where-to-stay/,/where-to-stay/,where-to-stay,yes,hotel-guide,keep-improve,P2,provisional,Geen parallelle best-hotels-route gevonden; bevestig intentie via DFS.
en,https://go2-thailand.com/islands/,/islands/,/islands/,island,yes,island,template-audit,P2,provisional,Behoud voorlopig; valideer indexatiewaarde en templatekwaliteit per cluster.
en,https://go2-thailand.com/best-beaches-in-thailand/,/best-beaches-in-thailand/,/best-beaches-in-thailand/,other,yes,manual-review,manual-audit,P3,provisional,"Controleer zoekintentie, contentkwaliteit en indexatiewaarde handmatig."
en,https://go2-thailand.com/best-cooking-classes-in-thailand/,/best-cooking-classes-in-thailand/,/best-cooking-classes-in-thailand/,other,yes,manual-review,manual-audit,P3,provisional,"Controleer zoekintentie, contentkwaliteit en indexatiewaarde handmatig."
en,https://go2-thailand.com/best-muay-thai-in-thailand/,/best-muay-thai-in-thailand/,/best-muay-thai-in-thailand/,other,yes,manual-review,manual-audit,P3,provisional,"Controleer zoekintentie, contentkwaliteit en indexatiewaarde handmatig."
en,https://go2-thailand.com/best-elephant-sanctuaries-in-thailand/,/best-elephant-sanctuaries-in-thailand/,/best-elephant-sanctuaries-in-thailand/,other,yes,manual-review,manual-audit,P3,provisional,"Controleer zoekintentie, contentkwaliteit en indexatiewaarde handmatig."
en,https://go2-thailand.com/best-diving-snorkeling-in-thailand/,/best-diving-snorkeling-in-thailand/,/best-diving-snorkeling-in-thailand/,other,yes,manual-review,manual-audit,P3,provisional,"Controleer zoekintentie, contentkwaliteit en indexatiewaarde handmatig."
en,https://go2-thailand.com/grand-palace-tickets/,/grand-palace-tickets/,/grand-palace-tickets/,other,yes,manual-review,manual-audit,P3,provisional,"Controleer zoekintentie, contentkwaliteit en indexatiewaarde handmatig."
en,https://go2-thailand.com/phi-phi-island-tour/,/phi-phi-island-tour/,/phi-phi-island-tour/,other,yes,manual-review,manual-audit,P3,provisional,"Controleer zoekintentie, contentkwaliteit en indexatiewaarde handmatig."
en,https://go2-thailand.com/chiang-mai-elephant-sanctuary/,/chiang-mai-elephant-sanctuary/,/chiang-mai-elephant-sanctuary/,other,yes,manual-review,manual-audit,P3,provisional,"Controleer zoekintentie, contentkwaliteit en indexatiewaarde handmatig."
en,https://go2-thailand.com/visa/,/visa/,/visa/,practical,yes,practical,template-audit,P2,provisional,Behoud voorlopig; valideer indexatiewaarde en templatekwaliteit per cluster.
en,https://go2-thailand.com/practical-info/,/practical-info/,/practical-info/,practical,yes,practical,template-audit,P2,provisional,Behoud voorlopig; valideer indexatiewaarde en templatekwaliteit per cluster.
en,https://go2-thailand.com/blog/,/blog/,/blog/,blog,yes,editorial,freshness-audit,P2,provisional,"Controleer zoekintentie, feiten, datumclaims, interne links en consolidatiekansen."
en,https://go2-thailand.com/itineraries/,/itineraries/,/itineraries/,itinerary,yes,itinerary,template-audit,P2,provisional,Behoud voorlopig; valideer indexatiewaarde en templatekwaliteit per cluster.
en,https://go2-thailand.com/thailand-index/,/thailand-index/,/thailand-index/,travel-guide,yes,travel-guide,freshness-audit,P2,provisional,"Controleer zoekintentie, feiten, datumclaims, interne links en consolidatiekansen."
en,https://go2-thailand.com/thailand-index/budget/,/thailand-index/budget/,/thailand-index/budget/,travel-guide,yes,travel-guide,freshness-audit,P2,provisional,"Controleer zoekintentie, feiten, datumclaims, interne links en consolidatiekansen."
en,https://go2-thailand.com/thailand-index/best-time/,/thailand-index/best-time/,/thailand-index/best-time/,travel-guide,yes,travel-guide,freshness-audit,P2,provisional,"Controleer zoekintentie, feiten, datumclaims, interne links en consolidatiekansen."
en,https://go2-thailand.com/thailand-index/transport/,/thailand-index/transport/,/thailand-index/transport/,travel-guide,yes,travel-guide,freshness-audit,P2,provisional,"Controleer zoekintentie, feiten, datumclaims, interne links en consolidatiekansen."
en,https://go2-thailand.com/thailand-index/digital-nomad/,/thailand-index/digital-nomad/,/thailand-index/digital-nomad/,travel-guide,yes,travel-guide,freshness-audit,P2,provisional,"Controleer zoekintentie, feiten, datumclaims, interne links en consolidatiekansen."
en,https://go2-thailand.com/thailand-index/safety/,/thailand-index/safety/,/thailand-index/safety/,travel-guide,yes,travel-guide,freshness-audit,P2,provisional,"Controleer zoekintentie, feiten, datumclaims, interne links en consolidatiekansen."
en,https://go2-thailand.com/thailand-travel-guide/,/thailand-travel-guide/,/thailand-travel-guide/,travel-guide,yes,travel-guide,freshness-audit,P2,provisional,"Controleer zoekintentie, feiten, datumclaims, interne links en consolidatiekansen."
en,https://go2-thailand.com/best-places-to-visit-thailand/,/best-places-to-visit-thailand/,/best-places-to-visit-thailand/,other,yes,manual-review,manual-audit,P3,provisional,"Controleer zoekintentie, contentkwaliteit en indexatiewaarde handmatig."
en,https://go2-thailand.com/is-thailand-safe/,/is-thailand-safe/,/is-thailand-safe/,other,yes,manual-review,manual-audit,P3,provisional,"Controleer zoekintentie, contentkwaliteit en indexatiewaarde handmatig."
en,https://go2-thailand.com/thailand-for-first-timers/,/thailand-for-first-timers/,/thailand-for-first-timers/,travel-guide,yes,travel-guide,freshness-audit,P2,provisional,"Controleer zoekintentie, feiten, datumclaims, interne links en consolidatiekansen."
en,https://go2-thailand.com/thailand-itinerary/,/thailand-itinerary/,/thailand-itinerary/,travel-guide,yes,travel-guide,freshness-audit,P2,provisional,"Controleer zoekintentie, feiten, datumclaims, interne links en consolidatiekansen."
en,https://go2-thailand.com/flights-to-phuket/,/flights-to-phuket/,/flights-to-phuket/,commercial-activity,yes,commercial-landing,template-improve,P2,provisional,Schaalbare familie; onderzoek en verbeter eerst het gedeelde template en een pilot-URL.
en,https://go2-thailand.com/flights-to-bangkok/,/flights-to-bangkok/,/flights-to-bangkok/,commercial-activity,yes,commercial-landing,template-improve,P2,provisional,Schaalbare familie; onderzoek en verbeter eerst het gedeelde template en een pilot-URL.
en,https://go2-thailand.com/flights-to-chiang-mai/,/flights-to-chiang-mai/,/flights-to-chiang-mai/,commercial-activity,yes,commercial-landing,template-improve,P2,provisional,Schaalbare familie; onderzoek en verbeter eerst het gedeelde template en een pilot-URL.
en,https://go2-thailand.com/car-rental-phuket/,/car-rental-phuket/,/car-rental-phuket/,commercial-activity,yes,commercial-landing,template-improve,P2,provisional,Schaalbare familie; onderzoek en verbeter eerst het gedeelde template en een pilot-URL.
en,https://go2-thailand.com/yacht-charter-phuket/,/yacht-charter-phuket/,/yacht-charter-phuket/,commercial-activity,yes,commercial-landing,template-improve,P2,provisional,Schaalbare familie; onderzoek en verbeter eerst het gedeelde template en een pilot-URL.
en,https://go2-thailand.com/catamaran-phuket/,/catamaran-phuket/,/catamaran-phuket/,commercial-activity,yes,commercial-landing,template-improve,P2,provisional,Schaalbare familie; onderzoek en verbeter eerst het gedeelde template en een pilot-URL.
en,https://go2-thailand.com/yacht-rental-phuket/,/yacht-rental-phuket/,/yacht-rental-phuket/,commercial-activity,yes,commercial-landing,template-improve,P2,provisional,Schaalbare familie; onderzoek en verbeter eerst het gedeelde template en een pilot-URL.
en,https://go2-thailand.com/phuket-wedding-venues/,/phuket-wedding-venues/,/phuket-wedding-venues/,commercial-activity,yes,commercial-landing,template-improve,P2,provisional,Schaalbare familie; onderzoek en verbeter eerst het gedeelde template en een pilot-URL.
en,https://go2-thailand.com/phuket-honeymoon/,/phuket-honeymoon/,/phuket-honeymoon/,commercial-activity,yes,commercial-landing,template-improve,P2,provisional,Schaalbare familie; onderzoek en verbeter eerst het gedeelde template en een pilot-URL.
en,https://go2-thailand.com/phuket-luxury-villas/,/phuket-luxury-villas/,/phuket-luxury-villas/,commercial-activity,yes,commercial-landing,template-improve,P2,provisional,Schaalbare familie; onderzoek en verbeter eerst het gedeelde template en een pilot-URL.
en,https://go2-thailand.com/private-pool-villa-phuket/,/private-pool-villa-phuket/,/private-pool-villa-phuket/,commercial-activity,yes,commercial-landing,template-improve,P2,provisional,Schaalbare familie; onderzoek en verbeter eerst het gedeelde template en een pilot-URL.
en,https://go2-thailand.com/phuket-tours/,/phuket-tours/,/phuket-tours/,commercial-activity,yes,commercial-landing,template-improve,P2,provisional,Schaalbare familie; onderzoek en verbeter eerst het gedeelde template en een pilot-URL.
en,https://go2-thailand.com/phuket/old-town/,/phuket/old-town/,/phuket/old-town/,phuket-location,yes,phuket-location,template-audit,P2,provisional,Behoud voorlopig; valideer indexatiewaarde en templatekwaliteit per cluster.
en,https://go2-thailand.com/phuket/old-town/things-to-do/,/phuket/old-town/things-to-do/,/phuket/old-town/things-to-do/,phuket-location,yes,phuket-location,template-audit,P2,provisional,Behoud voorlopig; valideer indexatiewaarde en templatekwaliteit per cluster.
en,https://go2-thailand.com/phuket/old-town/night-market/,/phuket/old-town/night-market/,/phuket/old-town/night-market/,phuket-location,yes,phuket-location,template-audit,P2,provisional,Behoud voorlopig; valideer indexatiewaarde en templatekwaliteit per cluster.
en,https://go2-thailand.com/phuket/nai-harn/,/phuket/nai-harn/,/phuket/nai-harn/,phuket-location,yes,phuket-location,template-audit,P2,provisional,Behoud voorlopig; valideer indexatiewaarde en templatekwaliteit per cluster.
en,https://go2-thailand.com/phuket/nai-harn/hotels/,/phuket/nai-harn/hotels/,/phuket/nai-harn/hotels/,hotel-commercial,yes,hotel-guide,keep-improve,P1,provisional,Belangrijke destination- of commerciële pagina; locale-specifieke DFS-brief vereist.
en,https://go2-thailand.com/phuket/rawai/,/phuket/rawai/,/phuket/rawai/,phuket-location,yes,phuket-location,template-audit,P2,provisional,Behoud voorlopig; valideer indexatiewaarde en templatekwaliteit per cluster.
en,https://go2-thailand.com/phuket/karon/,/phuket/karon/,/phuket/karon/,phuket-location,yes,phuket-location,template-audit,P2,provisional,Behoud voorlopig; valideer indexatiewaarde en templatekwaliteit per cluster.
en,https://go2-thailand.com/phuket/karon/hotels/,/phuket/karon/hotels/,/phuket/karon/hotels/,hotel-commercial,yes,hotel-guide,keep-improve,P1,provisional,Belangrijke destination- of commerciële pagina; locale-specifieke DFS-brief vereist.
en,https://go2-thailand.com/phuket/patong/,/phuket/patong/,/phuket/patong/,phuket-location,yes,phuket-location,template-audit,P2,provisional,Behoud voorlopig; valideer indexatiewaarde en templatekwaliteit per cluster.
en,https://go2-thailand.com/phuket/patong/hotels/,/phuket/patong/hotels/,/phuket/patong/hotels/,hotel-commercial,yes,hotel-guide,keep-improve,P1,provisional,Belangrijke destination- of commerciële pagina; locale-specifieke DFS-brief vereist.
en,https://go2-thailand.com/phuket/patong/nightlife/,/phuket/patong/nightlife/,/phuket/patong/nightlife/,phuket-location,yes,phuket-location,template-audit,P2,provisional,Behoud voorlopig; valideer indexatiewaarde en templatekwaliteit per cluster.
en,https://go2-thailand.com/phuket/patong/restaurants/,/phuket/patong/restaurants/,/phuket/patong/restaurants/,phuket-location,yes,phuket-location,template-audit,P2,provisional,Behoud voorlopig; valideer indexatiewaarde en templatekwaliteit per cluster.
en,https://go2-thailand.com/phuket/kata/,/phuket/kata/,/phuket/kata/,phuket-location,yes,phuket-location,template-audit,P2,provisional,Behoud voorlopig; valideer indexatiewaarde en templatekwaliteit per cluster.
en,https://go2-thailand.com/phuket/kata/hotels/,/phuket/kata/hotels/,/phuket/kata/hotels/,hotel-commercial,yes,hotel-guide,keep-improve,P1,provisional,Belangrijke destination- of commerciële pagina; locale-specifieke DFS-brief vereist.
en,https://go2-thailand.com/phuket/kata/surfing/,/phuket/kata/surfing/,/phuket/kata/surfing/,phuket-location,yes,phuket-location,template-audit,P2,provisional,Behoud voorlopig; valideer indexatiewaarde en templatekwaliteit per cluster.
en,https://go2-thailand.com/phuket/kata/kata-noi/,/phuket/kata/kata-noi/,/phuket/kata/kata-noi/,phuket-location,yes,phuket-location,template-audit,P2,provisional,Behoud voorlopig; valideer indexatiewaarde en templatekwaliteit per cluster.
en,https://go2-thailand.com/phuket/kamala/,/phuket/kamala/,/phuket/kamala/,phuket-location,yes,phuket-location,template-audit,P2,provisional,Behoud voorlopig; valideer indexatiewaarde en templatekwaliteit per cluster.
en,https://go2-thailand.com/phuket/kamala/hotels/,/phuket/kamala/hotels/,/phuket/kamala/hotels/,hotel-commercial,yes,hotel-guide,keep-improve,P1,provisional,Belangrijke destination- of commerciële pagina; locale-specifieke DFS-brief vereist.
en,https://go2-thailand.com/phuket/bang-tao/,/phuket/bang-tao/,/phuket/bang-tao/,phuket-location,yes,phuket-location,template-audit,P2,provisional,Behoud voorlopig; valideer indexatiewaarde en templatekwaliteit per cluster.
en,https://go2-thailand.com/phuket/bang-tao/hotels/,/phuket/bang-tao/hotels/,/phuket/bang-tao/hotels/,hotel-commercial,yes,hotel-guide,keep-improve,P1,provisional,Belangrijke destination- of commerciële pagina; locale-specifieke DFS-brief vereist.
en,https://go2-thailand.com/phuket/surin/,/phuket/surin/,/phuket/surin/,phuket-location,yes,phuket-location,template-audit,P2,provisional,Behoud voorlopig; valideer indexatiewaarde en templatekwaliteit per cluster.
en,https://go2-thailand.com/phuket/patong/hotels/grand-mercure-phuket-patong/,/phuket/patong/hotels/grand-mercure-phuket-patong/,/phuket/patong/hotels/grand-mercure-phuket-patong/,hotel-commercial,yes,hotel-guide,keep-improve,P1,provisional,Belangrijke destination- of commerciële pagina; locale-specifieke DFS-brief vereist.
en,https://go2-thailand.com/phuket/patong/hotels/four-points-by-sheraton-phuket-patong-beach-resort/,/phuket/patong/hotels/four-points-by-sheraton-phuket-patong-beach-resort/,/phuket/patong/hotels/four-points-by-sheraton-phuket-patong-beach-resort/,hotel-commercial,yes,hotel-guide,keep-improve,P1,provisional,Belangrijke destination- of commerciële pagina; locale-specifieke DFS-brief vereist.
en,https://go2-thailand.com/phuket/patong/hotels/hotel-indigo-phuket-patong/,/phuket/patong/hotels/hotel-indigo-phuket-patong/,/phuket/patong/hotels/hotel-indigo-phuket-patong/,hotel-commercial,yes,hotel-guide,keep-improve,P1,provisional,Belangrijke destination- of commerciële pagina; locale-specifieke DFS-brief vereist.
en,https://go2-thailand.com/phuket/patong/hotels/hotel-clover-patong-phuket/,/phuket/patong/hotels/hotel-clover-patong-phuket/,/phuket/patong/hotels/hotel-clover-patong-phuket/,hotel-commercial,yes,hotel-guide,keep-improve,P1,provisional,Belangrijke destination- of commerciële pagina; locale-specifieke DFS-brief vereist.
en,https://go2-thailand.com/phuket/patong/hotels/movenpick-myth-hotel-patong-phuket/,/phuket/patong/hotels/movenpick-myth-hotel-patong-phuket/,/phuket/patong/hotels/movenpick-myth-hotel-patong-phuket/,hotel-commercial,yes,hotel-guide,keep-improve,P1,provisional,Belangrijke destination- of commerciële pagina; locale-specifieke DFS-brief vereist.
en,https://go2-thailand.com/phuket/patong/hotels/lub-d-phuket-patong/,/phuket/patong/hotels/lub-d-phuket-patong/,/phuket/patong/hotels/lub-d-phuket-patong/,hotel-commercial,yes,hotel-guide,keep-improve,P1,provisional,Belangrijke destination- of commerciële pagina; locale-specifieke DFS-brief vereist.
en,https://go2-thailand.com/phuket/patong/hotels/la-flora-resort-patong/,/phuket/patong/hotels/la-flora-resort-patong/,/phuket/patong/hotels/la-flora-resort-patong/,hotel-commercial,yes,hotel-guide,keep-improve,P1,provisional,Belangrijke destination- of commerciële pagina; locale-specifieke DFS-brief vereist.
en,https://go2-thailand.com/phuket/patong/hotels/7q-patong-beach-hotel/,/phuket/patong/hotels/7q-patong-beach-hotel/,/phuket/patong/hotels/7q-patong-beach-hotel/,hotel-commercial,yes,hotel-guide,keep-improve,P1,provisional,Belangrijke destination- of commerciële pagina; locale-specifieke DFS-brief vereist.
en,https://go2-thailand.com/phuket/patong/hotels/holiday-inn-express-phuket-patong-beach-central/,/phuket/patong/hotels/holiday-inn-express-phuket-patong-beach-central/,/phuket/patong/hotels/holiday-inn-express-phuket-patong-beach-central/,hotel-commercial,yes,hotel-guide,keep-improve,P1,provisional,Belangrijke destination- of commerciële pagina; locale-specifieke DFS-brief vereist.
en,https://go2-thailand.com/phuket/patong/hotels/andaman-embrace-patong/,/phuket/patong/hotels/andaman-embrace-patong/,/phuket/patong/hotels/andaman-embrace-patong/,hotel-commercial,yes,hotel-guide,keep-improve,P1,provisional,Belangrijke destination- of commerciële pagina; locale-specifieke DFS-brief vereist.
en,https://go2-thailand.com/phuket/patong/hotels/best-western-patong-beach/,/phuket/patong/hotels/best-western-patong-beach/,/phuket/patong/hotels/best-western-patong-beach/,hotel-commercial,yes,hotel-guide,keep-improve,P1,provisional,Belangrijke destination- of commerciële pagina; locale-specifieke DFS-brief vereist.
en,https://go2-thailand.com/phuket/patong/hotels/mt-hotel-patong/,/phuket/patong/hotels/mt-hotel-patong/,/phuket/patong/hotels/mt-hotel-patong/,hotel-commercial,yes,hotel-guide,keep-improve,P1,provisional,Belangrijke destination- of commerciële pagina; locale-specifieke DFS-brief vereist.
en,https://go2-thailand.com/phuket/patong/hotels/ramada-by-wyndham-phuket-deevana-patong/,/phuket/patong/hotels/ramada-by-wyndham-phuket-deevana-patong/,/phuket/patong/hotels/ramada-by-wyndham-phuket-deevana-patong/,hotel-commercial,yes,hotel-guide,keep-improve,P1,provisional,Belangrijke destination- of commerciële pagina; locale-specifieke DFS-brief vereist.
en,https://go2-thailand.com/phuket/patong/hotels/patong-signature-boutique-hotel/,/phuket/patong/hotels/patong-signature-boutique-hotel/,/phuket/patong/hotels/patong-signature-boutique-hotel/,hotel-commercial,yes,hotel-guide,keep-improve,P1,provisional,Belangrijke destination- of commerciële pagina; locale-specifieke DFS-brief vereist.
en,https://go2-thailand.com/phuket/patong/hotels/deevana-patong-resort-and-spa/,/phuket/patong/hotels/deevana-patong-resort-and-spa/,/phuket/patong/hotels/deevana-patong-resort-and-spa/,hotel-commercial,yes,hotel-guide,keep-improve,P1,provisional,Belangrijke destination- of commerciële pagina; locale-specifieke DFS-brief vereist.
en,https://go2-thailand.com/phuket/patong/hotels/deevana-plaza-phuket-patong/,/phuket/patong/hotels/deevana-plaza-phuket-patong/,/phuket/patong/hotels/deevana-plaza-phuket-patong/,hotel-commercial,yes,hotel-guide,keep-improve,P1,provisional,Belangrijke destination- of commerciële pagina; locale-specifieke DFS-brief vereist.
en,https://go2-thailand.com/phuket/patong/hotels/icheck-inn-residences-patong/,/phuket/patong/hotels/icheck-inn-residences-patong/,/phuket/patong/hotels/icheck-inn-residences-patong/,hotel-commercial,yes,hotel-guide,keep-improve,P1,provisional,Belangrijke destination- of commerciële pagina; locale-specifieke DFS-brief vereist.
en,https://go2-thailand.com/phuket/patong/hotels/woovo-phuket-patong/,/phuket/patong/hotels/woovo-phuket-patong/,/phuket/patong/hotels/woovo-phuket-patong/,hotel-commercial,yes,hotel-guide,keep-improve,P1,provisional,Belangrijke destination- of commerciële pagina; locale-specifieke DFS-brief vereist.
en,https://go2-thailand.com/phuket/karon/hotels/pullman-phuket-arcadia-karon-beach-resort/,/phuket/karon/hotels/pullman-phuket-arcadia-karon-beach-resort/,/phuket/karon/hotels/pullman-phuket-arcadia-karon-beach-resort/,hotel-commercial,yes,hotel-guide,keep-improve,P1,provisional,Belangrijke destination- of commerciële pagina; locale-specifieke DFS-brief vereist.
en,https://go2-thailand.com/phuket/karon/hotels/centara-grand-beach-resort-phuket/,/phuket/karon/hotels/centara-grand-beach-resort-phuket/,/phuket/karon/hotels/centara-grand-beach-resort-phuket/,hotel-commercial,yes,hotel-guide,keep-improve,P1,provisional,Belangrijke destination- of commerciële pagina; locale-specifieke DFS-brief vereist.
en,https://go2-thailand.com/phuket/karon/hotels/mandarava-resort-and-spa-karon-beach/,/phuket/karon/hotels/mandarava-resort-and-spa-karon-beach/,/phuket/karon/hotels/mandarava-resort-and-spa-karon-beach/,hotel-commercial,yes,hotel-guide,keep-improve,P1,provisional,Belangrijke destination- of commerciële pagina; locale-specifieke DFS-brief vereist.
en,https://go2-thailand.com/phuket/karon/hotels/beyond-resort-karon/,/phuket/karon/hotels/beyond-resort-karon/,/phuket/karon/hotels/beyond-resort-karon/,hotel-commercial,yes,hotel-guide,keep-improve,P1,provisional,Belangrijke destination- of commerciële pagina; locale-specifieke DFS-brief vereist.
en,https://go2-thailand.com/phuket/karon/hotels/avista-grande-karon-mgallery/,/phuket/karon/hotels/avista-grande-karon-mgallery/,/phuket/karon/hotels/avista-grande-karon-mgallery/,hotel-commercial,yes,hotel-guide,keep-improve,P1,provisional,Belangrijke destination- of commerciële pagina; locale-specifieke DFS-brief vereist.
en,https://go2-thailand.com/phuket/kamala/hotels/novotel-phuket-kamala-beach/,/phuket/kamala/hotels/novotel-phuket-kamala-beach/,/phuket/kamala/hotels/novotel-phuket-kamala-beach/,hotel-commercial,yes,hotel-guide,keep-improve,P1,provisional,Belangrijke destination- of commerciële pagina; locale-specifieke DFS-brief vereist.
en,https://go2-thailand.com/phuket/kamala/hotels/sunwing-kamala-beach/,/phuket/kamala/hotels/sunwing-kamala-beach/,/phuket/kamala/hotels/sunwing-kamala-beach/,hotel-commercial,yes,hotel-guide,keep-improve,P1,provisional,Belangrijke destination- of commerciële pagina; locale-specifieke DFS-brief vereist.
en,https://go2-thailand.com/phuket/kamala/hotels/sunprime-kamala-beach/,/phuket/kamala/hotels/sunprime-kamala-beach/,/phuket/kamala/hotels/sunprime-kamala-beach/,hotel-commercial,yes,hotel-guide,keep-improve,P1,provisional,Belangrijke destination- of commerciële pagina; locale-specifieke DFS-brief vereist.
en,https://go2-thailand.com/phuket/bang-tao/hotels/hilton-garden-inn-phuket-bang-tao/,/phuket/bang-tao/hotels/hilton-garden-inn-phuket-bang-tao/,/phuket/bang-tao/hotels/hilton-garden-inn-phuket-bang-tao/,hotel-commercial,yes,hotel-guide,keep-improve,P1,provisional,Belangrijke destination- of commerciële pagina; locale-specifieke DFS-brief vereist.
en,https://go2-thailand.com/flights-to-phuket/bangkok/,/flights-to-phuket/bangkok/,/flights-to-phuket/bangkok/,commercial-activity,yes,commercial-landing,template-improve,P2,provisional,Schaalbare familie; onderzoek en verbeter eerst het gedeelde template en een pilot-URL.
en,https://go2-thailand.com/flights-to-phuket/bangkok-dmk/,/flights-to-phuket/bangkok-dmk/,/flights-to-phuket/bangkok-dmk/,commercial-activity,yes,commercial-landing,template-improve,P2,provisional,Schaalbare familie; onderzoek en verbeter eerst het gedeelde template en een pilot-URL.
en,https://go2-thailand.com/flights-to-phuket/chiang-mai/,/flights-to-phuket/chiang-mai/,/flights-to-phuket/chiang-mai/,commercial-activity,yes,commercial-landing,template-improve,P2,provisional,Schaalbare familie; onderzoek en verbeter eerst het gedeelde template en een pilot-URL.
en,https://go2-thailand.com/flights-to-phuket/koh-samui/,/flights-to-phuket/koh-samui/,/flights-to-phuket/koh-samui/,commercial-activity,yes,commercial-landing,template-improve,P2,provisional,Schaalbare familie; onderzoek en verbeter eerst het gedeelde template en een pilot-URL.
en,https://go2-thailand.com/flights-to-phuket/singapore/,/flights-to-phuket/singapore/,/flights-to-phuket/singapore/,commercial-activity,yes,commercial-landing,template-improve,P2,provisional,Schaalbare familie; onderzoek en verbeter eerst het gedeelde template en een pilot-URL.
en,https://go2-thailand.com/flights-to-phuket/kuala-lumpur/,/flights-to-phuket/kuala-lumpur/,/flights-to-phuket/kuala-lumpur/,commercial-activity,yes,commercial-landing,template-improve,P2,provisional,Schaalbare familie; onderzoek en verbeter eerst het gedeelde template en een pilot-URL.
en,https://go2-thailand.com/flights-to-phuket/hong-kong/,/flights-to-phuket/hong-kong/,/flights-to-phuket/hong-kong/,commercial-activity,yes,commercial-landing,template-improve,P2,provisional,Schaalbare familie; onderzoek en verbeter eerst het gedeelde template en een pilot-URL.
en,https://go2-thailand.com/flights-to-phuket/seoul/,/flights-to-phuket/seoul/,/flights-to-phuket/seoul/,commercial-activity,yes,commercial-landing,template-improve,P2,provisional,Schaalbare familie; onderzoek en verbeter eerst het gedeelde template en een pilot-URL.
en,https://go2-thailand.com/flights-to-phuket/dubai/,/flights-to-phuket/dubai/,/flights-to-phuket/dubai/,commercial-activity,yes,commercial-landing,template-improve,P2,provisional,Schaalbare familie; onderzoek en verbeter eerst het gedeelde template en een pilot-URL.
en,https://go2-thailand.com/flights-to-phuket/lax/,/flights-to-phuket/lax/,/flights-to-phuket/lax/,commercial-activity,yes,commercial-landing,template-improve,P2,provisional,Schaalbare familie; onderzoek en verbeter eerst het gedeelde template en een pilot-URL.
en,https://go2-thailand.com/flights-to-phuket/jfk/,/flights-to-phuket/jfk/,/flights-to-phuket/jfk/,commercial-activity,yes,commercial-landing,template-improve,P2,provisional,Schaalbare familie; onderzoek en verbeter eerst het gedeelde template en een pilot-URL.
en,https://go2-thailand.com/flights-to-phuket/sfo/,/flights-to-phuket/sfo/,/flights-to-phuket/sfo/,commercial-activity,yes,commercial-landing,template-improve,P2,provisional,Schaalbare familie; onderzoek en verbeter eerst het gedeelde template en een pilot-URL.
en,https://go2-thailand.com/flights-to-phuket/london/,/flights-to-phuket/london/,/flights-to-phuket/london/,commercial-activity,yes,commercial-landing,template-improve,P2,provisional,Schaalbare familie; onderzoek en verbeter eerst het gedeelde template en een pilot-URL.
en,https://go2-thailand.com/flights-to-phuket/amsterdam/,/flights-to-phuket/amsterdam/,/flights-to-phuket/amsterdam/,commercial-activity,yes,commercial-landing,template-improve,P2,provisional,Schaalbare familie; onderzoek en verbeter eerst het gedeelde template en een pilot-URL.
en,https://go2-thailand.com/yacht-charter-phuket/luxury/,/yacht-charter-phuket/luxury/,/yacht-charter-phuket/luxury/,commercial-activity,yes,commercial-landing,template-improve,P2,provisional,Schaalbare familie; onderzoek en verbeter eerst het gedeelde template en een pilot-URL.
en,https://go2-thailand.com/yacht-charter-phuket/phi-phi/,/yacht-charter-phuket/phi-phi/,/yacht-charter-phuket/phi-phi/,commercial-activity,yes,commercial-landing,template-improve,P2,provisional,Schaalbare familie; onderzoek en verbeter eerst het gedeelde template en een pilot-URL.
en,https://go2-thailand.com/yacht-charter-phuket/similan/,/yacht-charter-phuket/similan/,/yacht-charter-phuket/similan/,commercial-activity,yes,commercial-landing,template-improve,P2,provisional,Schaalbare familie; onderzoek en verbeter eerst het gedeelde template en een pilot-URL.
en,https://go2-thailand.com/car-rental-phuket/airport/,/car-rental-phuket/airport/,/car-rental-phuket/airport/,commercial-activity,yes,commercial-landing,template-improve,P2,provisional,Schaalbare familie; onderzoek en verbeter eerst het gedeelde template en een pilot-URL.
en,https://go2-thailand.com/car-rental-phuket/long-term/,/car-rental-phuket/long-term/,/car-rental-phuket/long-term/,commercial-activity,yes,commercial-landing,template-improve,P2,provisional,Schaalbare familie; onderzoek en verbeter eerst het gedeelde template en een pilot-URL.
en,https://go2-thailand.com/car-rental-phuket/automatic/,/car-rental-phuket/automatic/,/car-rental-phuket/automatic/,commercial-activity,yes,commercial-landing,template-improve,P2,provisional,Schaalbare familie; onderzoek en verbeter eerst het gedeelde template en een pilot-URL.
en,https://go2-thailand.com/phuket-wedding-venues/beach/,/phuket-wedding-venues/beach/,/phuket-wedding-venues/beach/,commercial-activity,yes,commercial-landing,template-improve,P2,provisional,Schaalbare familie; onderzoek en verbeter eerst het gedeelde template en een pilot-URL.
en,https://go2-thailand.com/phuket-wedding-venues/resort-packages/,/phuket-wedding-venues/resort-packages/,/phuket-wedding-venues/resort-packages/,commercial-activity,yes,commercial-landing,template-improve,P2,provisional,Schaalbare familie; onderzoek en verbeter eerst het gedeelde template en een pilot-URL.
en,https://go2-thailand.com/phuket-wedding-venues/villa/,/phuket-wedding-venues/villa/,/phuket-wedding-venues/villa/,commercial-activity,yes,commercial-landing,template-improve,P2,provisional,Schaalbare familie; onderzoek en verbeter eerst het gedeelde template en een pilot-URL.
en,https://go2-thailand.com/phuket-honeymoon/private-pool-villas/,/phuket-honeymoon/private-pool-villas/,/phuket-honeymoon/private-pool-villas/,commercial-activity,yes,commercial-landing,template-improve,P2,provisional,Schaalbare familie; onderzoek en verbeter eerst het gedeelde template en een pilot-URL.
en,https://go2-thailand.com/phuket-honeymoon/all-inclusive/,/phuket-honeymoon/all-inclusive/,/phuket-honeymoon/all-inclusive/,commercial-activity,yes,commercial-landing,template-improve,P2,provisional,Schaalbare familie; onderzoek en verbeter eerst het gedeelde template en een pilot-URL.
en,https://go2-thailand.com/phuket-luxury-villas/private-pool/,/phuket-luxury-villas/private-pool/,/phuket-luxury-villas/private-pool/,commercial-activity,yes,commercial-landing,template-improve,P2,provisional,Schaalbare familie; onderzoek en verbeter eerst het gedeelde template en een pilot-URL.
en,https://go2-thailand.com/phuket-luxury-villas/oceanfront/,/phuket-luxury-villas/oceanfront/,/phuket-luxury-villas/oceanfront/,commercial-activity,yes,commercial-landing,template-improve,P2,provisional,Schaalbare familie; onderzoek en verbeter eerst het gedeelde template en een pilot-URL.
en,https://go2-thailand.com/phuket-luxury-villas/family/,/phuket-luxury-villas/family/,/phuket-luxury-villas/family/,commercial-activity,yes,commercial-landing,template-improve,P2,provisional,Schaalbare familie; onderzoek en verbeter eerst het gedeelde template en een pilot-URL.
en,https://go2-thailand.com/phuket-tours/big-buddha/,/phuket-tours/big-buddha/,/phuket-tours/big-buddha/,commercial-activity,yes,commercial-landing,template-improve,P2,provisional,Schaalbare familie; onderzoek en verbeter eerst het gedeelde template en een pilot-URL.
en,https://go2-thailand.com/phuket-tours/elephant-sanctuary/,/phuket-tours/elephant-sanctuary/,/phuket-tours/elephant-sanctuary/,commercial-activity,yes,commercial-landing,template-improve,P2,provisional,Schaalbare familie; onderzoek en verbeter eerst het gedeelde template en een pilot-URL.
en,https://go2-thailand.com/phuket-tours/cooking-class/,/phuket-tours/cooking-class/,/phuket-tours/cooking-class/,commercial-activity,yes,commercial-landing,template-improve,P2,provisional,Schaalbare familie; onderzoek en verbeter eerst het gedeelde template en een pilot-URL.
en,https://go2-thailand.com/phuket-tours/snorkeling/,/phuket-tours/snorkeling/,/phuket-tours/snorkeling/,commercial-activity,yes,commercial-landing,template-improve,P2,provisional,Schaalbare familie; onderzoek en verbeter eerst het gedeelde template en een pilot-URL.
en,https://go2-thailand.com/phuket-tours/old-town/,/phuket-tours/old-town/,/phuket-tours/old-town/,commercial-activity,yes,commercial-landing,template-improve,P2,provisional,Schaalbare familie; onderzoek en verbeter eerst het gedeelde template en een pilot-URL.
en,https://go2-thailand.com/phuket-tours/phi-phi-day-trip/,/phuket-tours/phi-phi-day-trip/,/phuket-tours/phi-phi-day-trip/,commercial-activity,yes,commercial-landing,template-improve,P2,provisional,Schaalbare familie; onderzoek en verbeter eerst het gedeelde template en een pilot-URL.
en,https://go2-thailand.com/phuket-tours/maya-bay/,/phuket-tours/maya-bay/,/phuket-tours/maya-bay/,commercial-activity,yes,commercial-landing,template-improve,P2,provisional,Schaalbare familie; onderzoek en verbeter eerst het gedeelde template en een pilot-URL.
en,https://go2-thailand.com/phuket-tours/phi-phi-snorkeling/,/phuket-tours/phi-phi-snorkeling/,/phuket-tours/phi-phi-snorkeling/,commercial-activity,yes,commercial-landing,template-improve,P2,provisional,Schaalbare familie; onderzoek en verbeter eerst het gedeelde template en een pilot-URL.
en,https://go2-thailand.com/phuket-tours/phi-phi-sunset/,/phuket-tours/phi-phi-sunset/,/phuket-tours/phi-phi-sunset/,commercial-activity,yes,commercial-landing,template-improve,P2,provisional,Schaalbare familie; onderzoek en verbeter eerst het gedeelde template en een pilot-URL.
en,https://go2-thailand.com/phuket-tours/phi-phi-speedboat/,/phuket-tours/phi-phi-speedboat/,/phuket-tours/phi-phi-speedboat/,commercial-activity,yes,commercial-landing,template-improve,P2,provisional,Schaalbare familie; onderzoek en verbeter eerst het gedeelde template en een pilot-URL.
en,https://go2-thailand.com/phuket-tours/khai-islands/,/phuket-tours/khai-islands/,/phuket-tours/khai-islands/,commercial-activity,yes,commercial-landing,template-improve,P2,provisional,Schaalbare familie; onderzoek en verbeter eerst het gedeelde template en een pilot-URL.
en,https://go2-thailand.com/phuket-tours/bamboo-island/,/phuket-tours/bamboo-island/,/phuket-tours/bamboo-island/,commercial-activity,yes,commercial-landing,template-improve,P2,provisional,Schaalbare familie; onderzoek en verbeter eerst het gedeelde template en een pilot-URL.
en,https://go2-thailand.com/phuket/nai-harn/hotels/the-nai-harn-phuket/,/phuket/nai-harn/hotels/the-nai-harn-phuket/,/phuket/nai-harn/hotels/the-nai-harn-phuket/,hotel-commercial,yes,hotel-guide,keep-improve,P1,provisional,Belangrijke destination- of commerciële pagina; locale-specifieke DFS-brief vereist.
en,https://go2-thailand.com/phuket/nai-harn/hotels/wyndham-grand-nai-harn-beach-phuket/,/phuket/nai-harn/hotels/wyndham-grand-nai-harn-beach-phuket/,/phuket/nai-harn/hotels/wyndham-grand-nai-harn-beach-phuket/,hotel-commercial,yes,hotel-guide,keep-improve,P1,provisional,Belangrijke destination- of commerciële pagina; locale-specifieke DFS-brief vereist.
en,https://go2-thailand.com/phuket/rawai/hotels/selina-serenity-rawai-phuket/,/phuket/rawai/hotels/selina-serenity-rawai-phuket/,/phuket/rawai/hotels/selina-serenity-rawai-phuket/,hotel-commercial,yes,hotel-guide,keep-improve,P1,provisional,Belangrijke destination- of commerciële pagina; locale-specifieke DFS-brief vereist.
en,https://go2-thailand.com/top-10/,/top-10/,/top-10/,other,no,manual-review,manual-audit,P3,provisional,"Controleer zoekintentie, contentkwaliteit en indexatiewaarde handmatig. Taalpaar ontbreekt: bepaal of lokalisatie of bewust locale-specifiek gebruik nodig is."
en,https://go2-thailand.com/top-10/restaurants/,/top-10/restaurants/,/top-10/restaurants/,other,no,manual-review,manual-audit,P3,provisional,"Controleer zoekintentie, contentkwaliteit en indexatiewaarde handmatig. Taalpaar ontbreekt: bepaal of lokalisatie of bewust locale-specifiek gebruik nodig is."
en,https://go2-thailand.com/top-10/hotels/,/top-10/hotels/,/top-10/hotels/,hotel-commercial,no,hotel-guide,keep-improve,P2,provisional,Belangrijke destination- of commerciële pagina; locale-specifieke DFS-brief vereist. Taalpaar ontbreekt: bepaal of lokalisatie of bewust locale-specifiek gebruik nodig is.
en,https://go2-thailand.com/top-10/attractions/,/top-10/attractions/,/top-10/attractions/,other,no,manual-review,manual-audit,P3,provisional,"Controleer zoekintentie, contentkwaliteit en indexatiewaarde handmatig. Taalpaar ontbreekt: bepaal of lokalisatie of bewust locale-specifiek gebruik nodig is."
en,https://go2-thailand.com/food/pad-krapow/,/food/pad-krapow/,/food/pad-krapow/,food-drink,yes,food-drink,template-audit,P2,provisional,Behoud voorlopig; valideer indexatiewaarde en templatekwaliteit per cluster.
en,https://go2-thailand.com/food/som-tam/,/food/som-tam/,/food/som-tam/,food-drink,yes,food-drink,template-audit,P2,provisional,Behoud voorlopig; valideer indexatiewaarde en templatekwaliteit per cluster.
en,https://go2-thailand.com/food/tom-yum-goong/,/food/tom-yum-goong/,/food/tom-yum-goong/,food-drink,yes,food-drink,template-audit,P2,provisional,Behoud voorlopig; valideer indexatiewaarde en templatekwaliteit per cluster.
en,https://go2-thailand.com/food/pad-thai/,/food/pad-thai/,/food/pad-thai/,food-drink,yes,food-drink,template-audit,P2,provisional,Behoud voorlopig; valideer indexatiewaarde en templatekwaliteit per cluster.
en,https://go2-thailand.com/food/green-curry/,/food/green-curry/,/food/green-curry/,food-drink,yes,food-drink,template-audit,P2,provisional,Behoud voorlopig; valideer indexatiewaarde en templatekwaliteit per cluster.
en,https://go2-thailand.com/food/mango-sticky-rice/,/food/mango-sticky-rice/,/food/mango-sticky-rice/,food-drink,yes,food-drink,template-audit,P2,provisional,Behoud voorlopig; valideer indexatiewaarde en templatekwaliteit per cluster.
en,https://go2-thailand.com/food/massaman-curry/,/food/massaman-curry/,/food/massaman-curry/,food-drink,yes,food-drink,template-audit,P2,provisional,Behoud voorlopig; valideer indexatiewaarde en templatekwaliteit per cluster.
en,https://go2-thailand.com/food/larb/,/food/larb/,/food/larb/,food-drink,yes,food-drink,template-audit,P2,provisional,Behoud voorlopig; valideer indexatiewaarde en templatekwaliteit per cluster.
en,https://go2-thailand.com/food/pad-see-ew/,/food/pad-see-ew/,/food/pad-see-ew/,food-drink,yes,food-drink,template-audit,P2,provisional,Behoud voorlopig; valideer indexatiewaarde en templatekwaliteit per cluster.
en,https://go2-thailand.com/food/thai-fried-rice/,/food/thai-fried-rice/,/food/thai-fried-rice/,food-drink,yes,food-drink,template-audit,P2,provisional,Behoud voorlopig; valideer indexatiewaarde en templatekwaliteit per cluster.
en,https://go2-thailand.com/food/khao-man-gai/,/food/khao-man-gai/,/food/khao-man-gai/,food-drink,yes,food-drink,template-audit,P2,provisional,Behoud voorlopig; valideer indexatiewaarde en templatekwaliteit per cluster.
en,https://go2-thailand.com/food/boat-noodles/,/food/boat-noodles/,/food/boat-noodles/,food-drink,yes,food-drink,template-audit,P2,provisional,Behoud voorlopig; valideer indexatiewaarde en templatekwaliteit per cluster.
en,https://go2-thailand.com/food/khao-soi/,/food/khao-soi/,/food/khao-soi/,food-drink,yes,food-drink,template-audit,P2,provisional,Behoud voorlopig; valideer indexatiewaarde en templatekwaliteit per cluster.
en,https://go2-thailand.com/food/sai-ua/,/food/sai-ua/,/food/sai-ua/,food-drink,yes,food-drink,template-audit,P2,provisional,Behoud voorlopig; valideer indexatiewaarde en templatekwaliteit per cluster.
en,https://go2-thailand.com/food/nam-prik-ong/,/food/nam-prik-ong/,/food/nam-prik-ong/,food-drink,yes,food-drink,template-audit,P2,provisional,Behoud voorlopig; valideer indexatiewaarde en templatekwaliteit per cluster.
en,https://go2-thailand.com/food/gaeng-hang-lay/,/food/gaeng-hang-lay/,/food/gaeng-hang-lay/,food-drink,yes,food-drink,template-audit,P2,provisional,Behoud voorlopig; valideer indexatiewaarde en templatekwaliteit per cluster.
en,https://go2-thailand.com/food/mee-hokkien/,/food/mee-hokkien/,/food/mee-hokkien/,food-drink,yes,food-drink,template-audit,P2,provisional,Behoud voorlopig; valideer indexatiewaarde en templatekwaliteit per cluster.
en,https://go2-thailand.com/food/oh-aew/,/food/oh-aew/,/food/oh-aew/,food-drink,yes,food-drink,template-audit,P2,provisional,Behoud voorlopig; valideer indexatiewaarde en templatekwaliteit per cluster.
en,https://go2-thailand.com/food/nam-prik-goong-siap/,/food/nam-prik-goong-siap/,/food/nam-prik-goong-siap/,food-drink,yes,food-drink,template-audit,P2,provisional,Behoud voorlopig; valideer indexatiewaarde en templatekwaliteit per cluster.
en,https://go2-thailand.com/food/moo-hong/,/food/moo-hong/,/food/moo-hong/,food-drink,yes,food-drink,template-audit,P2,provisional,Behoud voorlopig; valideer indexatiewaarde en templatekwaliteit per cluster.
en,https://go2-thailand.com/food/kanom-jeen-nam-ya/,/food/kanom-jeen-nam-ya/,/food/kanom-jeen-nam-ya/,food-drink,yes,food-drink,template-audit,P2,provisional,Behoud voorlopig; valideer indexatiewaarde en templatekwaliteit per cluster.
en,https://go2-thailand.com/food/hoy-tod/,/food/hoy-tod/,/food/hoy-tod/,food-drink,yes,food-drink,template-audit,P2,provisional,Behoud voorlopig; valideer indexatiewaarde en templatekwaliteit per cluster.
en,https://go2-thailand.com/food/pla-pao/,/food/pla-pao/,/food/pla-pao/,food-drink,yes,food-drink,template-audit,P2,provisional,Behoud voorlopig; valideer indexatiewaarde en templatekwaliteit per cluster.
en,https://go2-thailand.com/food/yam-woon-sen/,/food/yam-woon-sen/,/food/yam-woon-sen/,food-drink,yes,food-drink,template-audit,P2,provisional,Behoud voorlopig; valideer indexatiewaarde en templatekwaliteit per cluster.
en,https://go2-thailand.com/food/khao-pad-sapparot/,/food/khao-pad-sapparot/,/food/khao-pad-sapparot/,food-drink,yes,food-drink,template-audit,P2,provisional,Behoud voorlopig; valideer indexatiewaarde en templatekwaliteit per cluster.
en,https://go2-thailand.com/food/roti-sai-mai/,/food/roti-sai-mai/,/food/roti-sai-mai/,food-drink,yes,food-drink,template-audit,P2,provisional,Behoud voorlopig; valideer indexatiewaarde en templatekwaliteit per cluster.
en,https://go2-thailand.com/food/tom-yum-noodles/,/food/tom-yum-noodles/,/food/tom-yum-noodles/,food-drink,yes,food-drink,template-audit,P2,provisional,Behoud voorlopig; valideer indexatiewaarde en templatekwaliteit per cluster.
en,https://go2-thailand.com/food/khao-mok-gai/,/food/khao-mok-gai/,/food/khao-mok-gai/,food-drink,yes,food-drink,template-audit,P2,provisional,Behoud voorlopig; valideer indexatiewaarde en templatekwaliteit per cluster.
en,https://go2-thailand.com/food/goong-pad-makham/,/food/goong-pad-makham/,/food/goong-pad-makham/,food-drink,yes,food-drink,template-audit,P2,provisional,Behoud voorlopig; valideer indexatiewaarde en templatekwaliteit per cluster.
en,https://go2-thailand.com/food/tom-som-pla/,/food/tom-som-pla/,/food/tom-som-pla/,food-drink,yes,food-drink,template-audit,P2,provisional,Behoud voorlopig; valideer indexatiewaarde en templatekwaliteit per cluster.
en,https://go2-thailand.com/food/gai-tod-hat-yai/,/food/gai-tod-hat-yai/,/food/gai-tod-hat-yai/,food-drink,yes,food-drink,template-audit,P2,provisional,Behoud voorlopig; valideer indexatiewaarde en templatekwaliteit per cluster.
en,https://go2-thailand.com/food/khao-yam/,/food/khao-yam/,/food/khao-yam/,food-drink,yes,food-drink,template-audit,P2,provisional,Behoud voorlopig; valideer indexatiewaarde en templatekwaliteit per cluster.
en,https://go2-thailand.com/food/nam-ngiao/,/food/nam-ngiao/,/food/nam-ngiao/,food-drink,yes,food-drink,template-audit,P2,provisional,Behoud voorlopig; valideer indexatiewaarde en templatekwaliteit per cluster.
en,https://go2-thailand.com/food/laab-kua/,/food/laab-kua/,/food/laab-kua/,food-drink,yes,food-drink,template-audit,P2,provisional,Behoud voorlopig; valideer indexatiewaarde en templatekwaliteit per cluster.
en,https://go2-thailand.com/food/tam-khanun/,/food/tam-khanun/,/food/tam-khanun/,food-drink,yes,food-drink,template-audit,P2,provisional,Behoud voorlopig; valideer indexatiewaarde en templatekwaliteit per cluster.
en,https://go2-thailand.com/food/khao-kan-jin/,/food/khao-kan-jin/,/food/khao-kan-jin/,food-drink,yes,food-drink,template-audit,P2,provisional,Behoud voorlopig; valideer indexatiewaarde en templatekwaliteit per cluster.
en,https://go2-thailand.com/food/roti-canai/,/food/roti-canai/,/food/roti-canai/,food-drink,yes,food-drink,template-audit,P2,provisional,Behoud voorlopig; valideer indexatiewaarde en templatekwaliteit per cluster.
en,https://go2-thailand.com/food/bua-loy/,/food/bua-loy/,/food/bua-loy/,food-drink,yes,food-drink,template-audit,P2,provisional,Behoud voorlopig; valideer indexatiewaarde en templatekwaliteit per cluster.
en,https://go2-thailand.com/food/sukhothai-noodles/,/food/sukhothai-noodles/,/food/sukhothai-noodles/,food-drink,yes,food-drink,template-audit,P2,provisional,Behoud voorlopig; valideer indexatiewaarde en templatekwaliteit per cluster.
en,https://go2-thailand.com/food/kaeng-liang/,/food/kaeng-liang/,/food/kaeng-liang/,food-drink,yes,food-drink,template-audit,P2,provisional,Behoud voorlopig; valideer indexatiewaarde en templatekwaliteit per cluster.
en,https://go2-thailand.com/food/moo-palo/,/food/moo-palo/,/food/moo-palo/,food-drink,yes,food-drink,template-audit,P2,provisional,Behoud voorlopig; valideer indexatiewaarde en templatekwaliteit per cluster.
en,https://go2-thailand.com/food/nam-prik-noom/,/food/nam-prik-noom/,/food/nam-prik-noom/,food-drink,yes,food-drink,template-audit,P2,provisional,Behoud voorlopig; valideer indexatiewaarde en templatekwaliteit per cluster.
en,https://go2-thailand.com/food/nam-prik-kapi/,/food/nam-prik-kapi/,/food/nam-prik-kapi/,food-drink,yes,food-drink,template-audit,P2,provisional,Behoud voorlopig; valideer indexatiewaarde en templatekwaliteit per cluster.
en,https://go2-thailand.com/food/gaeng-tai-pla/,/food/gaeng-tai-pla/,/food/gaeng-tai-pla/,food-drink,yes,food-drink,template-audit,P2,provisional,Behoud voorlopig; valideer indexatiewaarde en templatekwaliteit per cluster.
en,https://go2-thailand.com/food/goong-pad-sator/,/food/goong-pad-sator/,/food/goong-pad-sator/,food-drink,yes,food-drink,template-audit,P2,provisional,Behoud voorlopig; valideer indexatiewaarde en templatekwaliteit per cluster.
en,https://go2-thailand.com/food/lod-chong/,/food/lod-chong/,/food/lod-chong/,food-drink,yes,food-drink,template-audit,P2,provisional,Behoud voorlopig; valideer indexatiewaarde en templatekwaliteit per cluster.
en,https://go2-thailand.com/drinks/thai-iced-tea/,/drinks/thai-iced-tea/,/drinks/thai-iced-tea/,food-drink,yes,food-drink,template-audit,P2,provisional,Behoud voorlopig; valideer indexatiewaarde en templatekwaliteit per cluster.
en,https://go2-thailand.com/drinks/thai-iced-coffee/,/drinks/thai-iced-coffee/,/drinks/thai-iced-coffee/,food-drink,yes,food-drink,template-audit,P2,provisional,Behoud voorlopig; valideer indexatiewaarde en templatekwaliteit per cluster.
en,https://go2-thailand.com/drinks/nam-manao/,/drinks/nam-manao/,/drinks/nam-manao/,food-drink,yes,food-drink,template-audit,P2,provisional,Behoud voorlopig; valideer indexatiewaarde en templatekwaliteit per cluster.
en,https://go2-thailand.com/drinks/nam-bai-makrut/,/drinks/nam-bai-makrut/,/drinks/nam-bai-makrut/,food-drink,yes,food-drink,template-audit,P2,provisional,Behoud voorlopig; valideer indexatiewaarde en templatekwaliteit per cluster.
en,https://go2-thailand.com/drinks/nam-krajiab/,/drinks/nam-krajiab/,/drinks/nam-krajiab/,food-drink,yes,food-drink,template-audit,P2,provisional,Behoud voorlopig; valideer indexatiewaarde en templatekwaliteit per cluster.
en,https://go2-thailand.com/drinks/nam-matoom/,/drinks/nam-matoom/,/drinks/nam-matoom/,food-drink,yes,food-drink,template-audit,P2,provisional,Behoud voorlopig; valideer indexatiewaarde en templatekwaliteit per cluster.
en,https://go2-thailand.com/drinks/nam-anchan/,/drinks/nam-anchan/,/drinks/nam-anchan/,food-drink,yes,food-drink,template-audit,P2,provisional,Behoud voorlopig; valideer indexatiewaarde en templatekwaliteit per cluster.
en,https://go2-thailand.com/drinks/singha-beer/,/drinks/singha-beer/,/drinks/singha-beer/,food-drink,yes,food-drink,template-audit,P2,provisional,Behoud voorlopig; valideer indexatiewaarde en templatekwaliteit per cluster.
en,https://go2-thailand.com/drinks/chang-beer/,/drinks/chang-beer/,/drinks/chang-beer/,food-drink,yes,food-drink,template-audit,P2,provisional,Behoud voorlopig; valideer indexatiewaarde en templatekwaliteit per cluster.
en,https://go2-thailand.com/drinks/leo-beer/,/drinks/leo-beer/,/drinks/leo-beer/,food-drink,yes,food-drink,template-audit,P2,provisional,Behoud voorlopig; valideer indexatiewaarde en templatekwaliteit per cluster.
en,https://go2-thailand.com/drinks/mekong-whisky/,/drinks/mekong-whisky/,/drinks/mekong-whisky/,food-drink,yes,food-drink,template-audit,P2,provisional,Behoud voorlopig; valideer indexatiewaarde en templatekwaliteit per cluster.
en,https://go2-thailand.com/drinks/sangsom-rum/,/drinks/sangsom-rum/,/drinks/sangsom-rum/,food-drink,yes,food-drink,template-audit,P2,provisional,Behoud voorlopig; valideer indexatiewaarde en templatekwaliteit per cluster.
en,https://go2-thailand.com/drinks/sato/,/drinks/sato/,/drinks/sato/,food-drink,yes,food-drink,template-audit,P2,provisional,Behoud voorlopig; valideer indexatiewaarde en templatekwaliteit per cluster.
en,https://go2-thailand.com/drinks/coconut-water/,/drinks/coconut-water/,/drinks/coconut-water/,food-drink,yes,food-drink,template-audit,P2,provisional,Behoud voorlopig; valideer indexatiewaarde en templatekwaliteit per cluster.
en,https://go2-thailand.com/drinks/sugarcane-juice/,/drinks/sugarcane-juice/,/drinks/sugarcane-juice/,food-drink,yes,food-drink,template-audit,P2,provisional,Behoud voorlopig; valideer indexatiewaarde en templatekwaliteit per cluster.
en,https://go2-thailand.com/drinks/nam-dok-anchan-manao/,/drinks/nam-dok-anchan-manao/,/drinks/nam-dok-anchan-manao/,food-drink,yes,food-drink,template-audit,P2,provisional,Behoud voorlopig; valideer indexatiewaarde en templatekwaliteit per cluster.
en,https://go2-thailand.com/drinks/thai-milk-tea/,/drinks/thai-milk-tea/,/drinks/thai-milk-tea/,food-drink,yes,food-drink,template-audit,P2,provisional,Behoud voorlopig; valideer indexatiewaarde en templatekwaliteit per cluster.
en,https://go2-thailand.com/drinks/ginger-tea/,/drinks/ginger-tea/,/drinks/ginger-tea/,food-drink,yes,food-drink,template-audit,P2,provisional,Behoud voorlopig; valideer indexatiewaarde en templatekwaliteit per cluster.
en,https://go2-thailand.com/drinks/lemongrass-tea/,/drinks/lemongrass-tea/,/drinks/lemongrass-tea/,food-drink,yes,food-drink,template-audit,P2,provisional,Behoud voorlopig; valideer indexatiewaarde en templatekwaliteit per cluster.
en,https://go2-thailand.com/drinks/chrysanthemum-tea/,/drinks/chrysanthemum-tea/,/drinks/chrysanthemum-tea/,food-drink,yes,food-drink,template-audit,P2,provisional,Behoud voorlopig; valideer indexatiewaarde en templatekwaliteit per cluster.
en,https://go2-thailand.com/drinks/sala-syrup-soda/,/drinks/sala-syrup-soda/,/drinks/sala-syrup-soda/,food-drink,yes,food-drink,template-audit,P2,provisional,Behoud voorlopig; valideer indexatiewaarde en templatekwaliteit per cluster.
en,https://go2-thailand.com/drinks/nam-oy/,/drinks/nam-oy/,/drinks/nam-oy/,food-drink,yes,food-drink,template-audit,P2,provisional,Behoud voorlopig; valideer indexatiewaarde en templatekwaliteit per cluster.
en,https://go2-thailand.com/drinks/oliang/,/drinks/oliang/,/drinks/oliang/,food-drink,yes,food-drink,template-audit,P2,provisional,Behoud voorlopig; valideer indexatiewaarde en templatekwaliteit per cluster.
en,https://go2-thailand.com/drinks/nom-yen/,/drinks/nom-yen/,/drinks/nom-yen/,food-drink,yes,food-drink,template-audit,P2,provisional,Behoud voorlopig; valideer indexatiewaarde en templatekwaliteit per cluster.
en,https://go2-thailand.com/drinks/manao-soda/,/drinks/manao-soda/,/drinks/manao-soda/,food-drink,yes,food-drink,template-audit,P2,provisional,Behoud voorlopig; valideer indexatiewaarde en templatekwaliteit per cluster.
en,https://go2-thailand.com/region/northern/,/region/northern/,/region/northern/,region,yes,region,template-audit,P2,provisional,Behoud voorlopig; valideer indexatiewaarde en templatekwaliteit per cluster.
en,https://go2-thailand.com/region/central/,/region/central/,/region/central/,region,yes,region,template-audit,P2,provisional,Behoud voorlopig; valideer indexatiewaarde en templatekwaliteit per cluster.
en,https://go2-thailand.com/region/southern/,/region/southern/,/region/southern/,region,yes,region,template-audit,P2,provisional,Behoud voorlopig; valideer indexatiewaarde en templatekwaliteit per cluster.
en,https://go2-thailand.com/region/isaan/,/region/isaan/,/region/isaan/,region,yes,region,template-audit,P2,provisional,Behoud voorlopig; valideer indexatiewaarde en templatekwaliteit per cluster.
en,https://go2-thailand.com/city/bangkok/,/city/bangkok/,/city/bangkok/,destination-pillar,yes,destination-guide,keep-improve,P1,provisional,Belangrijke destination- of commerciële pagina; locale-specifieke DFS-brief vereist.
en,https://go2-thailand.com/city/bangkok/food/,/city/bangkok/food/,/city/bangkok/food/,destination-subpillar,yes,destination-subpillar,keep-improve,P1,provisional,Belangrijke destination- of commerciële pagina; locale-specifieke DFS-brief vereist.
en,https://go2-thailand.com/city/bangkok/attractions/,/city/bangkok/attractions/,/city/bangkok/attractions/,destination-subpillar,yes,destination-subpillar,keep-improve,P1,provisional,Belangrijke destination- of commerciële pagina; locale-specifieke DFS-brief vereist.
en,https://go2-thailand.com/city/bangkok/weather/,/city/bangkok/weather/,/city/bangkok/weather/,destination-subpillar,yes,destination-subpillar,keep-improve,P1,provisional,Belangrijke destination- of commerciële pagina; locale-specifieke DFS-brief vereist.
en,https://go2-thailand.com/city/bangkok/best-time-to-visit/,/city/bangkok/best-time-to-visit/,/city/bangkok/best-time-to-visit/,destination-subpillar,yes,destination-subpillar,keep-improve,P1,provisional,Belangrijke destination- of commerciële pagina; locale-specifieke DFS-brief vereist.
en,https://go2-thailand.com/best-hotels/bangkok/,/best-hotels/bangkok/,/best-hotels/bangkok/,hotel-commercial,yes,hotel-guide,keep-improve,P1,provisional,Belangrijke destination- of commerciële pagina; locale-specifieke DFS-brief vereist.
en,https://go2-thailand.com/city/chiang-mai/,/city/chiang-mai/,/city/chiang-mai/,destination-pillar,yes,destination-guide,keep-improve,P1,provisional,Belangrijke destination- of commerciële pagina; locale-specifieke DFS-brief vereist.
en,https://go2-thailand.com/city/chiang-mai/food/,/city/chiang-mai/food/,/city/chiang-mai/food/,destination-subpillar,yes,destination-subpillar,keep-improve,P1,provisional,Belangrijke destination- of commerciële pagina; locale-specifieke DFS-brief vereist.
en,https://go2-thailand.com/city/chiang-mai/attractions/,/city/chiang-mai/attractions/,/city/chiang-mai/attractions/,destination-subpillar,yes,destination-subpillar,keep-improve,P1,provisional,Belangrijke destination- of commerciële pagina; locale-specifieke DFS-brief vereist.
en,https://go2-thailand.com/city/chiang-mai/weather/,/city/chiang-mai/weather/,/city/chiang-mai/weather/,destination-subpillar,yes,destination-subpillar,keep-improve,P1,provisional,Belangrijke destination- of commerciële pagina; locale-specifieke DFS-brief vereist.
en,https://go2-thailand.com/city/chiang-mai/best-time-to-visit/,/city/chiang-mai/best-time-to-visit/,/city/chiang-mai/best-time-to-visit/,destination-subpillar,yes,destination-subpillar,keep-improve,P1,provisional,Belangrijke destination- of commerciële pagina; locale-specifieke DFS-brief vereist.
en,https://go2-thailand.com/best-hotels/chiang-mai/,/best-hotels/chiang-mai/,/best-hotels/chiang-mai/,hotel-commercial,yes,hotel-guide,keep-improve,P1,provisional,Belangrijke destination- of commerciële pagina; locale-specifieke DFS-brief vereist.
en,https://go2-thailand.com/city/phuket/,/city/phuket/,/city/phuket/,destination-pillar,yes,destination-guide,keep-improve,P1,provisional,Belangrijke destination- of commerciële pagina; locale-specifieke DFS-brief vereist.
en,https://go2-thailand.com/city/phuket/food/,/city/phuket/food/,/city/phuket/food/,destination-subpillar,yes,destination-subpillar,keep-improve,P1,provisional,Belangrijke destination- of commerciële pagina; locale-specifieke DFS-brief vereist.
en,https://go2-thailand.com/city/phuket/attractions/,/city/phuket/attractions/,/city/phuket/attractions/,destination-subpillar,yes,destination-subpillar,keep-improve,P1,provisional,Belangrijke destination- of commerciële pagina; locale-specifieke DFS-brief vereist.
en,https://go2-thailand.com/city/phuket/weather/,/city/phuket/weather/,/city/phuket/weather/,destination-subpillar,yes,destination-subpillar,keep-improve,P1,provisional,Belangrijke destination- of commerciële pagina; locale-specifieke DFS-brief vereist.
en,https://go2-thailand.com/city/phuket/best-time-to-visit/,/city/phuket/best-time-to-visit/,/city/phuket/best-time-to-visit/,destination-subpillar,yes,destination-subpillar,keep-improve,P1,provisional,Belangrijke destination- of commerciële pagina; locale-specifieke DFS-brief vereist.
en,https://go2-thailand.com/best-hotels/phuket/,/best-hotels/phuket/,/best-hotels/phuket/,hotel-commercial,yes,hotel-guide,keep-improve,P1,provisional,Belangrijke destination- of commerciële pagina; locale-specifieke DFS-brief vereist.
en,https://go2-thailand.com/city/pattaya/,/city/pattaya/,/city/pattaya/,destination-pillar,yes,destination-guide,keep-improve,P1,provisional,Belangrijke destination- of commerciële pagina; locale-specifieke DFS-brief vereist.
en,https://go2-thailand.com/city/pattaya/food/,/city/pattaya/food/,/city/pattaya/food/,destination-subpillar,yes,destination-subpillar,keep-improve,P1,provisional,Belangrijke destination- of commerciële pagina; locale-specifieke DFS-brief vereist.
en,https://go2-thailand.com/city/pattaya/attractions/,/city/pattaya/attractions/,/city/pattaya/attractions/,destination-subpillar,yes,destination-subpillar,keep-improve,P1,provisional,Belangrijke destination- of commerciële pagina; locale-specifieke DFS-brief vereist.
en,https://go2-thailand.com/city/pattaya/weather/,/city/pattaya/weather/,/city/pattaya/weather/,destination-subpillar,yes,destination-subpillar,keep-improve,P1,provisional,Belangrijke destination- of commerciële pagina; locale-specifieke DFS-brief vereist.
en,https://go2-thailand.com/city/pattaya/best-time-to-visit/,/city/pattaya/best-time-to-visit/,/city/pattaya/best-time-to-visit/,destination-subpillar,yes,destination-subpillar,keep-improve,P1,provisional,Belangrijke destination- of commerciële pagina; locale-specifieke DFS-brief vereist.
en,https://go2-thailand.com/best-hotels/pattaya/,/best-hotels/pattaya/,/best-hotels/pattaya/,hotel-commercial,yes,hotel-guide,keep-improve,P1,provisional,Belangrijke destination- of commerciële pagina; locale-specifieke DFS-brief vereist.
en,https://go2-thailand.com/city/ayutthaya/,/city/ayutthaya/,/city/ayutthaya/,destination-pillar,yes,destination-guide,keep-improve,P1,provisional,Belangrijke destination- of commerciële pagina; locale-specifieke DFS-brief vereist.
en,https://go2-thailand.com/city/ayutthaya/food/,/city/ayutthaya/food/,/city/ayutthaya/food/,destination-subpillar,yes,destination-subpillar,keep-improve,P1,provisional,Belangrijke destination- of commerciële pagina; locale-specifieke DFS-brief vereist.
en,https://go2-thailand.com/city/ayutthaya/attractions/,/city/ayutthaya/attractions/,/city/ayutthaya/attractions/,destination-subpillar,yes,destination-subpillar,keep-improve,P1,provisional,Belangrijke destination- of commerciële pagina; locale-specifieke DFS-brief vereist.
en,https://go2-thailand.com/city/ayutthaya/weather/,/city/ayutthaya/weather/,/city/ayutthaya/weather/,destination-subpillar,yes,destination-subpillar,keep-improve,P1,provisional,Belangrijke destination- of commerciële pagina; locale-specifieke DFS-brief vereist.
en,https://go2-thailand.com/city/ayutthaya/best-time-to-visit/,/city/ayutthaya/best-time-to-visit/,/city/ayutthaya/best-time-to-visit/,destination-subpillar,yes,destination-subpillar,keep-improve,P1,provisional,Belangrijke destination- of commerciële pagina; locale-specifieke DFS-brief vereist.
en,https://go2-thailand.com/best-hotels/ayutthaya/,/best-hotels/ayutthaya/,/best-hotels/ayutthaya/,hotel-commercial,yes,hotel-guide,keep-improve,P1,provisional,Belangrijke destination- of commerciële pagina; locale-specifieke DFS-brief vereist.
en,https://go2-thailand.com/city/krabi/,/city/krabi/,/city/krabi/,destination-pillar,yes,destination-guide,keep-improve,P1,provisional,Belangrijke destination- of commerciële pagina; locale-specifieke DFS-brief vereist.
en,https://go2-thailand.com/city/krabi/food/,/city/krabi/food/,/city/krabi/food/,destination-subpillar,yes,destination-subpillar,keep-improve,P1,provisional,Belangrijke destination- of commerciële pagina; locale-specifieke DFS-brief vereist.
en,https://go2-thailand.com/city/krabi/attractions/,/city/krabi/attractions/,/city/krabi/attractions/,destination-subpillar,yes,destination-subpillar,keep-improve,P1,provisional,Belangrijke destination- of commerciële pagina; locale-specifieke DFS-brief vereist.
en,https://go2-thailand.com/city/krabi/weather/,/city/krabi/weather/,/city/krabi/weather/,destination-subpillar,yes,destination-subpillar,keep-improve,P1,provisional,Belangrijke destination- of commerciële pagina; locale-specifieke DFS-brief vereist.
en,https://go2-thailand.com/city/krabi/best-time-to-visit/,/city/krabi/best-time-to-visit/,/city/krabi/best-time-to-visit/,destination-subpillar,yes,destination-subpillar,keep-improve,P1,provisional,Belangrijke destination- of commerciële pagina; locale-specifieke DFS-brief vereist.
en,https://go2-thailand.com/best-hotels/krabi/,/best-hotels/krabi/,/best-hotels/krabi/,hotel-commercial,yes,hotel-guide,keep-improve,P1,provisional,Belangrijke destination- of commerciële pagina; locale-specifieke DFS-brief vereist.
en,https://go2-thailand.com/city/chiang-rai/,/city/chiang-rai/,/city/chiang-rai/,destination-pillar,yes,destination-guide,keep-improve,P1,provisional,Belangrijke destination- of commerciële pagina; locale-specifieke DFS-brief vereist.
en,https://go2-thailand.com/city/chiang-rai/food/,/city/chiang-rai/food/,/city/chiang-rai/food/,destination-subpillar,yes,destination-subpillar,keep-improve,P1,provisional,Belangrijke destination- of commerciële pagina; locale-specifieke DFS-brief vereist.
en,https://go2-thailand.com/city/chiang-rai/attractions/,/city/chiang-rai/attractions/,/city/chiang-rai/attractions/,destination-subpillar,yes,destination-subpillar,keep-improve,P1,provisional,Belangrijke destination- of commerciële pagina; locale-specifieke DFS-brief vereist.
en,https://go2-thailand.com/city/chiang-rai/weather/,/city/chiang-rai/weather/,/city/chiang-rai/weather/,destination-subpillar,yes,destination-subpillar,keep-improve,P1,provisional,Belangrijke destination- of commerciële pagina; locale-specifieke DFS-brief vereist.
en,https://go2-thailand.com/city/chiang-rai/best-time-to-visit/,/city/chiang-rai/best-time-to-visit/,/city/chiang-rai/best-time-to-visit/,destination-subpillar,yes,destination-subpillar,keep-improve,P1,provisional,Belangrijke destination- of commerciële pagina; locale-specifieke DFS-brief vereist.
en,https://go2-thailand.com/best-hotels/chiang-rai/,/best-hotels/chiang-rai/,/best-hotels/chiang-rai/,hotel-commercial,yes,hotel-guide,keep-improve,P1,provisional,Belangrijke destination- of commerciële pagina; locale-specifieke DFS-brief vereist.
en,https://go2-thailand.com/city/hat-yai/,/city/hat-yai/,/city/hat-yai/,destination-pillar,yes,destination-guide,keep-improve,P1,provisional,Belangrijke destination- of commerciële pagina; locale-specifieke DFS-brief vereist.
en,https://go2-thailand.com/city/hat-yai/food/,/city/hat-yai/food/,/city/hat-yai/food/,destination-subpillar,yes,destination-subpillar,keep-improve,P1,provisional,Belangrijke destination- of commerciële pagina; locale-specifieke DFS-brief vereist.
en,https://go2-thailand.com/city/hat-yai/attractions/,/city/hat-yai/attractions/,/city/hat-yai/attractions/,destination-subpillar,yes,destination-subpillar,keep-improve,P1,provisional,Belangrijke destination- of commerciële pagina; locale-specifieke DFS-brief vereist.
en,https://go2-thailand.com/city/hat-yai/weather/,/city/hat-yai/weather/,/city/hat-yai/weather/,destination-subpillar,yes,destination-subpillar,keep-improve,P1,provisional,Belangrijke destination- of commerciële pagina; locale-specifieke DFS-brief vereist.
en,https://go2-thailand.com/city/hat-yai/best-time-to-visit/,/city/hat-yai/best-time-to-visit/,/city/hat-yai/best-time-to-visit/,destination-subpillar,yes,destination-subpillar,keep-improve,P1,provisional,Belangrijke destination- of commerciële pagina; locale-specifieke DFS-brief vereist.
en,https://go2-thailand.com/best-hotels/hat-yai/,/best-hotels/hat-yai/,/best-hotels/hat-yai/,hotel-commercial,yes,hotel-guide,keep-improve,P1,provisional,Belangrijke destination- of commerciële pagina; locale-specifieke DFS-brief vereist.
en,https://go2-thailand.com/city/sukhothai/,/city/sukhothai/,/city/sukhothai/,destination-pillar,yes,destination-guide,keep-improve,P1,provisional,Belangrijke destination- of commerciële pagina; locale-specifieke DFS-brief vereist.
en,https://go2-thailand.com/city/sukhothai/food/,/city/sukhothai/food/,/city/sukhothai/food/,destination-subpillar,yes,destination-subpillar,keep-improve,P1,provisional,Belangrijke destination- of commerciële pagina; locale-specifieke DFS-brief vereist.
en,https://go2-thailand.com/city/sukhothai/attractions/,/city/sukhothai/attractions/,/city/sukhothai/attractions/,destination-subpillar,yes,destination-subpillar,keep-improve,P1,provisional,Belangrijke destination- of commerciële pagina; locale-specifieke DFS-brief vereist.
en,https://go2-thailand.com/city/sukhothai/weather/,/city/sukhothai/weather/,/city/sukhothai/weather/,destination-subpillar,yes,destination-subpillar,keep-improve,P1,provisional,Belangrijke destination- of commerciële pagina; locale-specifieke DFS-brief vereist.
en,https://go2-thailand.com/city/sukhothai/best-time-to-visit/,/city/sukhothai/best-time-to-visit/,/city/sukhothai/best-time-to-visit/,destination-subpillar,yes,destination-subpillar,keep-improve,P1,provisional,Belangrijke destination- of commerciële pagina; locale-specifieke DFS-brief vereist.
en,https://go2-thailand.com/best-hotels/sukhothai/,/best-hotels/sukhothai/,/best-hotels/sukhothai/,hotel-commercial,yes,hotel-guide,keep-improve,P1,provisional,Belangrijke destination- of commerciële pagina; locale-specifieke DFS-brief vereist.
en,https://go2-thailand.com/city/surat-thani/,/city/surat-thani/,/city/surat-thani/,destination-pillar,yes,destination-guide,keep-improve,P1,provisional,Belangrijke destination- of commerciële pagina; locale-specifieke DFS-brief vereist.
en,https://go2-thailand.com/city/surat-thani/food/,/city/surat-thani/food/,/city/surat-thani/food/,destination-subpillar,yes,destination-subpillar,keep-improve,P1,provisional,Belangrijke destination- of commerciële pagina; locale-specifieke DFS-brief vereist.
en,https://go2-thailand.com/city/surat-thani/attractions/,/city/surat-thani/attractions/,/city/surat-thani/attractions/,destination-subpillar,yes,destination-subpillar,keep-improve,P1,provisional,Belangrijke destination- of commerciële pagina; locale-specifieke DFS-brief vereist.
en,https://go2-thailand.com/city/surat-thani/weather/,/city/surat-thani/weather/,/city/surat-thani/weather/,destination-subpillar,yes,destination-subpillar,keep-improve,P1,provisional,Belangrijke destination- of commerciële pagina; locale-specifieke DFS-brief vereist.
en,https://go2-thailand.com/city/surat-thani/best-time-to-visit/,/city/surat-thani/best-time-to-visit/,/city/surat-thani/best-time-to-visit/,destination-subpillar,yes,destination-subpillar,keep-improve,P1,provisional,Belangrijke destination- of commerciële pagina; locale-specifieke DFS-brief vereist.
en,https://go2-thailand.com/best-hotels/surat-thani/,/best-hotels/surat-thani/,/best-hotels/surat-thani/,hotel-commercial,yes,hotel-guide,keep-improve,P1,provisional,Belangrijke destination- of commerciële pagina; locale-specifieke DFS-brief vereist.
en,https://go2-thailand.com/city/pai/,/city/pai/,/city/pai/,destination-pillar,yes,destination-guide,keep-improve,P1,provisional,Belangrijke destination- of commerciële pagina; locale-specifieke DFS-brief vereist.
en,https://go2-thailand.com/city/pai/food/,/city/pai/food/,/city/pai/food/,destination-subpillar,yes,destination-subpillar,keep-improve,P1,provisional,Belangrijke destination- of commerciële pagina; locale-specifieke DFS-brief vereist.
en,https://go2-thailand.com/city/pai/attractions/,/city/pai/attractions/,/city/pai/attractions/,destination-subpillar,yes,destination-subpillar,keep-improve,P1,provisional,Belangrijke destination- of commerciële pagina; locale-specifieke DFS-brief vereist.
en,https://go2-thailand.com/city/pai/weather/,/city/pai/weather/,/city/pai/weather/,destination-subpillar,yes,destination-subpillar,keep-improve,P1,provisional,Belangrijke destination- of commerciële pagina; locale-specifieke DFS-brief vereist.
en,https://go2-thailand.com/city/pai/best-time-to-visit/,/city/pai/best-time-to-visit/,/city/pai/best-time-to-visit/,destination-subpillar,yes,destination-subpillar,keep-improve,P1,provisional,Belangrijke destination- of commerciële pagina; locale-specifieke DFS-brief vereist.
en,https://go2-thailand.com/best-hotels/pai/,/best-hotels/pai/,/best-hotels/pai/,hotel-commercial,yes,hotel-guide,keep-improve,P1,provisional,Belangrijke destination- of commerciële pagina; locale-specifieke DFS-brief vereist.
en,https://go2-thailand.com/city/mae-hong-son/,/city/mae-hong-son/,/city/mae-hong-son/,destination-pillar,yes,destination-guide,keep-improve,P1,provisional,Belangrijke destination- of commerciële pagina; locale-specifieke DFS-brief vereist.
en,https://go2-thailand.com/city/mae-hong-son/food/,/city/mae-hong-son/food/,/city/mae-hong-son/food/,destination-subpillar,yes,destination-subpillar,keep-improve,P1,provisional,Belangrijke destination- of commerciële pagina; locale-specifieke DFS-brief vereist.
en,https://go2-thailand.com/city/mae-hong-son/attractions/,/city/mae-hong-son/attractions/,/city/mae-hong-son/attractions/,destination-subpillar,yes,destination-subpillar,keep-improve,P1,provisional,Belangrijke destination- of commerciële pagina; locale-specifieke DFS-brief vereist.
en,https://go2-thailand.com/city/mae-hong-son/weather/,/city/mae-hong-son/weather/,/city/mae-hong-son/weather/,destination-subpillar,yes,destination-subpillar,keep-improve,P1,provisional,Belangrijke destination- of commerciële pagina; locale-specifieke DFS-brief vereist.
en,https://go2-thailand.com/city/mae-hong-son/best-time-to-visit/,/city/mae-hong-son/best-time-to-visit/,/city/mae-hong-son/best-time-to-visit/,destination-subpillar,yes,destination-subpillar,keep-improve,P1,provisional,Belangrijke destination- of commerciële pagina; locale-specifieke DFS-brief vereist.
en,https://go2-thailand.com/best-hotels/mae-hong-son/,/best-hotels/mae-hong-son/,/best-hotels/mae-hong-son/,hotel-commercial,yes,hotel-guide,keep-improve,P1,provisional,Belangrijke destination- of commerciële pagina; locale-specifieke DFS-brief vereist.
en,https://go2-thailand.com/city/lampang/,/city/lampang/,/city/lampang/,destination-pillar,yes,destination-guide,keep-improve,P1,provisional,Belangrijke destination- of commerciële pagina; locale-specifieke DFS-brief vereist.
en,https://go2-thailand.com/city/lampang/food/,/city/lampang/food/,/city/lampang/food/,destination-subpillar,yes,destination-subpillar,keep-improve,P1,provisional,Belangrijke destination- of commerciële pagina; locale-specifieke DFS-brief vereist.
en,https://go2-thailand.com/city/lampang/attractions/,/city/lampang/attractions/,/city/lampang/attractions/,destination-subpillar,yes,destination-subpillar,keep-improve,P1,provisional,Belangrijke destination- of commerciële pagina; locale-specifieke DFS-brief vereist.
en,https://go2-thailand.com/city/lampang/weather/,/city/lampang/weather/,/city/lampang/weather/,destination-subpillar,yes,destination-subpillar,keep-improve,P1,provisional,Belangrijke destination- of commerciële pagina; locale-specifieke DFS-brief vereist.
en,https://go2-thailand.com/city/lampang/best-time-to-visit/,/city/lampang/best-time-to-visit/,/city/lampang/best-time-to-visit/,destination-subpillar,yes,destination-subpillar,keep-improve,P1,provisional,Belangrijke destination- of commerciële pagina; locale-specifieke DFS-brief vereist.
en,https://go2-thailand.com/best-hotels/lampang/,/best-hotels/lampang/,/best-hotels/lampang/,hotel-commercial,yes,hotel-guide,keep-improve,P1,provisional,Belangrijke destination- of commerciële pagina; locale-specifieke DFS-brief vereist.
en,https://go2-thailand.com/city/khon-kaen/,/city/khon-kaen/,/city/khon-kaen/,destination-pillar,yes,destination-guide,keep-improve,P1,provisional,Belangrijke destination- of commerciële pagina; locale-specifieke DFS-brief vereist.
en,https://go2-thailand.com/city/khon-kaen/food/,/city/khon-kaen/food/,/city/khon-kaen/food/,destination-subpillar,yes,destination-subpillar,keep-improve,P1,provisional,Belangrijke destination- of commerciële pagina; locale-specifieke DFS-brief vereist.
en,https://go2-thailand.com/city/khon-kaen/attractions/,/city/khon-kaen/attractions/,/city/khon-kaen/attractions/,destination-subpillar,yes,destination-subpillar,keep-improve,P1,provisional,Belangrijke destination- of commerciële pagina; locale-specifieke DFS-brief vereist.
en,https://go2-thailand.com/city/khon-kaen/weather/,/city/khon-kaen/weather/,/city/khon-kaen/weather/,destination-subpillar,yes,destination-subpillar,keep-improve,P1,provisional,Belangrijke destination- of commerciële pagina; locale-specifieke DFS-brief vereist.
en,https://go2-thailand.com/city/khon-kaen/best-time-to-visit/,/city/khon-kaen/best-time-to-visit/,/city/khon-kaen/best-time-to-visit/,destination-subpillar,yes,destination-subpillar,keep-improve,P1,provisional,Belangrijke destination- of commerciële pagina; locale-specifieke DFS-brief vereist.
en,https://go2-thailand.com/best-hotels/khon-kaen/,/best-hotels/khon-kaen/,/best-hotels/khon-kaen/,hotel-commercial,yes,hotel-guide,keep-improve,P1,provisional,Belangrijke destination- of commerciële pagina; locale-specifieke DFS-brief vereist.
en,https://go2-thailand.com/city/udon-thani/,/city/udon-thani/,/city/udon-thani/,destination-pillar,yes,destination-guide,keep-improve,P1,provisional,Belangrijke destination- of commerciële pagina; locale-specifieke DFS-brief vereist.
en,https://go2-thailand.com/city/udon-thani/food/,/city/udon-thani/food/,/city/udon-thani/food/,destination-subpillar,yes,destination-subpillar,keep-improve,P1,provisional,Belangrijke destination- of commerciële pagina; locale-specifieke DFS-brief vereist.
en,https://go2-thailand.com/city/udon-thani/attractions/,/city/udon-thani/attractions/,/city/udon-thani/attractions/,destination-subpillar,yes,destination-subpillar,keep-improve,P1,provisional,Belangrijke destination- of commerciële pagina; locale-specifieke DFS-brief vereist.
en,https://go2-thailand.com/city/udon-thani/weather/,/city/udon-thani/weather/,/city/udon-thani/weather/,destination-subpillar,yes,destination-subpillar,keep-improve,P1,provisional,Belangrijke destination- of commerciële pagina; locale-specifieke DFS-brief vereist.
en,https://go2-thailand.com/city/udon-thani/best-time-to-visit/,/city/udon-thani/best-time-to-visit/,/city/udon-thani/best-time-to-visit/,destination-subpillar,yes,destination-subpillar,keep-improve,P1,provisional,Belangrijke destination- of commerciële pagina; locale-specifieke DFS-brief vereist.
en,https://go2-thailand.com/best-hotels/udon-thani/,/best-hotels/udon-thani/,/best-hotels/udon-thani/,hotel-commercial,yes,hotel-guide,keep-improve,P1,provisional,Belangrijke destination- of commerciële pagina; locale-specifieke DFS-brief vereist.
en,https://go2-thailand.com/city/nakhon-ratchasima/,/city/nakhon-ratchasima/,/city/nakhon-ratchasima/,destination-pillar,yes,destination-guide,keep-improve,P1,provisional,Belangrijke destination- of commerciële pagina; locale-specifieke DFS-brief vereist.
en,https://go2-thailand.com/city/nakhon-ratchasima/food/,/city/nakhon-ratchasima/food/,/city/nakhon-ratchasima/food/,destination-subpillar,yes,destination-subpillar,keep-improve,P1,provisional,Belangrijke destination- of commerciële pagina; locale-specifieke DFS-brief vereist.
en,https://go2-thailand.com/city/nakhon-ratchasima/attractions/,/city/nakhon-ratchasima/attractions/,/city/nakhon-ratchasima/attractions/,destination-subpillar,yes,destination-subpillar,keep-improve,P1,provisional,Belangrijke destination- of commerciële pagina; locale-specifieke DFS-brief vereist.
en,https://go2-thailand.com/city/nakhon-ratchasima/weather/,/city/nakhon-ratchasima/weather/,/city/nakhon-ratchasima/weather/,destination-subpillar,yes,destination-subpillar,keep-improve,P1,provisional,Belangrijke destination- of commerciële pagina; locale-specifieke DFS-brief vereist.
en,https://go2-thailand.com/city/nakhon-ratchasima/best-time-to-visit/,/city/nakhon-ratchasima/best-time-to-visit/,/city/nakhon-ratchasima/best-time-to-visit/,destination-subpillar,yes,destination-subpillar,keep-improve,P1,provisional,Belangrijke destination- of commerciële pagina; locale-specifieke DFS-brief vereist.
en,https://go2-thailand.com/best-hotels/nakhon-ratchasima/,/best-hotels/nakhon-ratchasima/,/best-hotels/nakhon-ratchasima/,hotel-commercial,yes,hotel-guide,keep-improve,P1,provisional,Belangrijke destination- of commerciële pagina; locale-specifieke DFS-brief vereist.
en,https://go2-thailand.com/city/ubon-ratchathani/,/city/ubon-ratchathani/,/city/ubon-ratchathani/,destination-pillar,yes,destination-guide,keep-improve,P1,provisional,Belangrijke destination- of commerciële pagina; locale-specifieke DFS-brief vereist.
en,https://go2-thailand.com/city/ubon-ratchathani/food/,/city/ubon-ratchathani/food/,/city/ubon-ratchathani/food/,destination-subpillar,yes,destination-subpillar,keep-improve,P1,provisional,Belangrijke destination- of commerciële pagina; locale-specifieke DFS-brief vereist.
en,https://go2-thailand.com/city/ubon-ratchathani/attractions/,/city/ubon-ratchathani/attractions/,/city/ubon-ratchathani/attractions/,destination-subpillar,yes,destination-subpillar,keep-improve,P1,provisional,Belangrijke destination- of commerciële pagina; locale-specifieke DFS-brief vereist.
en,https://go2-thailand.com/city/ubon-ratchathani/weather/,/city/ubon-ratchathani/weather/,/city/ubon-ratchathani/weather/,destination-subpillar,yes,destination-subpillar,keep-improve,P1,provisional,Belangrijke destination- of commerciële pagina; locale-specifieke DFS-brief vereist.
en,https://go2-thailand.com/city/ubon-ratchathani/best-time-to-visit/,/city/ubon-ratchathani/best-time-to-visit/,/city/ubon-ratchathani/best-time-to-visit/,destination-subpillar,yes,destination-subpillar,keep-improve,P1,provisional,Belangrijke destination- of commerciële pagina; locale-specifieke DFS-brief vereist.
en,https://go2-thailand.com/best-hotels/ubon-ratchathani/,/best-hotels/ubon-ratchathani/,/best-hotels/ubon-ratchathani/,hotel-commercial,yes,hotel-guide,keep-improve,P1,provisional,Belangrijke destination- of commerciële pagina; locale-specifieke DFS-brief vereist.
en,https://go2-thailand.com/city/kanchanaburi/,/city/kanchanaburi/,/city/kanchanaburi/,destination-pillar,yes,destination-guide,keep-improve,P1,provisional,Belangrijke destination- of commerciële pagina; locale-specifieke DFS-brief vereist.
en,https://go2-thailand.com/city/kanchanaburi/food/,/city/kanchanaburi/food/,/city/kanchanaburi/food/,destination-subpillar,yes,destination-subpillar,keep-improve,P1,provisional,Belangrijke destination- of commerciële pagina; locale-specifieke DFS-brief vereist.
en,https://go2-thailand.com/city/kanchanaburi/attractions/,/city/kanchanaburi/attractions/,/city/kanchanaburi/attractions/,destination-subpillar,yes,destination-subpillar,keep-improve,P1,provisional,Belangrijke destination- of commerciële pagina; locale-specifieke DFS-brief vereist.
en,https://go2-thailand.com/city/kanchanaburi/weather/,/city/kanchanaburi/weather/,/city/kanchanaburi/weather/,destination-subpillar,yes,destination-subpillar,keep-improve,P1,provisional,Belangrijke destination- of commerciële pagina; locale-specifieke DFS-brief vereist.
en,https://go2-thailand.com/city/kanchanaburi/best-time-to-visit/,/city/kanchanaburi/best-time-to-visit/,/city/kanchanaburi/best-time-to-visit/,destination-subpillar,yes,destination-subpillar,keep-improve,P1,provisional,Belangrijke destination- of commerciële pagina; locale-specifieke DFS-brief vereist.
en,https://go2-thailand.com/best-hotels/kanchanaburi/,/best-hotels/kanchanaburi/,/best-hotels/kanchanaburi/,hotel-commercial,yes,hotel-guide,keep-improve,P1,provisional,Belangrijke destination- of commerciële pagina; locale-specifieke DFS-brief vereist.
en,https://go2-thailand.com/city/hua-hin/,/city/hua-hin/,/city/hua-hin/,destination-pillar,yes,destination-guide,keep-improve,P1,provisional,Belangrijke destination- of commerciële pagina; locale-specifieke DFS-brief vereist.
en,https://go2-thailand.com/city/hua-hin/food/,/city/hua-hin/food/,/city/hua-hin/food/,destination-subpillar,yes,destination-subpillar,keep-improve,P1,provisional,Belangrijke destination- of commerciële pagina; locale-specifieke DFS-brief vereist.
en,https://go2-thailand.com/city/hua-hin/attractions/,/city/hua-hin/attractions/,/city/hua-hin/attractions/,destination-subpillar,yes,destination-subpillar,keep-improve,P1,provisional,Belangrijke destination- of commerciële pagina; locale-specifieke DFS-brief vereist.
en,https://go2-thailand.com/city/hua-hin/weather/,/city/hua-hin/weather/,/city/hua-hin/weather/,destination-subpillar,yes,destination-subpillar,keep-improve,P1,provisional,Belangrijke destination- of commerciële pagina; locale-specifieke DFS-brief vereist.
en,https://go2-thailand.com/city/hua-hin/best-time-to-visit/,/city/hua-hin/best-time-to-visit/,/city/hua-hin/best-time-to-visit/,destination-subpillar,yes,destination-subpillar,keep-improve,P1,provisional,Belangrijke destination- of commerciële pagina; locale-specifieke DFS-brief vereist.
en,https://go2-thailand.com/best-hotels/hua-hin/,/best-hotels/hua-hin/,/best-hotels/hua-hin/,hotel-commercial,yes,hotel-guide,keep-improve,P1,provisional,Belangrijke destination- of commerciële pagina; locale-specifieke DFS-brief vereist.
en,https://go2-thailand.com/city/lopburi/,/city/lopburi/,/city/lopburi/,destination-pillar,yes,destination-guide,keep-improve,P1,provisional,Belangrijke destination- of commerciële pagina; locale-specifieke DFS-brief vereist.
en,https://go2-thailand.com/city/lopburi/food/,/city/lopburi/food/,/city/lopburi/food/,destination-subpillar,yes,destination-subpillar,keep-improve,P1,provisional,Belangrijke destination- of commerciële pagina; locale-specifieke DFS-brief vereist.
en,https://go2-thailand.com/city/lopburi/attractions/,/city/lopburi/attractions/,/city/lopburi/attractions/,destination-subpillar,yes,destination-subpillar,keep-improve,P1,provisional,Belangrijke destination- of commerciële pagina; locale-specifieke DFS-brief vereist.
en,https://go2-thailand.com/city/lopburi/weather/,/city/lopburi/weather/,/city/lopburi/weather/,destination-subpillar,yes,destination-subpillar,keep-improve,P1,provisional,Belangrijke destination- of commerciële pagina; locale-specifieke DFS-brief vereist.
en,https://go2-thailand.com/city/lopburi/best-time-to-visit/,/city/lopburi/best-time-to-visit/,/city/lopburi/best-time-to-visit/,destination-subpillar,yes,destination-subpillar,keep-improve,P1,provisional,Belangrijke destination- of commerciële pagina; locale-specifieke DFS-brief vereist.
en,https://go2-thailand.com/best-hotels/lopburi/,/best-hotels/lopburi/,/best-hotels/lopburi/,hotel-commercial,yes,hotel-guide,keep-improve,P1,provisional,Belangrijke destination- of commerciële pagina; locale-specifieke DFS-brief vereist.
en,https://go2-thailand.com/city/phitsanulok/,/city/phitsanulok/,/city/phitsanulok/,destination-pillar,yes,destination-guide,keep-improve,P1,provisional,Belangrijke destination- of commerciële pagina; locale-specifieke DFS-brief vereist.
en,https://go2-thailand.com/city/phitsanulok/food/,/city/phitsanulok/food/,/city/phitsanulok/food/,destination-subpillar,yes,destination-subpillar,keep-improve,P1,provisional,Belangrijke destination- of commerciële pagina; locale-specifieke DFS-brief vereist.
en,https://go2-thailand.com/city/phitsanulok/attractions/,/city/phitsanulok/attractions/,/city/phitsanulok/attractions/,destination-subpillar,yes,destination-subpillar,keep-improve,P1,provisional,Belangrijke destination- of commerciële pagina; locale-specifieke DFS-brief vereist.
en,https://go2-thailand.com/city/phitsanulok/weather/,/city/phitsanulok/weather/,/city/phitsanulok/weather/,destination-subpillar,yes,destination-subpillar,keep-improve,P1,provisional,Belangrijke destination- of commerciële pagina; locale-specifieke DFS-brief vereist.
en,https://go2-thailand.com/city/phitsanulok/best-time-to-visit/,/city/phitsanulok/best-time-to-visit/,/city/phitsanulok/best-time-to-visit/,destination-subpillar,yes,destination-subpillar,keep-improve,P1,provisional,Belangrijke destination- of commerciële pagina; locale-specifieke DFS-brief vereist.
en,https://go2-thailand.com/best-hotels/phitsanulok/,/best-hotels/phitsanulok/,/best-hotels/phitsanulok/,hotel-commercial,yes,hotel-guide,keep-improve,P1,provisional,Belangrijke destination- of commerciële pagina; locale-specifieke DFS-brief vereist.
en,https://go2-thailand.com/city/trat/,/city/trat/,/city/trat/,destination-pillar,yes,destination-guide,keep-improve,P1,provisional,Belangrijke destination- of commerciële pagina; locale-specifieke DFS-brief vereist.
en,https://go2-thailand.com/city/trat/food/,/city/trat/food/,/city/trat/food/,destination-subpillar,yes,destination-subpillar,keep-improve,P1,provisional,Belangrijke destination- of commerciële pagina; locale-specifieke DFS-brief vereist.
en,https://go2-thailand.com/city/trat/attractions/,/city/trat/attractions/,/city/trat/attractions/,destination-subpillar,yes,destination-subpillar,keep-improve,P1,provisional,Belangrijke destination- of commerciële pagina; locale-specifieke DFS-brief vereist.
en,https://go2-thailand.com/city/trat/weather/,/city/trat/weather/,/city/trat/weather/,destination-subpillar,yes,destination-subpillar,keep-improve,P1,provisional,Belangrijke destination- of commerciële pagina; locale-specifieke DFS-brief vereist.
en,https://go2-thailand.com/city/trat/best-time-to-visit/,/city/trat/best-time-to-visit/,/city/trat/best-time-to-visit/,destination-subpillar,yes,destination-subpillar,keep-improve,P1,provisional,Belangrijke destination- of commerciële pagina; locale-specifieke DFS-brief vereist.
en,https://go2-thailand.com/best-hotels/trat/,/best-hotels/trat/,/best-hotels/trat/,hotel-commercial,yes,hotel-guide,keep-improve,P1,provisional,Belangrijke destination- of commerciële pagina; locale-specifieke DFS-brief vereist.
en,https://go2-thailand.com/city/rayong/,/city/rayong/,/city/rayong/,destination-pillar,yes,destination-guide,keep-improve,P1,provisional,Belangrijke destination- of commerciële pagina; locale-specifieke DFS-brief vereist.
en,https://go2-thailand.com/city/rayong/food/,/city/rayong/food/,/city/rayong/food/,destination-subpillar,yes,destination-subpillar,keep-improve,P1,provisional,Belangrijke destination- of commerciële pagina; locale-specifieke DFS-brief vereist.
en,https://go2-thailand.com/city/rayong/attractions/,/city/rayong/attractions/,/city/rayong/attractions/,destination-subpillar,yes,destination-subpillar,keep-improve,P1,provisional,Belangrijke destination- of commerciële pagina; locale-specifieke DFS-brief vereist.
en,https://go2-thailand.com/city/rayong/weather/,/city/rayong/weather/,/city/rayong/weather/,destination-subpillar,yes,destination-subpillar,keep-improve,P1,provisional,Belangrijke destination- of commerciële pagina; locale-specifieke DFS-brief vereist.
en,https://go2-thailand.com/city/rayong/best-time-to-visit/,/city/rayong/best-time-to-visit/,/city/rayong/best-time-to-visit/,destination-subpillar,yes,destination-subpillar,keep-improve,P1,provisional,Belangrijke destination- of commerciële pagina; locale-specifieke DFS-brief vereist.
en,https://go2-thailand.com/best-hotels/rayong/,/best-hotels/rayong/,/best-hotels/rayong/,hotel-commercial,yes,hotel-guide,keep-improve,P1,provisional,Belangrijke destination- of commerciële pagina; locale-specifieke DFS-brief vereist.
en,https://go2-thailand.com/city/koh-samui/,/city/koh-samui/,/city/koh-samui/,destination-pillar,yes,destination-guide,keep-improve,P1,provisional,Belangrijke destination- of commerciële pagina; locale-specifieke DFS-brief vereist.
en,https://go2-thailand.com/city/koh-samui/food/,/city/koh-samui/food/,/city/koh-samui/food/,destination-subpillar,yes,destination-subpillar,keep-improve,P1,provisional,Belangrijke destination- of commerciële pagina; locale-specifieke DFS-brief vereist.
en,https://go2-thailand.com/city/koh-samui/attractions/,/city/koh-samui/attractions/,/city/koh-samui/attractions/,destination-subpillar,yes,destination-subpillar,keep-improve,P1,provisional,Belangrijke destination- of commerciële pagina; locale-specifieke DFS-brief vereist.
en,https://go2-thailand.com/city/koh-samui/weather/,/city/koh-samui/weather/,/city/koh-samui/weather/,destination-subpillar,yes,destination-subpillar,keep-improve,P1,provisional,Belangrijke destination- of commerciële pagina; locale-specifieke DFS-brief vereist.
en,https://go2-thailand.com/city/koh-samui/best-time-to-visit/,/city/koh-samui/best-time-to-visit/,/city/koh-samui/best-time-to-visit/,destination-subpillar,yes,destination-subpillar,keep-improve,P1,provisional,Belangrijke destination- of commerciële pagina; locale-specifieke DFS-brief vereist.
en,https://go2-thailand.com/best-hotels/koh-samui/,/best-hotels/koh-samui/,/best-hotels/koh-samui/,hotel-commercial,yes,hotel-guide,keep-improve,P1,provisional,Belangrijke destination- of commerciële pagina; locale-specifieke DFS-brief vereist.
en,https://go2-thailand.com/city/nakhon-si-thammarat/,/city/nakhon-si-thammarat/,/city/nakhon-si-thammarat/,destination-pillar,yes,destination-guide,keep-improve,P1,provisional,Belangrijke destination- of commerciële pagina; locale-specifieke DFS-brief vereist.
en,https://go2-thailand.com/city/nakhon-si-thammarat/food/,/city/nakhon-si-thammarat/food/,/city/nakhon-si-thammarat/food/,destination-subpillar,yes,destination-subpillar,keep-improve,P1,provisional,Belangrijke destination- of commerciële pagina; locale-specifieke DFS-brief vereist.
en,https://go2-thailand.com/city/nakhon-si-thammarat/attractions/,/city/nakhon-si-thammarat/attractions/,/city/nakhon-si-thammarat/attractions/,destination-subpillar,yes,destination-subpillar,keep-improve,P1,provisional,Belangrijke destination- of commerciële pagina; locale-specifieke DFS-brief vereist.
en,https://go2-thailand.com/city/nakhon-si-thammarat/weather/,/city/nakhon-si-thammarat/weather/,/city/nakhon-si-thammarat/weather/,destination-subpillar,yes,destination-subpillar,keep-improve,P1,provisional,Belangrijke destination- of commerciële pagina; locale-specifieke DFS-brief vereist.
en,https://go2-thailand.com/city/nakhon-si-thammarat/best-time-to-visit/,/city/nakhon-si-thammarat/best-time-to-visit/,/city/nakhon-si-thammarat/best-time-to-visit/,destination-subpillar,yes,destination-subpillar,keep-improve,P1,provisional,Belangrijke destination- of commerciële pagina; locale-specifieke DFS-brief vereist.
en,https://go2-thailand.com/best-hotels/nakhon-si-thammarat/,/best-hotels/nakhon-si-thammarat/,/best-hotels/nakhon-si-thammarat/,hotel-commercial,yes,hotel-guide,keep-improve,P1,provisional,Belangrijke destination- of commerciële pagina; locale-specifieke DFS-brief vereist.
en,https://go2-thailand.com/city/trang/,/city/trang/,/city/trang/,destination-pillar,yes,destination-guide,keep-improve,P1,provisional,Belangrijke destination- of commerciële pagina; locale-specifieke DFS-brief vereist.
en,https://go2-thailand.com/city/trang/food/,/city/trang/food/,/city/trang/food/,destination-subpillar,yes,destination-subpillar,keep-improve,P1,provisional,Belangrijke destination- of commerciële pagina; locale-specifieke DFS-brief vereist.
en,https://go2-thailand.com/city/trang/attractions/,/city/trang/attractions/,/city/trang/attractions/,destination-subpillar,yes,destination-subpillar,keep-improve,P1,provisional,Belangrijke destination- of commerciële pagina; locale-specifieke DFS-brief vereist.
en,https://go2-thailand.com/city/trang/weather/,/city/trang/weather/,/city/trang/weather/,destination-subpillar,yes,destination-subpillar,keep-improve,P1,provisional,Belangrijke destination- of commerciële pagina; locale-specifieke DFS-brief vereist.
en,https://go2-thailand.com/city/trang/best-time-to-visit/,/city/trang/best-time-to-visit/,/city/trang/best-time-to-visit/,destination-subpillar,yes,destination-subpillar,keep-improve,P1,provisional,Belangrijke destination- of commerciële pagina; locale-specifieke DFS-brief vereist.
en,https://go2-thailand.com/best-hotels/trang/,/best-hotels/trang/,/best-hotels/trang/,hotel-commercial,yes,hotel-guide,keep-improve,P1,provisional,Belangrijke destination- of commerciële pagina; locale-specifieke DFS-brief vereist.
en,https://go2-thailand.com/city/chumphon/,/city/chumphon/,/city/chumphon/,destination-pillar,yes,destination-guide,keep-improve,P1,provisional,Belangrijke destination- of commerciële pagina; locale-specifieke DFS-brief vereist.
en,https://go2-thailand.com/city/chumphon/food/,/city/chumphon/food/,/city/chumphon/food/,destination-subpillar,yes,destination-subpillar,keep-improve,P1,provisional,Belangrijke destination- of commerciële pagina; locale-specifieke DFS-brief vereist.
en,https://go2-thailand.com/city/chumphon/attractions/,/city/chumphon/attractions/,/city/chumphon/attractions/,destination-subpillar,yes,destination-subpillar,keep-improve,P1,provisional,Belangrijke destination- of commerciële pagina; locale-specifieke DFS-brief vereist.
en,https://go2-thailand.com/city/chumphon/weather/,/city/chumphon/weather/,/city/chumphon/weather/,destination-subpillar,yes,destination-subpillar,keep-improve,P1,provisional,Belangrijke destination- of commerciële pagina; locale-specifieke DFS-brief vereist.
en,https://go2-thailand.com/city/chumphon/best-time-to-visit/,/city/chumphon/best-time-to-visit/,/city/chumphon/best-time-to-visit/,destination-subpillar,yes,destination-subpillar,keep-improve,P1,provisional,Belangrijke destination- of commerciële pagina; locale-specifieke DFS-brief vereist.
en,https://go2-thailand.com/best-hotels/chumphon/,/best-hotels/chumphon/,/best-hotels/chumphon/,hotel-commercial,yes,hotel-guide,keep-improve,P1,provisional,Belangrijke destination- of commerciële pagina; locale-specifieke DFS-brief vereist.
en,https://go2-thailand.com/city/chanthaburi/,/city/chanthaburi/,/city/chanthaburi/,destination-pillar,yes,destination-guide,keep-improve,P1,provisional,Belangrijke destination- of commerciële pagina; locale-specifieke DFS-brief vereist.
en,https://go2-thailand.com/city/chanthaburi/food/,/city/chanthaburi/food/,/city/chanthaburi/food/,destination-subpillar,yes,destination-subpillar,keep-improve,P1,provisional,Belangrijke destination- of commerciële pagina; locale-specifieke DFS-brief vereist.
en,https://go2-thailand.com/city/chanthaburi/attractions/,/city/chanthaburi/attractions/,/city/chanthaburi/attractions/,destination-subpillar,yes,destination-subpillar,keep-improve,P1,provisional,Belangrijke destination- of commerciële pagina; locale-specifieke DFS-brief vereist.
en,https://go2-thailand.com/city/chanthaburi/weather/,/city/chanthaburi/weather/,/city/chanthaburi/weather/,destination-subpillar,yes,destination-subpillar,keep-improve,P1,provisional,Belangrijke destination- of commerciële pagina; locale-specifieke DFS-brief vereist.
en,https://go2-thailand.com/city/chanthaburi/best-time-to-visit/,/city/chanthaburi/best-time-to-visit/,/city/chanthaburi/best-time-to-visit/,destination-subpillar,yes,destination-subpillar,keep-improve,P1,provisional,Belangrijke destination- of commerciële pagina; locale-specifieke DFS-brief vereist.
en,https://go2-thailand.com/best-hotels/chanthaburi/,/best-hotels/chanthaburi/,/best-hotels/chanthaburi/,hotel-commercial,yes,hotel-guide,keep-improve,P1,provisional,Belangrijke destination- of commerciële pagina; locale-specifieke DFS-brief vereist.
en,https://go2-thailand.com/city/chiang-khan/,/city/chiang-khan/,/city/chiang-khan/,destination-pillar,yes,destination-guide,keep-improve,P1,provisional,Belangrijke destination- of commerciële pagina; locale-specifieke DFS-brief vereist.
en,https://go2-thailand.com/city/chiang-khan/food/,/city/chiang-khan/food/,/city/chiang-khan/food/,destination-subpillar,yes,destination-subpillar,keep-improve,P1,provisional,Belangrijke destination- of commerciële pagina; locale-specifieke DFS-brief vereist.
en,https://go2-thailand.com/city/chiang-khan/attractions/,/city/chiang-khan/attractions/,/city/chiang-khan/attractions/,destination-subpillar,yes,destination-subpillar,keep-improve,P1,provisional,Belangrijke destination- of commerciële pagina; locale-specifieke DFS-brief vereist.
en,https://go2-thailand.com/city/chiang-khan/weather/,/city/chiang-khan/weather/,/city/chiang-khan/weather/,destination-subpillar,yes,destination-subpillar,keep-improve,P1,provisional,Belangrijke destination- of commerciële pagina; locale-specifieke DFS-brief vereist.
en,https://go2-thailand.com/city/chiang-khan/best-time-to-visit/,/city/chiang-khan/best-time-to-visit/,/city/chiang-khan/best-time-to-visit/,destination-subpillar,yes,destination-subpillar,keep-improve,P1,provisional,Belangrijke destination- of commerciële pagina; locale-specifieke DFS-brief vereist.
en,https://go2-thailand.com/best-hotels/chiang-khan/,/best-hotels/chiang-khan/,/best-hotels/chiang-khan/,hotel-commercial,yes,hotel-guide,keep-improve,P1,provisional,Belangrijke destination- of commerciële pagina; locale-specifieke DFS-brief vereist.
en,https://go2-thailand.com/city/nong-khai/,/city/nong-khai/,/city/nong-khai/,destination-pillar,yes,destination-guide,keep-improve,P1,provisional,Belangrijke destination- of commerciële pagina; locale-specifieke DFS-brief vereist.
en,https://go2-thailand.com/city/nong-khai/food/,/city/nong-khai/food/,/city/nong-khai/food/,destination-subpillar,yes,destination-subpillar,keep-improve,P1,provisional,Belangrijke destination- of commerciële pagina; locale-specifieke DFS-brief vereist.
en,https://go2-thailand.com/city/nong-khai/attractions/,/city/nong-khai/attractions/,/city/nong-khai/attractions/,destination-subpillar,yes,destination-subpillar,keep-improve,P1,provisional,Belangrijke destination- of commerciële pagina; locale-specifieke DFS-brief vereist.
en,https://go2-thailand.com/city/nong-khai/weather/,/city/nong-khai/weather/,/city/nong-khai/weather/,destination-subpillar,yes,destination-subpillar,keep-improve,P1,provisional,Belangrijke destination- of commerciële pagina; locale-specifieke DFS-brief vereist.
en,https://go2-thailand.com/city/nong-khai/best-time-to-visit/,/city/nong-khai/best-time-to-visit/,/city/nong-khai/best-time-to-visit/,destination-subpillar,yes,destination-subpillar,keep-improve,P1,provisional,Belangrijke destination- of commerciële pagina; locale-specifieke DFS-brief vereist.
en,https://go2-thailand.com/best-hotels/nong-khai/,/best-hotels/nong-khai/,/best-hotels/nong-khai/,hotel-commercial,yes,hotel-guide,keep-improve,P1,provisional,Belangrijke destination- of commerciële pagina; locale-specifieke DFS-brief vereist.
en,https://go2-thailand.com/city/bueng-kan/,/city/bueng-kan/,/city/bueng-kan/,destination-pillar,yes,destination-guide,keep-improve,P1,provisional,Belangrijke destination- of commerciële pagina; locale-specifieke DFS-brief vereist.
en,https://go2-thailand.com/city/bueng-kan/food/,/city/bueng-kan/food/,/city/bueng-kan/food/,destination-subpillar,yes,destination-subpillar,keep-improve,P1,provisional,Belangrijke destination- of commerciële pagina; locale-specifieke DFS-brief vereist.
en,https://go2-thailand.com/city/bueng-kan/attractions/,/city/bueng-kan/attractions/,/city/bueng-kan/attractions/,destination-subpillar,yes,destination-subpillar,keep-improve,P1,provisional,Belangrijke destination- of commerciële pagina; locale-specifieke DFS-brief vereist.
en,https://go2-thailand.com/city/bueng-kan/weather/,/city/bueng-kan/weather/,/city/bueng-kan/weather/,destination-subpillar,yes,destination-subpillar,keep-improve,P1,provisional,Belangrijke destination- of commerciële pagina; locale-specifieke DFS-brief vereist.
en,https://go2-thailand.com/city/bueng-kan/best-time-to-visit/,/city/bueng-kan/best-time-to-visit/,/city/bueng-kan/best-time-to-visit/,destination-subpillar,yes,destination-subpillar,keep-improve,P1,provisional,Belangrijke destination- of commerciële pagina; locale-specifieke DFS-brief vereist.
en,https://go2-thailand.com/best-hotels/bueng-kan/,/best-hotels/bueng-kan/,/best-hotels/bueng-kan/,hotel-commercial,yes,hotel-guide,keep-improve,P1,provisional,Belangrijke destination- of commerciële pagina; locale-specifieke DFS-brief vereist.
en,https://go2-thailand.com/city/nakhon-phanom/,/city/nakhon-phanom/,/city/nakhon-phanom/,destination-pillar,yes,destination-guide,keep-improve,P1,provisional,Belangrijke destination- of commerciële pagina; locale-specifieke DFS-brief vereist.
en,https://go2-thailand.com/city/nakhon-phanom/food/,/city/nakhon-phanom/food/,/city/nakhon-phanom/food/,destination-subpillar,yes,destination-subpillar,keep-improve,P1,provisional,Belangrijke destination- of commerciële pagina; locale-specifieke DFS-brief vereist.
en,https://go2-thailand.com/city/nakhon-phanom/attractions/,/city/nakhon-phanom/attractions/,/city/nakhon-phanom/attractions/,destination-subpillar,yes,destination-subpillar,keep-improve,P1,provisional,Belangrijke destination- of commerciële pagina; locale-specifieke DFS-brief vereist.
en,https://go2-thailand.com/city/nakhon-phanom/weather/,/city/nakhon-phanom/weather/,/city/nakhon-phanom/weather/,destination-subpillar,yes,destination-subpillar,keep-improve,P1,provisional,Belangrijke destination- of commerciële pagina; locale-specifieke DFS-brief vereist.
en,https://go2-thailand.com/city/nakhon-phanom/best-time-to-visit/,/city/nakhon-phanom/best-time-to-visit/,/city/nakhon-phanom/best-time-to-visit/,destination-subpillar,yes,destination-subpillar,keep-improve,P1,provisional,Belangrijke destination- of commerciële pagina; locale-specifieke DFS-brief vereist.
en,https://go2-thailand.com/best-hotels/nakhon-phanom/,/best-hotels/nakhon-phanom/,/best-hotels/nakhon-phanom/,hotel-commercial,yes,hotel-guide,keep-improve,P1,provisional,Belangrijke destination- of commerciële pagina; locale-specifieke DFS-brief vereist.
en,https://go2-thailand.com/city/mukdahan/,/city/mukdahan/,/city/mukdahan/,destination-pillar,yes,destination-guide,keep-improve,P1,provisional,Belangrijke destination- of commerciële pagina; locale-specifieke DFS-brief vereist.
en,https://go2-thailand.com/city/mukdahan/food/,/city/mukdahan/food/,/city/mukdahan/food/,destination-subpillar,yes,destination-subpillar,keep-improve,P1,provisional,Belangrijke destination- of commerciële pagina; locale-specifieke DFS-brief vereist.
en,https://go2-thailand.com/city/mukdahan/attractions/,/city/mukdahan/attractions/,/city/mukdahan/attractions/,destination-subpillar,yes,destination-subpillar,keep-improve,P1,provisional,Belangrijke destination- of commerciële pagina; locale-specifieke DFS-brief vereist.
en,https://go2-thailand.com/city/mukdahan/weather/,/city/mukdahan/weather/,/city/mukdahan/weather/,destination-subpillar,yes,destination-subpillar,keep-improve,P1,provisional,Belangrijke destination- of commerciële pagina; locale-specifieke DFS-brief vereist.
en,https://go2-thailand.com/city/mukdahan/best-time-to-visit/,/city/mukdahan/best-time-to-visit/,/city/mukdahan/best-time-to-visit/,destination-subpillar,yes,destination-subpillar,keep-improve,P1,provisional,Belangrijke destination- of commerciële pagina; locale-specifieke DFS-brief vereist.
en,https://go2-thailand.com/best-hotels/mukdahan/,/best-hotels/mukdahan/,/best-hotels/mukdahan/,hotel-commercial,yes,hotel-guide,keep-improve,P1,provisional,Belangrijke destination- of commerciële pagina; locale-specifieke DFS-brief vereist.
en,https://go2-thailand.com/city/khao-sok/,/city/khao-sok/,/city/khao-sok/,destination-pillar,yes,destination-guide,keep-improve,P1,provisional,Belangrijke destination- of commerciële pagina; locale-specifieke DFS-brief vereist.
en,https://go2-thailand.com/city/khao-sok/food/,/city/khao-sok/food/,/city/khao-sok/food/,destination-subpillar,yes,destination-subpillar,keep-improve,P1,provisional,Belangrijke destination- of commerciële pagina; locale-specifieke DFS-brief vereist.
en,https://go2-thailand.com/city/khao-sok/attractions/,/city/khao-sok/attractions/,/city/khao-sok/attractions/,destination-subpillar,yes,destination-subpillar,keep-improve,P1,provisional,Belangrijke destination- of commerciële pagina; locale-specifieke DFS-brief vereist.
en,https://go2-thailand.com/city/khao-sok/weather/,/city/khao-sok/weather/,/city/khao-sok/weather/,destination-subpillar,yes,destination-subpillar,keep-improve,P1,provisional,Belangrijke destination- of commerciële pagina; locale-specifieke DFS-brief vereist.
en,https://go2-thailand.com/city/khao-sok/best-time-to-visit/,/city/khao-sok/best-time-to-visit/,/city/khao-sok/best-time-to-visit/,destination-subpillar,yes,destination-subpillar,keep-improve,P1,provisional,Belangrijke destination- of commerciële pagina; locale-specifieke DFS-brief vereist.
en,https://go2-thailand.com/best-hotels/khao-sok/,/best-hotels/khao-sok/,/best-hotels/khao-sok/,hotel-commercial,yes,hotel-guide,keep-improve,P1,provisional,Belangrijke destination- of commerciële pagina; locale-specifieke DFS-brief vereist.
en,https://go2-thailand.com/city/bangkok/top-10-restaurants/,/city/bangkok/top-10-restaurants/,/city/bangkok/top-10-restaurants/,destination-detail,no,destination-detail,template-improve,P2,provisional,Schaalbare familie; onderzoek en verbeter eerst het gedeelde template en een pilot-URL. Taalpaar ontbreekt: bepaal of lokalisatie of bewust locale-specifiek gebruik nodig is.
en,https://go2-thailand.com/city/bangkok/top-10-attractions/,/city/bangkok/top-10-attractions/,/city/bangkok/top-10-attractions/,destination-detail,no,destination-detail,template-improve,P2,provisional,Schaalbare familie; onderzoek en verbeter eerst het gedeelde template en een pilot-URL. Taalpaar ontbreekt: bepaal of lokalisatie of bewust locale-specifiek gebruik nodig is.
en,https://go2-thailand.com/city/chiang-mai/top-10-restaurants/,/city/chiang-mai/top-10-restaurants/,/city/chiang-mai/top-10-restaurants/,destination-detail,no,destination-detail,template-improve,P2,provisional,Schaalbare familie; onderzoek en verbeter eerst het gedeelde template en een pilot-URL. Taalpaar ontbreekt: bepaal of lokalisatie of bewust locale-specifiek gebruik nodig is.
en,https://go2-thailand.com/city/chiang-mai/top-10-attractions/,/city/chiang-mai/top-10-attractions/,/city/chiang-mai/top-10-attractions/,destination-detail,no,destination-detail,template-improve,P2,provisional,Schaalbare familie; onderzoek en verbeter eerst het gedeelde template en een pilot-URL. Taalpaar ontbreekt: bepaal of lokalisatie of bewust locale-specifiek gebruik nodig is.
en,https://go2-thailand.com/city/phuket/top-10-restaurants/,/city/phuket/top-10-restaurants/,/city/phuket/top-10-restaurants/,destination-detail,no,destination-detail,template-improve,P2,provisional,Schaalbare familie; onderzoek en verbeter eerst het gedeelde template en een pilot-URL. Taalpaar ontbreekt: bepaal of lokalisatie of bewust locale-specifiek gebruik nodig is.
en,https://go2-thailand.com/city/phuket/top-10-attractions/,/city/phuket/top-10-attractions/,/city/phuket/top-10-attractions/,destination-detail,no,destination-detail,template-improve,P2,provisional,Schaalbare familie; onderzoek en verbeter eerst het gedeelde template en een pilot-URL. Taalpaar ontbreekt: bepaal of lokalisatie of bewust locale-specifiek gebruik nodig is.
en,https://go2-thailand.com/city/pattaya/top-10-restaurants/,/city/pattaya/top-10-restaurants/,/city/pattaya/top-10-restaurants/,destination-detail,no,destination-detail,template-improve,P2,provisional,Schaalbare familie; onderzoek en verbeter eerst het gedeelde template en een pilot-URL. Taalpaar ontbreekt: bepaal of lokalisatie of bewust locale-specifiek gebruik nodig is.
en,https://go2-thailand.com/city/pattaya/top-10-attractions/,/city/pattaya/top-10-attractions/,/city/pattaya/top-10-attractions/,destination-detail,no,destination-detail,template-improve,P2,provisional,Schaalbare familie; onderzoek en verbeter eerst het gedeelde template en een pilot-URL. Taalpaar ontbreekt: bepaal of lokalisatie of bewust locale-specifiek gebruik nodig is.
en,https://go2-thailand.com/city/ayutthaya/top-10-restaurants/,/city/ayutthaya/top-10-restaurants/,/city/ayutthaya/top-10-restaurants/,destination-detail,no,destination-detail,template-improve,P2,provisional,Schaalbare familie; onderzoek en verbeter eerst het gedeelde template en een pilot-URL. Taalpaar ontbreekt: bepaal of lokalisatie of bewust locale-specifiek gebruik nodig is.
en,https://go2-thailand.com/city/ayutthaya/top-10-attractions/,/city/ayutthaya/top-10-attractions/,/city/ayutthaya/top-10-attractions/,destination-detail,no,destination-detail,template-improve,P2,provisional,Schaalbare familie; onderzoek en verbeter eerst het gedeelde template en een pilot-URL. Taalpaar ontbreekt: bepaal of lokalisatie of bewust locale-specifiek gebruik nodig is.
en,https://go2-thailand.com/city/krabi/top-10-restaurants/,/city/krabi/top-10-restaurants/,/city/krabi/top-10-restaurants/,destination-detail,no,destination-detail,template-improve,P2,provisional,Schaalbare familie; onderzoek en verbeter eerst het gedeelde template en een pilot-URL. Taalpaar ontbreekt: bepaal of lokalisatie of bewust locale-specifiek gebruik nodig is.
en,https://go2-thailand.com/city/krabi/top-10-attractions/,/city/krabi/top-10-attractions/,/city/krabi/top-10-attractions/,destination-detail,no,destination-detail,template-improve,P2,provisional,Schaalbare familie; onderzoek en verbeter eerst het gedeelde template en een pilot-URL. Taalpaar ontbreekt: bepaal of lokalisatie of bewust locale-specifiek gebruik nodig is.
en,https://go2-thailand.com/city/chiang-rai/top-10-restaurants/,/city/chiang-rai/top-10-restaurants/,/city/chiang-rai/top-10-restaurants/,destination-detail,no,destination-detail,template-improve,P2,provisional,Schaalbare familie; onderzoek en verbeter eerst het gedeelde template en een pilot-URL. Taalpaar ontbreekt: bepaal of lokalisatie of bewust locale-specifiek gebruik nodig is.
en,https://go2-thailand.com/city/chiang-rai/top-10-attractions/,/city/chiang-rai/top-10-attractions/,/city/chiang-rai/top-10-attractions/,destination-detail,no,destination-detail,template-improve,P2,provisional,Schaalbare familie; onderzoek en verbeter eerst het gedeelde template en een pilot-URL. Taalpaar ontbreekt: bepaal of lokalisatie of bewust locale-specifiek gebruik nodig is.
en,https://go2-thailand.com/city/hat-yai/top-10-restaurants/,/city/hat-yai/top-10-restaurants/,/city/hat-yai/top-10-restaurants/,destination-detail,no,destination-detail,template-improve,P2,provisional,Schaalbare familie; onderzoek en verbeter eerst het gedeelde template en een pilot-URL. Taalpaar ontbreekt: bepaal of lokalisatie of bewust locale-specifiek gebruik nodig is.
en,https://go2-thailand.com/city/hat-yai/top-10-attractions/,/city/hat-yai/top-10-attractions/,/city/hat-yai/top-10-attractions/,destination-detail,no,destination-detail,template-improve,P2,provisional,Schaalbare familie; onderzoek en verbeter eerst het gedeelde template en een pilot-URL. Taalpaar ontbreekt: bepaal of lokalisatie of bewust locale-specifiek gebruik nodig is.
en,https://go2-thailand.com/city/sukhothai/top-10-restaurants/,/city/sukhothai/top-10-restaurants/,/city/sukhothai/top-10-restaurants/,destination-detail,no,destination-detail,template-improve,P2,provisional,Schaalbare familie; onderzoek en verbeter eerst het gedeelde template en een pilot-URL. Taalpaar ontbreekt: bepaal of lokalisatie of bewust locale-specifiek gebruik nodig is.
en,https://go2-thailand.com/city/sukhothai/top-10-attractions/,/city/sukhothai/top-10-attractions/,/city/sukhothai/top-10-attractions/,destination-detail,no,destination-detail,template-improve,P2,provisional,Schaalbare familie; onderzoek en verbeter eerst het gedeelde template en een pilot-URL. Taalpaar ontbreekt: bepaal of lokalisatie of bewust locale-specifiek gebruik nodig is.
en,https://go2-thailand.com/city/surat-thani/top-10-restaurants/,/city/surat-thani/top-10-restaurants/,/city/surat-thani/top-10-restaurants/,destination-detail,no,destination-detail,template-improve,P2,provisional,Schaalbare familie; onderzoek en verbeter eerst het gedeelde template en een pilot-URL. Taalpaar ontbreekt: bepaal of lokalisatie of bewust locale-specifiek gebruik nodig is.
en,https://go2-thailand.com/city/surat-thani/top-10-attractions/,/city/surat-thani/top-10-attractions/,/city/surat-thani/top-10-attractions/,destination-detail,no,destination-detail,template-improve,P2,provisional,Schaalbare familie; onderzoek en verbeter eerst het gedeelde template en een pilot-URL. Taalpaar ontbreekt: bepaal of lokalisatie of bewust locale-specifiek gebruik nodig is.
en,https://go2-thailand.com/city/pai/top-10-restaurants/,/city/pai/top-10-restaurants/,/city/pai/top-10-restaurants/,destination-detail,no,destination-detail,template-improve,P2,provisional,Schaalbare familie; onderzoek en verbeter eerst het gedeelde template en een pilot-URL. Taalpaar ontbreekt: bepaal of lokalisatie of bewust locale-specifiek gebruik nodig is.
en,https://go2-thailand.com/city/pai/top-10-attractions/,/city/pai/top-10-attractions/,/city/pai/top-10-attractions/,destination-detail,no,destination-detail,template-improve,P2,provisional,Schaalbare familie; onderzoek en verbeter eerst het gedeelde template en een pilot-URL. Taalpaar ontbreekt: bepaal of lokalisatie of bewust locale-specifiek gebruik nodig is.
en,https://go2-thailand.com/city/mae-hong-son/top-10-restaurants/,/city/mae-hong-son/top-10-restaurants/,/city/mae-hong-son/top-10-restaurants/,destination-detail,no,destination-detail,template-improve,P2,provisional,Schaalbare familie; onderzoek en verbeter eerst het gedeelde template en een pilot-URL. Taalpaar ontbreekt: bepaal of lokalisatie of bewust locale-specifiek gebruik nodig is.
en,https://go2-thailand.com/city/mae-hong-son/top-10-attractions/,/city/mae-hong-son/top-10-attractions/,/city/mae-hong-son/top-10-attractions/,destination-detail,no,destination-detail,template-improve,P2,provisional,Schaalbare familie; onderzoek en verbeter eerst het gedeelde template en een pilot-URL. Taalpaar ontbreekt: bepaal of lokalisatie of bewust locale-specifiek gebruik nodig is.
en,https://go2-thailand.com/city/lampang/top-10-restaurants/,/city/lampang/top-10-restaurants/,/city/lampang/top-10-restaurants/,destination-detail,no,destination-detail,template-improve,P2,provisional,Schaalbare familie; onderzoek en verbeter eerst het gedeelde template en een pilot-URL. Taalpaar ontbreekt: bepaal of lokalisatie of bewust locale-specifiek gebruik nodig is.
en,https://go2-thailand.com/city/lampang/top-10-attractions/,/city/lampang/top-10-attractions/,/city/lampang/top-10-attractions/,destination-detail,no,destination-detail,template-improve,P2,provisional,Schaalbare familie; onderzoek en verbeter eerst het gedeelde template en een pilot-URL. Taalpaar ontbreekt: bepaal of lokalisatie of bewust locale-specifiek gebruik nodig is.
en,https://go2-thailand.com/city/khon-kaen/top-10-restaurants/,/city/khon-kaen/top-10-restaurants/,/city/khon-kaen/top-10-restaurants/,destination-detail,no,destination-detail,template-improve,P2,provisional,Schaalbare familie; onderzoek en verbeter eerst het gedeelde template en een pilot-URL. Taalpaar ontbreekt: bepaal of lokalisatie of bewust locale-specifiek gebruik nodig is.
en,https://go2-thailand.com/city/khon-kaen/top-10-attractions/,/city/khon-kaen/top-10-attractions/,/city/khon-kaen/top-10-attractions/,destination-detail,no,destination-detail,template-improve,P2,provisional,Schaalbare familie; onderzoek en verbeter eerst het gedeelde template en een pilot-URL. Taalpaar ontbreekt: bepaal of lokalisatie of bewust locale-specifiek gebruik nodig is.
en,https://go2-thailand.com/city/udon-thani/top-10-restaurants/,/city/udon-thani/top-10-restaurants/,/city/udon-thani/top-10-restaurants/,destination-detail,no,destination-detail,template-improve,P2,provisional,Schaalbare familie; onderzoek en verbeter eerst het gedeelde template en een pilot-URL. Taalpaar ontbreekt: bepaal of lokalisatie of bewust locale-specifiek gebruik nodig is.
en,https://go2-thailand.com/city/udon-thani/top-10-attractions/,/city/udon-thani/top-10-attractions/,/city/udon-thani/top-10-attractions/,destination-detail,no,destination-detail,template-improve,P2,provisional,Schaalbare familie; onderzoek en verbeter eerst het gedeelde template en een pilot-URL. Taalpaar ontbreekt: bepaal of lokalisatie of bewust locale-specifiek gebruik nodig is.
en,https://go2-thailand.com/city/nakhon-ratchasima/top-10-restaurants/,/city/nakhon-ratchasima/top-10-restaurants/,/city/nakhon-ratchasima/top-10-restaurants/,destination-detail,no,destination-detail,template-improve,P2,provisional,Schaalbare familie; onderzoek en verbeter eerst het gedeelde template en een pilot-URL. Taalpaar ontbreekt: bepaal of lokalisatie of bewust locale-specifiek gebruik nodig is.
en,https://go2-thailand.com/city/nakhon-ratchasima/top-10-attractions/,/city/nakhon-ratchasima/top-10-attractions/,/city/nakhon-ratchasima/top-10-attractions/,destination-detail,no,destination-detail,template-improve,P2,provisional,Schaalbare familie; onderzoek en verbeter eerst het gedeelde template en een pilot-URL. Taalpaar ontbreekt: bepaal of lokalisatie of bewust locale-specifiek gebruik nodig is.
en,https://go2-thailand.com/city/ubon-ratchathani/top-10-restaurants/,/city/ubon-ratchathani/top-10-restaurants/,/city/ubon-ratchathani/top-10-restaurants/,destination-detail,no,destination-detail,template-improve,P2,provisional,Schaalbare familie; onderzoek en verbeter eerst het gedeelde template en een pilot-URL. Taalpaar ontbreekt: bepaal of lokalisatie of bewust locale-specifiek gebruik nodig is.
en,https://go2-thailand.com/city/ubon-ratchathani/top-10-attractions/,/city/ubon-ratchathani/top-10-attractions/,/city/ubon-ratchathani/top-10-attractions/,destination-detail,no,destination-detail,template-improve,P2,provisional,Schaalbare familie; onderzoek en verbeter eerst het gedeelde template en een pilot-URL. Taalpaar ontbreekt: bepaal of lokalisatie of bewust locale-specifiek gebruik nodig is.
en,https://go2-thailand.com/city/kanchanaburi/top-10-restaurants/,/city/kanchanaburi/top-10-restaurants/,/city/kanchanaburi/top-10-restaurants/,destination-detail,no,destination-detail,template-improve,P2,provisional,Schaalbare familie; onderzoek en verbeter eerst het gedeelde template en een pilot-URL. Taalpaar ontbreekt: bepaal of lokalisatie of bewust locale-specifiek gebruik nodig is.
en,https://go2-thailand.com/city/kanchanaburi/top-10-attractions/,/city/kanchanaburi/top-10-attractions/,/city/kanchanaburi/top-10-attractions/,destination-detail,no,destination-detail,template-improve,P2,provisional,Schaalbare familie; onderzoek en verbeter eerst het gedeelde template en een pilot-URL. Taalpaar ontbreekt: bepaal of lokalisatie of bewust locale-specifiek gebruik nodig is.
en,https://go2-thailand.com/city/hua-hin/top-10-restaurants/,/city/hua-hin/top-10-restaurants/,/city/hua-hin/top-10-restaurants/,destination-detail,no,destination-detail,template-improve,P2,provisional,Schaalbare familie; onderzoek en verbeter eerst het gedeelde template en een pilot-URL. Taalpaar ontbreekt: bepaal of lokalisatie of bewust locale-specifiek gebruik nodig is.
en,https://go2-thailand.com/city/hua-hin/top-10-attractions/,/city/hua-hin/top-10-attractions/,/city/hua-hin/top-10-attractions/,destination-detail,no,destination-detail,template-improve,P2,provisional,Schaalbare familie; onderzoek en verbeter eerst het gedeelde template en een pilot-URL. Taalpaar ontbreekt: bepaal of lokalisatie of bewust locale-specifiek gebruik nodig is.
en,https://go2-thailand.com/city/lopburi/top-10-restaurants/,/city/lopburi/top-10-restaurants/,/city/lopburi/top-10-restaurants/,destination-detail,no,destination-detail,template-improve,P2,provisional,Schaalbare familie; onderzoek en verbeter eerst het gedeelde template en een pilot-URL. Taalpaar ontbreekt: bepaal of lokalisatie of bewust locale-specifiek gebruik nodig is.
en,https://go2-thailand.com/city/lopburi/top-10-attractions/,/city/lopburi/top-10-attractions/,/city/lopburi/top-10-attractions/,destination-detail,no,destination-detail,template-improve,P2,provisional,Schaalbare familie; onderzoek en verbeter eerst het gedeelde template en een pilot-URL. Taalpaar ontbreekt: bepaal of lokalisatie of bewust locale-specifiek gebruik nodig is.
en,https://go2-thailand.com/city/phitsanulok/top-10-restaurants/,/city/phitsanulok/top-10-restaurants/,/city/phitsanulok/top-10-restaurants/,destination-detail,no,destination-detail,template-improve,P2,provisional,Schaalbare familie; onderzoek en verbeter eerst het gedeelde template en een pilot-URL. Taalpaar ontbreekt: bepaal of lokalisatie of bewust locale-specifiek gebruik nodig is.
en,https://go2-thailand.com/city/phitsanulok/top-10-attractions/,/city/phitsanulok/top-10-attractions/,/city/phitsanulok/top-10-attractions/,destination-detail,no,destination-detail,template-improve,P2,provisional,Schaalbare familie; onderzoek en verbeter eerst het gedeelde template en een pilot-URL. Taalpaar ontbreekt: bepaal of lokalisatie of bewust locale-specifiek gebruik nodig is.
en,https://go2-thailand.com/city/trat/top-10-restaurants/,/city/trat/top-10-restaurants/,/city/trat/top-10-restaurants/,destination-detail,no,destination-detail,template-improve,P2,provisional,Schaalbare familie; onderzoek en verbeter eerst het gedeelde template en een pilot-URL. Taalpaar ontbreekt: bepaal of lokalisatie of bewust locale-specifiek gebruik nodig is.
en,https://go2-thailand.com/city/trat/top-10-attractions/,/city/trat/top-10-attractions/,/city/trat/top-10-attractions/,destination-detail,no,destination-detail,template-improve,P2,provisional,Schaalbare familie; onderzoek en verbeter eerst het gedeelde template en een pilot-URL. Taalpaar ontbreekt: bepaal of lokalisatie of bewust locale-specifiek gebruik nodig is.
en,https://go2-thailand.com/city/rayong/top-10-restaurants/,/city/rayong/top-10-restaurants/,/city/rayong/top-10-restaurants/,destination-detail,no,destination-detail,template-improve,P2,provisional,Schaalbare familie; onderzoek en verbeter eerst het gedeelde template en een pilot-URL. Taalpaar ontbreekt: bepaal of lokalisatie of bewust locale-specifiek gebruik nodig is.
en,https://go2-thailand.com/city/rayong/top-10-attractions/,/city/rayong/top-10-attractions/,/city/rayong/top-10-attractions/,destination-detail,no,destination-detail,template-improve,P2,provisional,Schaalbare familie; onderzoek en verbeter eerst het gedeelde template en een pilot-URL. Taalpaar ontbreekt: bepaal of lokalisatie of bewust locale-specifiek gebruik nodig is.
en,https://go2-thailand.com/city/koh-samui/top-10-restaurants/,/city/koh-samui/top-10-restaurants/,/city/koh-samui/top-10-restaurants/,destination-detail,no,destination-detail,template-improve,P2,provisional,Schaalbare familie; onderzoek en verbeter eerst het gedeelde template en een pilot-URL. Taalpaar ontbreekt: bepaal of lokalisatie of bewust locale-specifiek gebruik nodig is.
en,https://go2-thailand.com/city/koh-samui/top-10-attractions/,/city/koh-samui/top-10-attractions/,/city/koh-samui/top-10-attractions/,destination-detail,no,destination-detail,template-improve,P2,provisional,Schaalbare familie; onderzoek en verbeter eerst het gedeelde template en een pilot-URL. Taalpaar ontbreekt: bepaal of lokalisatie of bewust locale-specifiek gebruik nodig is.
en,https://go2-thailand.com/city/nakhon-si-thammarat/top-10-restaurants/,/city/nakhon-si-thammarat/top-10-restaurants/,/city/nakhon-si-thammarat/top-10-restaurants/,destination-detail,no,destination-detail,template-improve,P2,provisional,Schaalbare familie; onderzoek en verbeter eerst het gedeelde template en een pilot-URL. Taalpaar ontbreekt: bepaal of lokalisatie of bewust locale-specifiek gebruik nodig is.
en,https://go2-thailand.com/city/nakhon-si-thammarat/top-10-attractions/,/city/nakhon-si-thammarat/top-10-attractions/,/city/nakhon-si-thammarat/top-10-attractions/,destination-detail,no,destination-detail,template-improve,P2,provisional,Schaalbare familie; onderzoek en verbeter eerst het gedeelde template en een pilot-URL. Taalpaar ontbreekt: bepaal of lokalisatie of bewust locale-specifiek gebruik nodig is.
en,https://go2-thailand.com/city/trang/top-10-restaurants/,/city/trang/top-10-restaurants/,/city/trang/top-10-restaurants/,destination-detail,no,destination-detail,template-improve,P2,provisional,Schaalbare familie; onderzoek en verbeter eerst het gedeelde template en een pilot-URL. Taalpaar ontbreekt: bepaal of lokalisatie of bewust locale-specifiek gebruik nodig is.
en,https://go2-thailand.com/city/trang/top-10-attractions/,/city/trang/top-10-attractions/,/city/trang/top-10-attractions/,destination-detail,no,destination-detail,template-improve,P2,provisional,Schaalbare familie; onderzoek en verbeter eerst het gedeelde template en een pilot-URL. Taalpaar ontbreekt: bepaal of lokalisatie of bewust locale-specifiek gebruik nodig is.
en,https://go2-thailand.com/city/chumphon/top-10-restaurants/,/city/chumphon/top-10-restaurants/,/city/chumphon/top-10-restaurants/,destination-detail,no,destination-detail,template-improve,P2,provisional,Schaalbare familie; onderzoek en verbeter eerst het gedeelde template en een pilot-URL. Taalpaar ontbreekt: bepaal of lokalisatie of bewust locale-specifiek gebruik nodig is.
en,https://go2-thailand.com/city/chumphon/top-10-attractions/,/city/chumphon/top-10-attractions/,/city/chumphon/top-10-attractions/,destination-detail,no,destination-detail,template-improve,P2,provisional,Schaalbare familie; onderzoek en verbeter eerst het gedeelde template en een pilot-URL. Taalpaar ontbreekt: bepaal of lokalisatie of bewust locale-specifiek gebruik nodig is.
en,https://go2-thailand.com/city/chanthaburi/top-10-restaurants/,/city/chanthaburi/top-10-restaurants/,/city/chanthaburi/top-10-restaurants/,destination-detail,no,destination-detail,template-improve,P2,provisional,Schaalbare familie; onderzoek en verbeter eerst het gedeelde template en een pilot-URL. Taalpaar ontbreekt: bepaal of lokalisatie of bewust locale-specifiek gebruik nodig is.
en,https://go2-thailand.com/city/chanthaburi/top-10-attractions/,/city/chanthaburi/top-10-attractions/,/city/chanthaburi/top-10-attractions/,destination-detail,no,destination-detail,template-improve,P2,provisional,Schaalbare familie; onderzoek en verbeter eerst het gedeelde template en een pilot-URL. Taalpaar ontbreekt: bepaal of lokalisatie of bewust locale-specifiek gebruik nodig is.
en,https://go2-thailand.com/city/chiang-khan/top-10-restaurants/,/city/chiang-khan/top-10-restaurants/,/city/chiang-khan/top-10-restaurants/,destination-detail,no,destination-detail,template-improve,P2,provisional,Schaalbare familie; onderzoek en verbeter eerst het gedeelde template en een pilot-URL. Taalpaar ontbreekt: bepaal of lokalisatie of bewust locale-specifiek gebruik nodig is.
en,https://go2-thailand.com/city/chiang-khan/top-10-attractions/,/city/chiang-khan/top-10-attractions/,/city/chiang-khan/top-10-attractions/,destination-detail,no,destination-detail,template-improve,P2,provisional,Schaalbare familie; onderzoek en verbeter eerst het gedeelde template en een pilot-URL. Taalpaar ontbreekt: bepaal of lokalisatie of bewust locale-specifiek gebruik nodig is.
en,https://go2-thailand.com/city/nong-khai/top-10-restaurants/,/city/nong-khai/top-10-restaurants/,/city/nong-khai/top-10-restaurants/,destination-detail,no,destination-detail,template-improve,P2,provisional,Schaalbare familie; onderzoek en verbeter eerst het gedeelde template en een pilot-URL. Taalpaar ontbreekt: bepaal of lokalisatie of bewust locale-specifiek gebruik nodig is.
en,https://go2-thailand.com/city/nong-khai/top-10-attractions/,/city/nong-khai/top-10-attractions/,/city/nong-khai/top-10-attractions/,destination-detail,no,destination-detail,template-improve,P2,provisional,Schaalbare familie; onderzoek en verbeter eerst het gedeelde template en een pilot-URL. Taalpaar ontbreekt: bepaal of lokalisatie of bewust locale-specifiek gebruik nodig is.
en,https://go2-thailand.com/city/bueng-kan/top-10-restaurants/,/city/bueng-kan/top-10-restaurants/,/city/bueng-kan/top-10-restaurants/,destination-detail,no,destination-detail,template-improve,P2,provisional,Schaalbare familie; onderzoek en verbeter eerst het gedeelde template en een pilot-URL. Taalpaar ontbreekt: bepaal of lokalisatie of bewust locale-specifiek gebruik nodig is.
en,https://go2-thailand.com/city/bueng-kan/top-10-attractions/,/city/bueng-kan/top-10-attractions/,/city/bueng-kan/top-10-attractions/,destination-detail,no,destination-detail,template-improve,P2,provisional,Schaalbare familie; onderzoek en verbeter eerst het gedeelde template en een pilot-URL. Taalpaar ontbreekt: bepaal of lokalisatie of bewust locale-specifiek gebruik nodig is.
en,https://go2-thailand.com/city/nakhon-phanom/top-10-restaurants/,/city/nakhon-phanom/top-10-restaurants/,/city/nakhon-phanom/top-10-restaurants/,destination-detail,no,destination-detail,template-improve,P2,provisional,Schaalbare familie; onderzoek en verbeter eerst het gedeelde template en een pilot-URL. Taalpaar ontbreekt: bepaal of lokalisatie of bewust locale-specifiek gebruik nodig is.
en,https://go2-thailand.com/city/nakhon-phanom/top-10-attractions/,/city/nakhon-phanom/top-10-attractions/,/city/nakhon-phanom/top-10-attractions/,destination-detail,no,destination-detail,template-improve,P2,provisional,Schaalbare familie; onderzoek en verbeter eerst het gedeelde template en een pilot-URL. Taalpaar ontbreekt: bepaal of lokalisatie of bewust locale-specifiek gebruik nodig is.
en,https://go2-thailand.com/city/mukdahan/top-10-restaurants/,/city/mukdahan/top-10-restaurants/,/city/mukdahan/top-10-restaurants/,destination-detail,no,destination-detail,template-improve,P2,provisional,Schaalbare familie; onderzoek en verbeter eerst het gedeelde template en een pilot-URL. Taalpaar ontbreekt: bepaal of lokalisatie of bewust locale-specifiek gebruik nodig is.
en,https://go2-thailand.com/city/mukdahan/top-10-attractions/,/city/mukdahan/top-10-attractions/,/city/mukdahan/top-10-attractions/,destination-detail,no,destination-detail,template-improve,P2,provisional,Schaalbare familie; onderzoek en verbeter eerst het gedeelde template en een pilot-URL. Taalpaar ontbreekt: bepaal of lokalisatie of bewust locale-specifiek gebruik nodig is.
en,https://go2-thailand.com/city/bangkok/attractions/bang-kachao/,/city/bangkok/attractions/bang-kachao/,/city/bangkok/attractions/bang-kachao/,attraction-detail,no,attraction-detail,template-improve,P2,provisional,Schaalbare familie; onderzoek en verbeter eerst het gedeelde template en een pilot-URL. Taalpaar ontbreekt: bepaal of lokalisatie of bewust locale-specifiek gebruik nodig is.
en,https://go2-thailand.com/city/bangkok/attractions/bangkok-national-museum/,/city/bangkok/attractions/bangkok-national-museum/,/city/bangkok/attractions/bangkok-national-museum/,attraction-detail,no,attraction-detail,template-improve,P2,provisional,Schaalbare familie; onderzoek en verbeter eerst het gedeelde template en een pilot-URL. Taalpaar ontbreekt: bepaal of lokalisatie of bewust locale-specifiek gebruik nodig is.
en,https://go2-thailand.com/city/bangkok/attractions/bangkokian-museum/,/city/bangkok/attractions/bangkokian-museum/,/city/bangkok/attractions/bangkokian-museum/,attraction-detail,no,attraction-detail,template-improve,P2,provisional,Schaalbare familie; onderzoek en verbeter eerst het gedeelde template en een pilot-URL. Taalpaar ontbreekt: bepaal of lokalisatie of bewust locale-specifiek gebruik nodig is.
en,https://go2-thailand.com/city/bangkok/attractions/chatuchak-market/,/city/bangkok/attractions/chatuchak-market/,/city/bangkok/attractions/chatuchak-market/,attraction-detail,no,attraction-detail,template-improve,P2,provisional,Schaalbare familie; onderzoek en verbeter eerst het gedeelde template en een pilot-URL. Taalpaar ontbreekt: bepaal of lokalisatie of bewust locale-specifiek gebruik nodig is.
en,https://go2-thailand.com/city/bangkok/attractions/damnoen-saduak/,/city/bangkok/attractions/damnoen-saduak/,/city/bangkok/attractions/damnoen-saduak/,attraction-detail,no,attraction-detail,template-improve,P2,provisional,Schaalbare familie; onderzoek en verbeter eerst het gedeelde template en een pilot-URL. Taalpaar ontbreekt: bepaal of lokalisatie of bewust locale-specifiek gebruik nodig is.
en,https://go2-thailand.com/city/bangkok/attractions/grand-palace/,/city/bangkok/attractions/grand-palace/,/city/bangkok/attractions/grand-palace/,attraction-detail,no,attraction-detail,template-improve,P2,provisional,Schaalbare familie; onderzoek en verbeter eerst het gedeelde template en een pilot-URL. Taalpaar ontbreekt: bepaal of lokalisatie of bewust locale-specifiek gebruik nodig is.
en,https://go2-thailand.com/city/bangkok/attractions/jim-thompson-house/,/city/bangkok/attractions/jim-thompson-house/,/city/bangkok/attractions/jim-thompson-house/,attraction-detail,no,attraction-detail,template-improve,P2,provisional,Schaalbare familie; onderzoek en verbeter eerst het gedeelde template en een pilot-URL. Taalpaar ontbreekt: bepaal of lokalisatie of bewust locale-specifiek gebruik nodig is.
en,https://go2-thailand.com/city/bangkok/attractions/khao-san-road/,/city/bangkok/attractions/khao-san-road/,/city/bangkok/attractions/khao-san-road/,attraction-detail,no,attraction-detail,template-improve,P2,provisional,Schaalbare familie; onderzoek en verbeter eerst het gedeelde template en een pilot-URL. Taalpaar ontbreekt: bepaal of lokalisatie of bewust locale-specifiek gebruik nodig is.
en,https://go2-thailand.com/city/bangkok/attractions/kudi-chin-community/,/city/bangkok/attractions/kudi-chin-community/,/city/bangkok/attractions/kudi-chin-community/,attraction-detail,no,attraction-detail,template-improve,P2,provisional,Schaalbare familie; onderzoek en verbeter eerst het gedeelde template en een pilot-URL. Taalpaar ontbreekt: bepaal of lokalisatie of bewust locale-specifiek gebruik nodig is.
en,https://go2-thailand.com/city/bangkok/attractions/lumpini-park/,/city/bangkok/attractions/lumpini-park/,/city/bangkok/attractions/lumpini-park/,attraction-detail,no,attraction-detail,template-improve,P2,provisional,Schaalbare familie; onderzoek en verbeter eerst het gedeelde template en een pilot-URL. Taalpaar ontbreekt: bepaal of lokalisatie of bewust locale-specifiek gebruik nodig is.
en,https://go2-thailand.com/city/bangkok/attractions/pak-khlong-talat/,/city/bangkok/attractions/pak-khlong-talat/,/city/bangkok/attractions/pak-khlong-talat/,attraction-detail,no,attraction-detail,template-improve,P2,provisional,Schaalbare familie; onderzoek en verbeter eerst het gedeelde template en een pilot-URL. Taalpaar ontbreekt: bepaal of lokalisatie of bewust locale-specifiek gebruik nodig is.
en,https://go2-thailand.com/city/bangkok/attractions/sea-life-bangkok-aquarium/,/city/bangkok/attractions/sea-life-bangkok-aquarium/,/city/bangkok/attractions/sea-life-bangkok-aquarium/,attraction-detail,no,attraction-detail,template-improve,P2,provisional,Schaalbare familie; onderzoek en verbeter eerst het gedeelde template en een pilot-URL. Taalpaar ontbreekt: bepaal of lokalisatie of bewust locale-specifiek gebruik nodig is.
en,https://go2-thailand.com/city/bangkok/attractions/siam-paragon/,/city/bangkok/attractions/siam-paragon/,/city/bangkok/attractions/siam-paragon/,attraction-detail,no,attraction-detail,template-improve,P2,provisional,Schaalbare familie; onderzoek en verbeter eerst het gedeelde template en een pilot-URL. Taalpaar ontbreekt: bepaal of lokalisatie of bewust locale-specifiek gebruik nodig is.
en,https://go2-thailand.com/city/bangkok/attractions/suan-pakkad-palace/,/city/bangkok/attractions/suan-pakkad-palace/,/city/bangkok/attractions/suan-pakkad-palace/,attraction-detail,no,attraction-detail,template-improve,P2,provisional,Schaalbare familie; onderzoek en verbeter eerst het gedeelde template en een pilot-URL. Taalpaar ontbreekt: bepaal of lokalisatie of bewust locale-specifiek gebruik nodig is.
en,https://go2-thailand.com/city/bangkok/attractions/talad-rot-fai-srinakarin/,/city/bangkok/attractions/talad-rot-fai-srinakarin/,/city/bangkok/attractions/talad-rot-fai-srinakarin/,attraction-detail,no,attraction-detail,template-improve,P2,provisional,Schaalbare familie; onderzoek en verbeter eerst het gedeelde template en een pilot-URL. Taalpaar ontbreekt: bepaal of lokalisatie of bewust locale-specifiek gebruik nodig is.
en,https://go2-thailand.com/city/bangkok/attractions/wat-arun/,/city/bangkok/attractions/wat-arun/,/city/bangkok/attractions/wat-arun/,attraction-detail,no,attraction-detail,template-improve,P2,provisional,Schaalbare familie; onderzoek en verbeter eerst het gedeelde template en een pilot-URL. Taalpaar ontbreekt: bepaal of lokalisatie of bewust locale-specifiek gebruik nodig is.
en,https://go2-thailand.com/city/bangkok/attractions/wat-pho/,/city/bangkok/attractions/wat-pho/,/city/bangkok/attractions/wat-pho/,attraction-detail,no,attraction-detail,template-improve,P2,provisional,Schaalbare familie; onderzoek en verbeter eerst het gedeelde template en een pilot-URL. Taalpaar ontbreekt: bepaal of lokalisatie of bewust locale-specifiek gebruik nodig is.
en,https://go2-thailand.com/city/chiang-mai/attractions/bua-thong-waterfalls/,/city/chiang-mai/attractions/bua-thong-waterfalls/,/city/chiang-mai/attractions/bua-thong-waterfalls/,attraction-detail,no,attraction-detail,template-improve,P2,provisional,Schaalbare familie; onderzoek en verbeter eerst het gedeelde template en een pilot-URL. Taalpaar ontbreekt: bepaal of lokalisatie of bewust locale-specifiek gebruik nodig is.
en,https://go2-thailand.com/city/chiang-mai/attractions/doi-inthanon/,/city/chiang-mai/attractions/doi-inthanon/,/city/chiang-mai/attractions/doi-inthanon/,attraction-detail,no,attraction-detail,template-improve,P2,provisional,Schaalbare familie; onderzoek en verbeter eerst het gedeelde template en een pilot-URL. Taalpaar ontbreekt: bepaal of lokalisatie of bewust locale-specifiek gebruik nodig is.
en,https://go2-thailand.com/city/chiang-mai/attractions/doi-suthep/,/city/chiang-mai/attractions/doi-suthep/,/city/chiang-mai/attractions/doi-suthep/,attraction-detail,no,attraction-detail,template-improve,P2,provisional,Schaalbare familie; onderzoek en verbeter eerst het gedeelde template en een pilot-URL. Taalpaar ontbreekt: bepaal of lokalisatie of bewust locale-specifiek gebruik nodig is.
en,https://go2-thailand.com/city/chiang-mai/attractions/elephant-nature-park/,/city/chiang-mai/attractions/elephant-nature-park/,/city/chiang-mai/attractions/elephant-nature-park/,attraction-detail,no,attraction-detail,template-improve,P2,provisional,Schaalbare familie; onderzoek en verbeter eerst het gedeelde template en een pilot-URL. Taalpaar ontbreekt: bepaal of lokalisatie of bewust locale-specifiek gebruik nodig is.
en,https://go2-thailand.com/city/chiang-mai/attractions/night-bazaar/,/city/chiang-mai/attractions/night-bazaar/,/city/chiang-mai/attractions/night-bazaar/,attraction-detail,no,attraction-detail,template-improve,P2,provisional,Schaalbare familie; onderzoek en verbeter eerst het gedeelde template en een pilot-URL. Taalpaar ontbreekt: bepaal of lokalisatie of bewust locale-specifiek gebruik nodig is.
en,https://go2-thailand.com/city/chiang-mai/attractions/old-city-chiang-mai/,/city/chiang-mai/attractions/old-city-chiang-mai/,/city/chiang-mai/attractions/old-city-chiang-mai/,attraction-detail,no,attraction-detail,template-improve,P2,provisional,Schaalbare familie; onderzoek en verbeter eerst het gedeelde template en een pilot-URL. Taalpaar ontbreekt: bepaal of lokalisatie of bewust locale-specifiek gebruik nodig is.
en,https://go2-thailand.com/city/chiang-mai/attractions/saturday-night-market/,/city/chiang-mai/attractions/saturday-night-market/,/city/chiang-mai/attractions/saturday-night-market/,attraction-detail,no,attraction-detail,template-improve,P2,provisional,Schaalbare familie; onderzoek en verbeter eerst het gedeelde template en een pilot-URL. Taalpaar ontbreekt: bepaal of lokalisatie of bewust locale-specifiek gebruik nodig is.
en,https://go2-thailand.com/city/chiang-mai/attractions/sunday-night-market/,/city/chiang-mai/attractions/sunday-night-market/,/city/chiang-mai/attractions/sunday-night-market/,attraction-detail,no,attraction-detail,template-improve,P2,provisional,Schaalbare familie; onderzoek en verbeter eerst het gedeelde template en een pilot-URL. Taalpaar ontbreekt: bepaal of lokalisatie of bewust locale-specifiek gebruik nodig is.
en,https://go2-thailand.com/city/chiang-mai/attractions/wat-chedi-luang/,/city/chiang-mai/attractions/wat-chedi-luang/,/city/chiang-mai/attractions/wat-chedi-luang/,attraction-detail,no,attraction-detail,template-improve,P2,provisional,Schaalbare familie; onderzoek en verbeter eerst het gedeelde template en een pilot-URL. Taalpaar ontbreekt: bepaal of lokalisatie of bewust locale-specifiek gebruik nodig is.
en,https://go2-thailand.com/city/chiang-mai/attractions/wat-phra-singh/,/city/chiang-mai/attractions/wat-phra-singh/,/city/chiang-mai/attractions/wat-phra-singh/,attraction-detail,no,attraction-detail,template-improve,P2,provisional,Schaalbare familie; onderzoek en verbeter eerst het gedeelde template en een pilot-URL. Taalpaar ontbreekt: bepaal of lokalisatie of bewust locale-specifiek gebruik nodig is.
en,https://go2-thailand.com/city/phuket/attractions/bangla-road/,/city/phuket/attractions/bangla-road/,/city/phuket/attractions/bangla-road/,attraction-detail,no,attraction-detail,template-improve,P2,provisional,Schaalbare familie; onderzoek en verbeter eerst het gedeelde template en een pilot-URL. Taalpaar ontbreekt: bepaal of lokalisatie of bewust locale-specifiek gebruik nodig is.
en,https://go2-thailand.com/city/phuket/attractions/big-buddha-phuket/,/city/phuket/attractions/big-buddha-phuket/,/city/phuket/attractions/big-buddha-phuket/,attraction-detail,no,attraction-detail,template-improve,P2,provisional,Schaalbare familie; onderzoek en verbeter eerst het gedeelde template en een pilot-URL. Taalpaar ontbreekt: bepaal of lokalisatie of bewust locale-specifiek gebruik nodig is.
en,https://go2-thailand.com/city/phuket/attractions/james-bond-island/,/city/phuket/attractions/james-bond-island/,/city/phuket/attractions/james-bond-island/,attraction-detail,no,attraction-detail,template-improve,P2,provisional,Schaalbare familie; onderzoek en verbeter eerst het gedeelde template en een pilot-URL. Taalpaar ontbreekt: bepaal of lokalisatie of bewust locale-specifiek gebruik nodig is.
en,https://go2-thailand.com/city/phuket/attractions/karon-beach/,/city/phuket/attractions/karon-beach/,/city/phuket/attractions/karon-beach/,attraction-detail,no,attraction-detail,template-improve,P2,provisional,Schaalbare familie; onderzoek en verbeter eerst het gedeelde template en een pilot-URL. Taalpaar ontbreekt: bepaal of lokalisatie of bewust locale-specifiek gebruik nodig is.
en,https://go2-thailand.com/city/phuket/attractions/kata-beach/,/city/phuket/attractions/kata-beach/,/city/phuket/attractions/kata-beach/,attraction-detail,no,attraction-detail,template-improve,P2,provisional,Schaalbare familie; onderzoek en verbeter eerst het gedeelde template en een pilot-URL. Taalpaar ontbreekt: bepaal of lokalisatie of bewust locale-specifiek gebruik nodig is.
en,https://go2-thailand.com/city/phuket/attractions/patong-beach/,/city/phuket/attractions/patong-beach/,/city/phuket/attractions/patong-beach/,attraction-detail,no,attraction-detail,template-improve,P2,provisional,Schaalbare familie; onderzoek en verbeter eerst het gedeelde template en een pilot-URL. Taalpaar ontbreekt: bepaal of lokalisatie of bewust locale-specifiek gebruik nodig is.
en,https://go2-thailand.com/city/phuket/attractions/phi-phi-islands/,/city/phuket/attractions/phi-phi-islands/,/city/phuket/attractions/phi-phi-islands/,attraction-detail,no,attraction-detail,template-improve,P2,provisional,Schaalbare familie; onderzoek en verbeter eerst het gedeelde template en een pilot-URL. Taalpaar ontbreekt: bepaal of lokalisatie of bewust locale-specifiek gebruik nodig is.
en,https://go2-thailand.com/city/phuket/attractions/phuket-fantasea/,/city/phuket/attractions/phuket-fantasea/,/city/phuket/attractions/phuket-fantasea/,attraction-detail,no,attraction-detail,template-improve,P2,provisional,Schaalbare familie; onderzoek en verbeter eerst het gedeelde template en een pilot-URL. Taalpaar ontbreekt: bepaal of lokalisatie of bewust locale-specifiek gebruik nodig is.
en,https://go2-thailand.com/city/phuket/attractions/phuket-old-town/,/city/phuket/attractions/phuket-old-town/,/city/phuket/attractions/phuket-old-town/,attraction-detail,no,attraction-detail,template-improve,P2,provisional,Schaalbare familie; onderzoek en verbeter eerst het gedeelde template en een pilot-URL. Taalpaar ontbreekt: bepaal of lokalisatie of bewust locale-specifiek gebruik nodig is.
en,https://go2-thailand.com/city/phuket/attractions/wat-chalong/,/city/phuket/attractions/wat-chalong/,/city/phuket/attractions/wat-chalong/,attraction-detail,no,attraction-detail,template-improve,P2,provisional,Schaalbare familie; onderzoek en verbeter eerst het gedeelde template en een pilot-URL. Taalpaar ontbreekt: bepaal of lokalisatie of bewust locale-specifiek gebruik nodig is.
en,https://go2-thailand.com/city/pattaya/attractions/art-in-paradise/,/city/pattaya/attractions/art-in-paradise/,/city/pattaya/attractions/art-in-paradise/,attraction-detail,no,attraction-detail,template-improve,P2,provisional,Schaalbare familie; onderzoek en verbeter eerst het gedeelde template en een pilot-URL. Taalpaar ontbreekt: bepaal of lokalisatie of bewust locale-specifiek gebruik nodig is.
en,https://go2-thailand.com/city/pattaya/attractions/big-buddha-hill/,/city/pattaya/attractions/big-buddha-hill/,/city/pattaya/attractions/big-buddha-hill/,attraction-detail,no,attraction-detail,template-improve,P2,provisional,Schaalbare familie; onderzoek en verbeter eerst het gedeelde template en een pilot-URL. Taalpaar ontbreekt: bepaal of lokalisatie of bewust locale-specifiek gebruik nodig is.
en,https://go2-thailand.com/city/pattaya/attractions/cartoon-network-amazone/,/city/pattaya/attractions/cartoon-network-amazone/,/city/pattaya/attractions/cartoon-network-amazone/,attraction-detail,no,attraction-detail,template-improve,P2,provisional,Schaalbare familie; onderzoek en verbeter eerst het gedeelde template en een pilot-URL. Taalpaar ontbreekt: bepaal of lokalisatie of bewust locale-specifiek gebruik nodig is.
en,https://go2-thailand.com/city/pattaya/attractions/coral-island/,/city/pattaya/attractions/coral-island/,/city/pattaya/attractions/coral-island/,attraction-detail,no,attraction-detail,template-improve,P2,provisional,Schaalbare familie; onderzoek en verbeter eerst het gedeelde template en een pilot-URL. Taalpaar ontbreekt: bepaal of lokalisatie of bewust locale-specifiek gebruik nodig is.
en,https://go2-thailand.com/city/pattaya/attractions/jomtien-beach/,/city/pattaya/attractions/jomtien-beach/,/city/pattaya/attractions/jomtien-beach/,attraction-detail,no,attraction-detail,template-improve,P2,provisional,Schaalbare familie; onderzoek en verbeter eerst het gedeelde template en een pilot-URL. Taalpaar ontbreekt: bepaal of lokalisatie of bewust locale-specifiek gebruik nodig is.
en,https://go2-thailand.com/city/pattaya/attractions/nong-nooch-garden/,/city/pattaya/attractions/nong-nooch-garden/,/city/pattaya/attractions/nong-nooch-garden/,attraction-detail,no,attraction-detail,template-improve,P2,provisional,Schaalbare familie; onderzoek en verbeter eerst het gedeelde template en een pilot-URL. Taalpaar ontbreekt: bepaal of lokalisatie of bewust locale-specifiek gebruik nodig is.
en,https://go2-thailand.com/city/pattaya/attractions/pattaya-beach/,/city/pattaya/attractions/pattaya-beach/,/city/pattaya/attractions/pattaya-beach/,attraction-detail,no,attraction-detail,template-improve,P2,provisional,Schaalbare familie; onderzoek en verbeter eerst het gedeelde template en een pilot-URL. Taalpaar ontbreekt: bepaal of lokalisatie of bewust locale-specifiek gebruik nodig is.
en,https://go2-thailand.com/city/pattaya/attractions/pattaya-floating-market/,/city/pattaya/attractions/pattaya-floating-market/,/city/pattaya/attractions/pattaya-floating-market/,attraction-detail,no,attraction-detail,template-improve,P2,provisional,Schaalbare familie; onderzoek en verbeter eerst het gedeelde template en een pilot-URL. Taalpaar ontbreekt: bepaal of lokalisatie of bewust locale-specifiek gebruik nodig is.
en,https://go2-thailand.com/city/pattaya/attractions/sanctuary-of-truth/,/city/pattaya/attractions/sanctuary-of-truth/,/city/pattaya/attractions/sanctuary-of-truth/,attraction-detail,no,attraction-detail,template-improve,P2,provisional,Schaalbare familie; onderzoek en verbeter eerst het gedeelde template en een pilot-URL. Taalpaar ontbreekt: bepaal of lokalisatie of bewust locale-specifiek gebruik nodig is.
en,https://go2-thailand.com/city/pattaya/attractions/walking-street/,/city/pattaya/attractions/walking-street/,/city/pattaya/attractions/walking-street/,attraction-detail,no,attraction-detail,template-improve,P2,provisional,Schaalbare familie; onderzoek en verbeter eerst het gedeelde template en een pilot-URL. Taalpaar ontbreekt: bepaal of lokalisatie of bewust locale-specifiek gebruik nodig is.
en,https://go2-thailand.com/city/ayutthaya/attractions/ayutthaya-elephant-palace/,/city/ayutthaya/attractions/ayutthaya-elephant-palace/,/city/ayutthaya/attractions/ayutthaya-elephant-palace/,attraction-detail,no,attraction-detail,template-improve,P2,provisional,Schaalbare familie; onderzoek en verbeter eerst het gedeelde template en een pilot-URL. Taalpaar ontbreekt: bepaal of lokalisatie of bewust locale-specifiek gebruik nodig is.
en,https://go2-thailand.com/city/ayutthaya/attractions/ayutthaya-historical-park/,/city/ayutthaya/attractions/ayutthaya-historical-park/,/city/ayutthaya/attractions/ayutthaya-historical-park/,attraction-detail,no,attraction-detail,template-improve,P2,provisional,Schaalbare familie; onderzoek en verbeter eerst het gedeelde template en een pilot-URL. Taalpaar ontbreekt: bepaal of lokalisatie of bewust locale-specifiek gebruik nodig is.
en,https://go2-thailand.com/city/ayutthaya/attractions/bang-pa-in-palace/,/city/ayutthaya/attractions/bang-pa-in-palace/,/city/ayutthaya/attractions/bang-pa-in-palace/,attraction-detail,no,attraction-detail,template-improve,P2,provisional,Schaalbare familie; onderzoek en verbeter eerst het gedeelde template en een pilot-URL. Taalpaar ontbreekt: bepaal of lokalisatie of bewust locale-specifiek gebruik nodig is.
en,https://go2-thailand.com/city/ayutthaya/attractions/chao-sam-phraya-museum/,/city/ayutthaya/attractions/chao-sam-phraya-museum/,/city/ayutthaya/attractions/chao-sam-phraya-museum/,attraction-detail,no,attraction-detail,template-improve,P2,provisional,Schaalbare familie; onderzoek en verbeter eerst het gedeelde template en een pilot-URL. Taalpaar ontbreekt: bepaal of lokalisatie of bewust locale-specifiek gebruik nodig is.
en,https://go2-thailand.com/city/ayutthaya/attractions/wat-chaiwatthanaram/,/city/ayutthaya/attractions/wat-chaiwatthanaram/,/city/ayutthaya/attractions/wat-chaiwatthanaram/,attraction-detail,no,attraction-detail,template-improve,P2,provisional,Schaalbare familie; onderzoek en verbeter eerst het gedeelde template en een pilot-URL. Taalpaar ontbreekt: bepaal of lokalisatie of bewust locale-specifiek gebruik nodig is.
en,https://go2-thailand.com/city/ayutthaya/attractions/wat-lokayasutharam/,/city/ayutthaya/attractions/wat-lokayasutharam/,/city/ayutthaya/attractions/wat-lokayasutharam/,attraction-detail,no,attraction-detail,template-improve,P2,provisional,Schaalbare familie; onderzoek en verbeter eerst het gedeelde template en een pilot-URL. Taalpaar ontbreekt: bepaal of lokalisatie of bewust locale-specifiek gebruik nodig is.
en,https://go2-thailand.com/city/ayutthaya/attractions/wat-mahathat/,/city/ayutthaya/attractions/wat-mahathat/,/city/ayutthaya/attractions/wat-mahathat/,attraction-detail,no,attraction-detail,template-improve,P2,provisional,Schaalbare familie; onderzoek en verbeter eerst het gedeelde template en een pilot-URL. Taalpaar ontbreekt: bepaal of lokalisatie of bewust locale-specifiek gebruik nodig is.
en,https://go2-thailand.com/city/ayutthaya/attractions/wat-phra-si-sanphet/,/city/ayutthaya/attractions/wat-phra-si-sanphet/,/city/ayutthaya/attractions/wat-phra-si-sanphet/,attraction-detail,no,attraction-detail,template-improve,P2,provisional,Schaalbare familie; onderzoek en verbeter eerst het gedeelde template en een pilot-URL. Taalpaar ontbreekt: bepaal of lokalisatie of bewust locale-specifiek gebruik nodig is.
en,https://go2-thailand.com/city/ayutthaya/attractions/wat-ratchaburana/,/city/ayutthaya/attractions/wat-ratchaburana/,/city/ayutthaya/attractions/wat-ratchaburana/,attraction-detail,no,attraction-detail,template-improve,P2,provisional,Schaalbare familie; onderzoek en verbeter eerst het gedeelde template en een pilot-URL. Taalpaar ontbreekt: bepaal of lokalisatie of bewust locale-specifiek gebruik nodig is.
en,https://go2-thailand.com/city/ayutthaya/attractions/wat-yai-chai-mongkhon/,/city/ayutthaya/attractions/wat-yai-chai-mongkhon/,/city/ayutthaya/attractions/wat-yai-chai-mongkhon/,attraction-detail,no,attraction-detail,template-improve,P2,provisional,Schaalbare familie; onderzoek en verbeter eerst het gedeelde template en een pilot-URL. Taalpaar ontbreekt: bepaal of lokalisatie of bewust locale-specifiek gebruik nodig is.
en,https://go2-thailand.com/city/krabi/attractions/ao-nang-beach/,/city/krabi/attractions/ao-nang-beach/,/city/krabi/attractions/ao-nang-beach/,attraction-detail,no,attraction-detail,template-improve,P2,provisional,Schaalbare familie; onderzoek en verbeter eerst het gedeelde template en een pilot-URL. Taalpaar ontbreekt: bepaal of lokalisatie of bewust locale-specifiek gebruik nodig is.
en,https://go2-thailand.com/city/krabi/attractions/emerald-pool/,/city/krabi/attractions/emerald-pool/,/city/krabi/attractions/emerald-pool/,attraction-detail,no,attraction-detail,template-improve,P2,provisional,Schaalbare familie; onderzoek en verbeter eerst het gedeelde template en een pilot-URL. Taalpaar ontbreekt: bepaal of lokalisatie of bewust locale-specifiek gebruik nodig is.
en,https://go2-thailand.com/city/krabi/attractions/four-islands-tour/,/city/krabi/attractions/four-islands-tour/,/city/krabi/attractions/four-islands-tour/,attraction-detail,no,attraction-detail,template-improve,P2,provisional,Schaalbare familie; onderzoek en verbeter eerst het gedeelde template en een pilot-URL. Taalpaar ontbreekt: bepaal of lokalisatie of bewust locale-specifiek gebruik nodig is.
en,https://go2-thailand.com/city/krabi/attractions/hot-springs-waterfall/,/city/krabi/attractions/hot-springs-waterfall/,/city/krabi/attractions/hot-springs-waterfall/,attraction-detail,no,attraction-detail,template-improve,P2,provisional,Schaalbare familie; onderzoek en verbeter eerst het gedeelde template en een pilot-URL. Taalpaar ontbreekt: bepaal of lokalisatie of bewust locale-specifiek gebruik nodig is.
en,https://go2-thailand.com/city/krabi/attractions/klong-thom-hot-springs/,/city/krabi/attractions/klong-thom-hot-springs/,/city/krabi/attractions/klong-thom-hot-springs/,attraction-detail,no,attraction-detail,template-improve,P2,provisional,Schaalbare familie; onderzoek en verbeter eerst het gedeelde template en een pilot-URL. Taalpaar ontbreekt: bepaal of lokalisatie of bewust locale-specifiek gebruik nodig is.
en,https://go2-thailand.com/city/krabi/attractions/krabi-town-night-market/,/city/krabi/attractions/krabi-town-night-market/,/city/krabi/attractions/krabi-town-night-market/,attraction-detail,no,attraction-detail,template-improve,P2,provisional,Schaalbare familie; onderzoek en verbeter eerst het gedeelde template en een pilot-URL. Taalpaar ontbreekt: bepaal of lokalisatie of bewust locale-specifiek gebruik nodig is.
en,https://go2-thailand.com/city/krabi/attractions/phi-phi-islands-krabi/,/city/krabi/attractions/phi-phi-islands-krabi/,/city/krabi/attractions/phi-phi-islands-krabi/,attraction-detail,no,attraction-detail,template-improve,P2,provisional,Schaalbare familie; onderzoek en verbeter eerst het gedeelde template en een pilot-URL. Taalpaar ontbreekt: bepaal of lokalisatie of bewust locale-specifiek gebruik nodig is.
en,https://go2-thailand.com/city/krabi/attractions/railay-beach/,/city/krabi/attractions/railay-beach/,/city/krabi/attractions/railay-beach/,attraction-detail,no,attraction-detail,template-improve,P2,provisional,Schaalbare familie; onderzoek en verbeter eerst het gedeelde template en een pilot-URL. Taalpaar ontbreekt: bepaal of lokalisatie of bewust locale-specifiek gebruik nodig is.
en,https://go2-thailand.com/city/krabi/attractions/thung-teao-forest-park/,/city/krabi/attractions/thung-teao-forest-park/,/city/krabi/attractions/thung-teao-forest-park/,attraction-detail,no,attraction-detail,template-improve,P2,provisional,Schaalbare familie; onderzoek en verbeter eerst het gedeelde template en een pilot-URL. Taalpaar ontbreekt: bepaal of lokalisatie of bewust locale-specifiek gebruik nodig is.
en,https://go2-thailand.com/city/krabi/attractions/tiger-cave-temple/,/city/krabi/attractions/tiger-cave-temple/,/city/krabi/attractions/tiger-cave-temple/,attraction-detail,no,attraction-detail,template-improve,P2,provisional,Schaalbare familie; onderzoek en verbeter eerst het gedeelde template en een pilot-URL. Taalpaar ontbreekt: bepaal of lokalisatie of bewust locale-specifiek gebruik nodig is.
en,https://go2-thailand.com/city/chiang-rai/attractions/black-house/,/city/chiang-rai/attractions/black-house/,/city/chiang-rai/attractions/black-house/,attraction-detail,no,attraction-detail,template-improve,P2,provisional,Schaalbare familie; onderzoek en verbeter eerst het gedeelde template en een pilot-URL. Taalpaar ontbreekt: bepaal of lokalisatie of bewust locale-specifiek gebruik nodig is.
en,https://go2-thailand.com/city/chiang-rai/attractions/blue-temple/,/city/chiang-rai/attractions/blue-temple/,/city/chiang-rai/attractions/blue-temple/,attraction-detail,yes,attraction-detail,template-improve,P2,provisional,Schaalbare familie; onderzoek en verbeter eerst het gedeelde template en een pilot-URL.
en,https://go2-thailand.com/city/chiang-rai/attractions/chiang-rai-night-bazaar/,/city/chiang-rai/attractions/chiang-rai-night-bazaar/,/city/chiang-rai/attractions/chiang-rai-night-bazaar/,attraction-detail,no,attraction-detail,template-improve,P2,provisional,Schaalbare familie; onderzoek en verbeter eerst het gedeelde template en een pilot-URL. Taalpaar ontbreekt: bepaal of lokalisatie of bewust locale-specifiek gebruik nodig is.
en,https://go2-thailand.com/city/chiang-rai/attractions/doi-tung-royal-villa/,/city/chiang-rai/attractions/doi-tung-royal-villa/,/city/chiang-rai/attractions/doi-tung-royal-villa/,attraction-detail,no,attraction-detail,template-improve,P2,provisional,Schaalbare familie; onderzoek en verbeter eerst het gedeelde template en een pilot-URL. Taalpaar ontbreekt: bepaal of lokalisatie of bewust locale-specifiek gebruik nodig is.
en,https://go2-thailand.com/city/chiang-rai/attractions/golden-triangle/,/city/chiang-rai/attractions/golden-triangle/,/city/chiang-rai/attractions/golden-triangle/,attraction-detail,no,attraction-detail,template-improve,P2,provisional,Schaalbare familie; onderzoek en verbeter eerst het gedeelde template en een pilot-URL. Taalpaar ontbreekt: bepaal of lokalisatie of bewust locale-specifiek gebruik nodig is.
en,https://go2-thailand.com/city/chiang-rai/attractions/hill-tribe-villages/,/city/chiang-rai/attractions/hill-tribe-villages/,/city/chiang-rai/attractions/hill-tribe-villages/,attraction-detail,no,attraction-detail,template-improve,P2,provisional,Schaalbare familie; onderzoek en verbeter eerst het gedeelde template en een pilot-URL. Taalpaar ontbreekt: bepaal of lokalisatie of bewust locale-specifiek gebruik nodig is.
en,https://go2-thailand.com/city/chiang-rai/attractions/mae-fah-luang-garden/,/city/chiang-rai/attractions/mae-fah-luang-garden/,/city/chiang-rai/attractions/mae-fah-luang-garden/,attraction-detail,no,attraction-detail,template-improve,P2,provisional,Schaalbare familie; onderzoek en verbeter eerst het gedeelde template en een pilot-URL. Taalpaar ontbreekt: bepaal of lokalisatie of bewust locale-specifiek gebruik nodig is.
en,https://go2-thailand.com/city/chiang-rai/attractions/singha-park/,/city/chiang-rai/attractions/singha-park/,/city/chiang-rai/attractions/singha-park/,attraction-detail,no,attraction-detail,template-improve,P2,provisional,Schaalbare familie; onderzoek en verbeter eerst het gedeelde template en een pilot-URL. Taalpaar ontbreekt: bepaal of lokalisatie of bewust locale-specifiek gebruik nodig is.
en,https://go2-thailand.com/city/chiang-rai/attractions/wat-phra-kaew/,/city/chiang-rai/attractions/wat-phra-kaew/,/city/chiang-rai/attractions/wat-phra-kaew/,attraction-detail,no,attraction-detail,template-improve,P2,provisional,Schaalbare familie; onderzoek en verbeter eerst het gedeelde template en een pilot-URL. Taalpaar ontbreekt: bepaal of lokalisatie of bewust locale-specifiek gebruik nodig is.
en,https://go2-thailand.com/city/chiang-rai/attractions/white-temple/,/city/chiang-rai/attractions/white-temple/,/city/chiang-rai/attractions/white-temple/,attraction-detail,no,attraction-detail,template-improve,P2,provisional,Schaalbare familie; onderzoek en verbeter eerst het gedeelde template en een pilot-URL. Taalpaar ontbreekt: bepaal of lokalisatie of bewust locale-specifiek gebruik nodig is.
en,https://go2-thailand.com/city/hat-yai/attractions/asean-night-bazaar/,/city/hat-yai/attractions/asean-night-bazaar/,/city/hat-yai/attractions/asean-night-bazaar/,attraction-detail,no,attraction-detail,template-improve,P2,provisional,Schaalbare familie; onderzoek en verbeter eerst het gedeelde template en een pilot-URL. Taalpaar ontbreekt: bepaal of lokalisatie of bewust locale-specifiek gebruik nodig is.
en,https://go2-thailand.com/city/hat-yai/attractions/central-festival-hat-yai/,/city/hat-yai/attractions/central-festival-hat-yai/,/city/hat-yai/attractions/central-festival-hat-yai/,attraction-detail,no,attraction-detail,template-improve,P2,provisional,Schaalbare familie; onderzoek en verbeter eerst het gedeelde template en een pilot-URL. Taalpaar ontbreekt: bepaal of lokalisatie of bewust locale-specifiek gebruik nodig is.
en,https://go2-thailand.com/city/hat-yai/attractions/hat-yai-floating-market/,/city/hat-yai/attractions/hat-yai-floating-market/,/city/hat-yai/attractions/hat-yai-floating-market/,attraction-detail,no,attraction-detail,template-improve,P2,provisional,Schaalbare familie; onderzoek en verbeter eerst het gedeelde template en een pilot-URL. Taalpaar ontbreekt: bepaal of lokalisatie of bewust locale-specifiek gebruik nodig is.
en,https://go2-thailand.com/city/hat-yai/attractions/hat-yai-ice-dome/,/city/hat-yai/attractions/hat-yai-ice-dome/,/city/hat-yai/attractions/hat-yai-ice-dome/,attraction-detail,no,attraction-detail,template-improve,P2,provisional,Schaalbare familie; onderzoek en verbeter eerst het gedeelde template en een pilot-URL. Taalpaar ontbreekt: bepaal of lokalisatie of bewust locale-specifiek gebruik nodig is.
en,https://go2-thailand.com/city/hat-yai/attractions/hat-yai-municipal-park/,/city/hat-yai/attractions/hat-yai-municipal-park/,/city/hat-yai/attractions/hat-yai-municipal-park/,attraction-detail,no,attraction-detail,template-improve,P2,provisional,Schaalbare familie; onderzoek en verbeter eerst het gedeelde template en een pilot-URL. Taalpaar ontbreekt: bepaal of lokalisatie of bewust locale-specifiek gebruik nodig is.
en,https://go2-thailand.com/city/hat-yai/attractions/kim-yong-market/,/city/hat-yai/attractions/kim-yong-market/,/city/hat-yai/attractions/kim-yong-market/,attraction-detail,no,attraction-detail,template-improve,P2,provisional,Schaalbare familie; onderzoek en verbeter eerst het gedeelde template en een pilot-URL. Taalpaar ontbreekt: bepaal of lokalisatie of bewust locale-specifiek gebruik nodig is.
en,https://go2-thailand.com/city/hat-yai/attractions/lee-garden-plaza/,/city/hat-yai/attractions/lee-garden-plaza/,/city/hat-yai/attractions/lee-garden-plaza/,attraction-detail,no,attraction-detail,template-improve,P2,provisional,Schaalbare familie; onderzoek en verbeter eerst het gedeelde template en een pilot-URL. Taalpaar ontbreekt: bepaal of lokalisatie of bewust locale-specifiek gebruik nodig is.
en,https://go2-thailand.com/city/hat-yai/attractions/songkhla-old-town/,/city/hat-yai/attractions/songkhla-old-town/,/city/hat-yai/attractions/songkhla-old-town/,attraction-detail,no,attraction-detail,template-improve,P2,provisional,Schaalbare familie; onderzoek en verbeter eerst het gedeelde template en een pilot-URL. Taalpaar ontbreekt: bepaal of lokalisatie of bewust locale-specifiek gebruik nodig is.
en,https://go2-thailand.com/city/hat-yai/attractions/ton-nga-chang-waterfall/,/city/hat-yai/attractions/ton-nga-chang-waterfall/,/city/hat-yai/attractions/ton-nga-chang-waterfall/,attraction-detail,no,attraction-detail,template-improve,P2,provisional,Schaalbare familie; onderzoek en verbeter eerst het gedeelde template en een pilot-URL. Taalpaar ontbreekt: bepaal of lokalisatie of bewust locale-specifiek gebruik nodig is.
en,https://go2-thailand.com/city/hat-yai/attractions/wat-hat-yai-nai/,/city/hat-yai/attractions/wat-hat-yai-nai/,/city/hat-yai/attractions/wat-hat-yai-nai/,attraction-detail,no,attraction-detail,template-improve,P2,provisional,Schaalbare familie; onderzoek en verbeter eerst het gedeelde template en een pilot-URL. Taalpaar ontbreekt: bepaal of lokalisatie of bewust locale-specifiek gebruik nodig is.
en,https://go2-thailand.com/city/sukhothai/attractions/ramkhamhaeng-national-museum/,/city/sukhothai/attractions/ramkhamhaeng-national-museum/,/city/sukhothai/attractions/ramkhamhaeng-national-museum/,attraction-detail,no,attraction-detail,template-improve,P2,provisional,Schaalbare familie; onderzoek en verbeter eerst het gedeelde template en een pilot-URL. Taalpaar ontbreekt: bepaal of lokalisatie of bewust locale-specifiek gebruik nodig is.
en,https://go2-thailand.com/city/sukhothai/attractions/si-satchanalai-historical-park/,/city/sukhothai/attractions/si-satchanalai-historical-park/,/city/sukhothai/attractions/si-satchanalai-historical-park/,attraction-detail,no,attraction-detail,template-improve,P2,provisional,Schaalbare familie; onderzoek en verbeter eerst het gedeelde template en een pilot-URL. Taalpaar ontbreekt: bepaal of lokalisatie of bewust locale-specifiek gebruik nodig is.
en,https://go2-thailand.com/city/sukhothai/attractions/sukhothai-historical-park/,/city/sukhothai/attractions/sukhothai-historical-park/,/city/sukhothai/attractions/sukhothai-historical-park/,attraction-detail,no,attraction-detail,template-improve,P2,provisional,Schaalbare familie; onderzoek en verbeter eerst het gedeelde template en een pilot-URL. Taalpaar ontbreekt: bepaal of lokalisatie of bewust locale-specifiek gebruik nodig is.
en,https://go2-thailand.com/city/sukhothai/attractions/sukhothai-night-market/,/city/sukhothai/attractions/sukhothai-night-market/,/city/sukhothai/attractions/sukhothai-night-market/,attraction-detail,no,attraction-detail,template-improve,P2,provisional,Schaalbare familie; onderzoek en verbeter eerst het gedeelde template en een pilot-URL. Taalpaar ontbreekt: bepaal of lokalisatie of bewust locale-specifiek gebruik nodig is.
en,https://go2-thailand.com/city/sukhothai/attractions/wat-chang-lom/,/city/sukhothai/attractions/wat-chang-lom/,/city/sukhothai/attractions/wat-chang-lom/,attraction-detail,no,attraction-detail,template-improve,P2,provisional,Schaalbare familie; onderzoek en verbeter eerst het gedeelde template en een pilot-URL. Taalpaar ontbreekt: bepaal of lokalisatie of bewust locale-specifiek gebruik nodig is.
en,https://go2-thailand.com/city/sukhothai/attractions/wat-mahathat-sukhothai/,/city/sukhothai/attractions/wat-mahathat-sukhothai/,/city/sukhothai/attractions/wat-mahathat-sukhothai/,attraction-detail,no,attraction-detail,template-improve,P2,provisional,Schaalbare familie; onderzoek en verbeter eerst het gedeelde template en een pilot-URL. Taalpaar ontbreekt: bepaal of lokalisatie of bewust locale-specifiek gebruik nodig is.
en,https://go2-thailand.com/city/sukhothai/attractions/wat-sa-si/,/city/sukhothai/attractions/wat-sa-si/,/city/sukhothai/attractions/wat-sa-si/,attraction-detail,no,attraction-detail,template-improve,P2,provisional,Schaalbare familie; onderzoek en verbeter eerst het gedeelde template en een pilot-URL. Taalpaar ontbreekt: bepaal of lokalisatie of bewust locale-specifiek gebruik nodig is.
en,https://go2-thailand.com/city/sukhothai/attractions/wat-saphan-hin/,/city/sukhothai/attractions/wat-saphan-hin/,/city/sukhothai/attractions/wat-saphan-hin/,attraction-detail,no,attraction-detail,template-improve,P2,provisional,Schaalbare familie; onderzoek en verbeter eerst het gedeelde template en een pilot-URL. Taalpaar ontbreekt: bepaal of lokalisatie of bewust locale-specifiek gebruik nodig is.
en,https://go2-thailand.com/city/sukhothai/attractions/wat-si-chum/,/city/sukhothai/attractions/wat-si-chum/,/city/sukhothai/attractions/wat-si-chum/,attraction-detail,no,attraction-detail,template-improve,P2,provisional,Schaalbare familie; onderzoek en verbeter eerst het gedeelde template en een pilot-URL. Taalpaar ontbreekt: bepaal of lokalisatie of bewust locale-specifiek gebruik nodig is.
en,https://go2-thailand.com/city/sukhothai/attractions/yom-river/,/city/sukhothai/attractions/yom-river/,/city/sukhothai/attractions/yom-river/,attraction-detail,no,attraction-detail,template-improve,P2,provisional,Schaalbare familie; onderzoek en verbeter eerst het gedeelde template en een pilot-URL. Taalpaar ontbreekt: bepaal of lokalisatie of bewust locale-specifiek gebruik nodig is.
en,https://go2-thailand.com/city/surat-thani/attractions/ban-don-bay/,/city/surat-thani/attractions/ban-don-bay/,/city/surat-thani/attractions/ban-don-bay/,attraction-detail,no,attraction-detail,template-improve,P2,provisional,Schaalbare familie; onderzoek en verbeter eerst het gedeelde template en een pilot-URL. Taalpaar ontbreekt: bepaal of lokalisatie of bewust locale-specifiek gebruik nodig is.
en,https://go2-thailand.com/city/surat-thani/attractions/chaiya-national-museum/,/city/surat-thani/attractions/chaiya-national-museum/,/city/surat-thani/attractions/chaiya-national-museum/,attraction-detail,no,attraction-detail,template-improve,P2,provisional,Schaalbare familie; onderzoek en verbeter eerst het gedeelde template en een pilot-URL. Taalpaar ontbreekt: bepaal of lokalisatie of bewust locale-specifiek gebruik nodig is.
en,https://go2-thailand.com/city/surat-thani/attractions/khao-sok-national-park/,/city/surat-thani/attractions/khao-sok-national-park/,/city/surat-thani/attractions/khao-sok-national-park/,attraction-detail,no,attraction-detail,template-improve,P2,provisional,Schaalbare familie; onderzoek en verbeter eerst het gedeelde template en een pilot-URL. Taalpaar ontbreekt: bepaal of lokalisatie of bewust locale-specifiek gebruik nodig is.
en,https://go2-thailand.com/city/surat-thani/attractions/koh-samui-ferry/,/city/surat-thani/attractions/koh-samui-ferry/,/city/surat-thani/attractions/koh-samui-ferry/,attraction-detail,no,attraction-detail,template-improve,P2,provisional,Schaalbare familie; onderzoek en verbeter eerst het gedeelde template en een pilot-URL. Taalpaar ontbreekt: bepaal of lokalisatie of bewust locale-specifiek gebruik nodig is.
en,https://go2-thailand.com/city/surat-thani/attractions/ratchaprapha-dam/,/city/surat-thani/attractions/ratchaprapha-dam/,/city/surat-thani/attractions/ratchaprapha-dam/,attraction-detail,no,attraction-detail,template-improve,P2,provisional,Schaalbare familie; onderzoek en verbeter eerst het gedeelde template en een pilot-URL. Taalpaar ontbreekt: bepaal of lokalisatie of bewust locale-specifiek gebruik nodig is.
en,https://go2-thailand.com/city/surat-thani/attractions/surat-thani-city-pillar-shrine/,/city/surat-thani/attractions/surat-thani-city-pillar-shrine/,/city/surat-thani/attractions/surat-thani-city-pillar-shrine/,attraction-detail,no,attraction-detail,template-improve,P2,provisional,Schaalbare familie; onderzoek en verbeter eerst het gedeelde template en een pilot-URL. Taalpaar ontbreekt: bepaal of lokalisatie of bewust locale-specifiek gebruik nodig is.
en,https://go2-thailand.com/city/surat-thani/attractions/surat-thani-night-market/,/city/surat-thani/attractions/surat-thani-night-market/,/city/surat-thani/attractions/surat-thani-night-market/,attraction-detail,no,attraction-detail,template-improve,P2,provisional,Schaalbare familie; onderzoek en verbeter eerst het gedeelde template en een pilot-URL. Taalpaar ontbreekt: bepaal of lokalisatie of bewust locale-specifiek gebruik nodig is.
en,https://go2-thailand.com/city/surat-thani/attractions/surat-thani-walking-street/,/city/surat-thani/attractions/surat-thani-walking-street/,/city/surat-thani/attractions/surat-thani-walking-street/,attraction-detail,no,attraction-detail,template-improve,P2,provisional,Schaalbare familie; onderzoek en verbeter eerst het gedeelde template en een pilot-URL. Taalpaar ontbreekt: bepaal of lokalisatie of bewust locale-specifiek gebruik nodig is.
en,https://go2-thailand.com/city/surat-thani/attractions/tapee-river/,/city/surat-thani/attractions/tapee-river/,/city/surat-thani/attractions/tapee-river/,attraction-detail,no,attraction-detail,template-improve,P2,provisional,Schaalbare familie; onderzoek en verbeter eerst het gedeelde template en een pilot-URL. Taalpaar ontbreekt: bepaal of lokalisatie of bewust locale-specifiek gebruik nodig is.
en,https://go2-thailand.com/city/surat-thani/attractions/wat-phra-borommathat-chaiya/,/city/surat-thani/attractions/wat-phra-borommathat-chaiya/,/city/surat-thani/attractions/wat-phra-borommathat-chaiya/,attraction-detail,no,attraction-detail,template-improve,P2,provisional,Schaalbare familie; onderzoek en verbeter eerst het gedeelde template en een pilot-URL. Taalpaar ontbreekt: bepaal of lokalisatie of bewust locale-specifiek gebruik nodig is.
en,https://go2-thailand.com/city/pai/attractions/boon-ko-ku-so-bamboo-bridge/,/city/pai/attractions/boon-ko-ku-so-bamboo-bridge/,/city/pai/attractions/boon-ko-ku-so-bamboo-bridge/,attraction-detail,no,attraction-detail,template-improve,P2,provisional,Schaalbare familie; onderzoek en verbeter eerst het gedeelde template en een pilot-URL. Taalpaar ontbreekt: bepaal of lokalisatie of bewust locale-specifiek gebruik nodig is.
en,https://go2-thailand.com/city/pai/attractions/chinese-village-santichon/,/city/pai/attractions/chinese-village-santichon/,/city/pai/attractions/chinese-village-santichon/,attraction-detail,no,attraction-detail,template-improve,P2,provisional,Schaalbare familie; onderzoek en verbeter eerst het gedeelde template en een pilot-URL. Taalpaar ontbreekt: bepaal of lokalisatie of bewust locale-specifiek gebruik nodig is.
en,https://go2-thailand.com/city/pai/attractions/mo-paeng-waterfall/,/city/pai/attractions/mo-paeng-waterfall/,/city/pai/attractions/mo-paeng-waterfall/,attraction-detail,no,attraction-detail,template-improve,P2,provisional,Schaalbare familie; onderzoek en verbeter eerst het gedeelde template en een pilot-URL. Taalpaar ontbreekt: bepaal of lokalisatie of bewust locale-specifiek gebruik nodig is.
en,https://go2-thailand.com/city/pai/attractions/pai-canyon/,/city/pai/attractions/pai-canyon/,/city/pai/attractions/pai-canyon/,attraction-detail,no,attraction-detail,template-improve,P2,provisional,Schaalbare familie; onderzoek en verbeter eerst het gedeelde template en een pilot-URL. Taalpaar ontbreekt: bepaal of lokalisatie of bewust locale-specifiek gebruik nodig is.
en,https://go2-thailand.com/city/pai/attractions/pai-hot-springs/,/city/pai/attractions/pai-hot-springs/,/city/pai/attractions/pai-hot-springs/,attraction-detail,no,attraction-detail,template-improve,P2,provisional,Schaalbare familie; onderzoek en verbeter eerst het gedeelde template en een pilot-URL. Taalpaar ontbreekt: bepaal of lokalisatie of bewust locale-specifiek gebruik nodig is.
en,https://go2-thailand.com/city/pai/attractions/pai-walking-street/,/city/pai/attractions/pai-walking-street/,/city/pai/attractions/pai-walking-street/,attraction-detail,no,attraction-detail,template-improve,P2,provisional,Schaalbare familie; onderzoek en verbeter eerst het gedeelde template en een pilot-URL. Taalpaar ontbreekt: bepaal of lokalisatie of bewust locale-specifiek gebruik nodig is.
en,https://go2-thailand.com/city/pai/attractions/pam-bok-waterfall/,/city/pai/attractions/pam-bok-waterfall/,/city/pai/attractions/pam-bok-waterfall/,attraction-detail,no,attraction-detail,template-improve,P2,provisional,Schaalbare familie; onderzoek en verbeter eerst het gedeelde template en een pilot-URL. Taalpaar ontbreekt: bepaal of lokalisatie of bewust locale-specifiek gebruik nodig is.
en,https://go2-thailand.com/city/pai/attractions/wat-nam-hoo/,/city/pai/attractions/wat-nam-hoo/,/city/pai/attractions/wat-nam-hoo/,attraction-detail,no,attraction-detail,template-improve,P2,provisional,Schaalbare familie; onderzoek en verbeter eerst het gedeelde template en een pilot-URL. Taalpaar ontbreekt: bepaal of lokalisatie of bewust locale-specifiek gebruik nodig is.
en,https://go2-thailand.com/city/pai/attractions/yun-lai-viewpoint/,/city/pai/attractions/yun-lai-viewpoint/,/city/pai/attractions/yun-lai-viewpoint/,attraction-detail,no,attraction-detail,template-improve,P2,provisional,Schaalbare familie; onderzoek en verbeter eerst het gedeelde template en een pilot-URL. Taalpaar ontbreekt: bepaal of lokalisatie of bewust locale-specifiek gebruik nodig is.
en,https://go2-thailand.com/city/mae-hong-son/attractions/ban-rak-thai/,/city/mae-hong-son/attractions/ban-rak-thai/,/city/mae-hong-son/attractions/ban-rak-thai/,attraction-detail,no,attraction-detail,template-improve,P2,provisional,Schaalbare familie; onderzoek en verbeter eerst het gedeelde template en een pilot-URL. Taalpaar ontbreekt: bepaal of lokalisatie of bewust locale-specifiek gebruik nodig is.
en,https://go2-thailand.com/city/mae-hong-son/attractions/mae-hong-son-morning-market/,/city/mae-hong-son/attractions/mae-hong-son-morning-market/,/city/mae-hong-son/attractions/mae-hong-son-morning-market/,attraction-detail,no,attraction-detail,template-improve,P2,provisional,Schaalbare familie; onderzoek en verbeter eerst het gedeelde template en een pilot-URL. Taalpaar ontbreekt: bepaal of lokalisatie of bewust locale-specifiek gebruik nodig is.
en,https://go2-thailand.com/city/mae-hong-son/attractions/pang-ung/,/city/mae-hong-son/attractions/pang-ung/,/city/mae-hong-son/attractions/pang-ung/,attraction-detail,no,attraction-detail,template-improve,P2,provisional,Schaalbare familie; onderzoek en verbeter eerst het gedeelde template en een pilot-URL. Taalpaar ontbreekt: bepaal of lokalisatie of bewust locale-specifiek gebruik nodig is.
en,https://go2-thailand.com/city/mae-hong-son/attractions/pha-sua-waterfall/,/city/mae-hong-son/attractions/pha-sua-waterfall/,/city/mae-hong-son/attractions/pha-sua-waterfall/,attraction-detail,no,attraction-detail,template-improve,P2,provisional,Schaalbare familie; onderzoek en verbeter eerst het gedeelde template en een pilot-URL. Taalpaar ontbreekt: bepaal of lokalisatie of bewust locale-specifiek gebruik nodig is.
en,https://go2-thailand.com/city/mae-hong-son/attractions/su-tong-pae-bridge/,/city/mae-hong-son/attractions/su-tong-pae-bridge/,/city/mae-hong-son/attractions/su-tong-pae-bridge/,attraction-detail,no,attraction-detail,template-improve,P2,provisional,Schaalbare familie; onderzoek en verbeter eerst het gedeelde template en een pilot-URL. Taalpaar ontbreekt: bepaal of lokalisatie of bewust locale-specifiek gebruik nodig is.
en,https://go2-thailand.com/city/mae-hong-son/attractions/tham-lod-cave/,/city/mae-hong-son/attractions/tham-lod-cave/,/city/mae-hong-son/attractions/tham-lod-cave/,attraction-detail,no,attraction-detail,template-improve,P2,provisional,Schaalbare familie; onderzoek en verbeter eerst het gedeelde template en een pilot-URL. Taalpaar ontbreekt: bepaal of lokalisatie of bewust locale-specifiek gebruik nodig is.
en,https://go2-thailand.com/city/mae-hong-son/attractions/tham-pla-fish-cave/,/city/mae-hong-son/attractions/tham-pla-fish-cave/,/city/mae-hong-son/attractions/tham-pla-fish-cave/,attraction-detail,no,attraction-detail,template-improve,P2,provisional,Schaalbare familie; onderzoek en verbeter eerst het gedeelde template en een pilot-URL. Taalpaar ontbreekt: bepaal of lokalisatie of bewust locale-specifiek gebruik nodig is.
en,https://go2-thailand.com/city/mae-hong-son/attractions/wat-jong-kham-and-jong-klang/,/city/mae-hong-son/attractions/wat-jong-kham-and-jong-klang/,/city/mae-hong-son/attractions/wat-jong-kham-and-jong-klang/,attraction-detail,no,attraction-detail,template-improve,P2,provisional,Schaalbare familie; onderzoek en verbeter eerst het gedeelde template en een pilot-URL. Taalpaar ontbreekt: bepaal of lokalisatie of bewust locale-specifiek gebruik nodig is.
en,https://go2-thailand.com/city/mae-hong-son/attractions/wat-phra-that-doi-kong-mu/,/city/mae-hong-son/attractions/wat-phra-that-doi-kong-mu/,/city/mae-hong-son/attractions/wat-phra-that-doi-kong-mu/,attraction-detail,no,attraction-detail,template-improve,P2,provisional,Schaalbare familie; onderzoek en verbeter eerst het gedeelde template en een pilot-URL. Taalpaar ontbreekt: bepaal of lokalisatie of bewust locale-specifiek gebruik nodig is.
en,https://go2-thailand.com/city/lampang/attractions/ban-sao-nak/,/city/lampang/attractions/ban-sao-nak/,/city/lampang/attractions/ban-sao-nak/,attraction-detail,no,attraction-detail,template-improve,P2,provisional,Schaalbare familie; onderzoek en verbeter eerst het gedeelde template en een pilot-URL. Taalpaar ontbreekt: bepaal of lokalisatie of bewust locale-specifiek gebruik nodig is.
en,https://go2-thailand.com/city/lampang/attractions/chae-son-national-park/,/city/lampang/attractions/chae-son-national-park/,/city/lampang/attractions/chae-son-national-park/,attraction-detail,no,attraction-detail,template-improve,P2,provisional,Schaalbare familie; onderzoek en verbeter eerst het gedeelde template en een pilot-URL. Taalpaar ontbreekt: bepaal of lokalisatie of bewust locale-specifiek gebruik nodig is.
en,https://go2-thailand.com/city/lampang/attractions/dhanabadee-ceramic-museum/,/city/lampang/attractions/dhanabadee-ceramic-museum/,/city/lampang/attractions/dhanabadee-ceramic-museum/,attraction-detail,no,attraction-detail,template-improve,P2,provisional,Schaalbare familie; onderzoek en verbeter eerst het gedeelde template en een pilot-URL. Taalpaar ontbreekt: bepaal of lokalisatie of bewust locale-specifiek gebruik nodig is.
en,https://go2-thailand.com/city/lampang/attractions/horse-drawn-carriage-tour/,/city/lampang/attractions/horse-drawn-carriage-tour/,/city/lampang/attractions/horse-drawn-carriage-tour/,attraction-detail,no,attraction-detail,template-improve,P2,provisional,Schaalbare familie; onderzoek en verbeter eerst het gedeelde template en een pilot-URL. Taalpaar ontbreekt: bepaal of lokalisatie of bewust locale-specifiek gebruik nodig is.
en,https://go2-thailand.com/city/lampang/attractions/kad-kong-ta-walking-street/,/city/lampang/attractions/kad-kong-ta-walking-street/,/city/lampang/attractions/kad-kong-ta-walking-street/,attraction-detail,no,attraction-detail,template-improve,P2,provisional,Schaalbare familie; onderzoek en verbeter eerst het gedeelde template en een pilot-URL. Taalpaar ontbreekt: bepaal of lokalisatie of bewust locale-specifiek gebruik nodig is.
en,https://go2-thailand.com/city/lampang/attractions/thai-elephant-conservation-center/,/city/lampang/attractions/thai-elephant-conservation-center/,/city/lampang/attractions/thai-elephant-conservation-center/,attraction-detail,no,attraction-detail,template-improve,P2,provisional,Schaalbare familie; onderzoek en verbeter eerst het gedeelde template en een pilot-URL. Taalpaar ontbreekt: bepaal of lokalisatie of bewust locale-specifiek gebruik nodig is.
en,https://go2-thailand.com/city/lampang/attractions/wat-chedi-sao-lang/,/city/lampang/attractions/wat-chedi-sao-lang/,/city/lampang/attractions/wat-chedi-sao-lang/,attraction-detail,no,attraction-detail,template-improve,P2,provisional,Schaalbare familie; onderzoek en verbeter eerst het gedeelde template en een pilot-URL. Taalpaar ontbreekt: bepaal of lokalisatie of bewust locale-specifiek gebruik nodig is.
en,https://go2-thailand.com/city/lampang/attractions/wat-phra-kaew-don-tao/,/city/lampang/attractions/wat-phra-kaew-don-tao/,/city/lampang/attractions/wat-phra-kaew-don-tao/,attraction-detail,no,attraction-detail,template-improve,P2,provisional,Schaalbare familie; onderzoek en verbeter eerst het gedeelde template en een pilot-URL. Taalpaar ontbreekt: bepaal of lokalisatie of bewust locale-specifiek gebruik nodig is.
en,https://go2-thailand.com/city/lampang/attractions/wat-phra-that-lampang-luang/,/city/lampang/attractions/wat-phra-that-lampang-luang/,/city/lampang/attractions/wat-phra-that-lampang-luang/,attraction-detail,no,attraction-detail,template-improve,P2,provisional,Schaalbare familie; onderzoek en verbeter eerst het gedeelde template en een pilot-URL. Taalpaar ontbreekt: bepaal of lokalisatie of bewust locale-specifiek gebruik nodig is.
en,https://go2-thailand.com/city/khon-kaen/attractions/bueng-kaen-nakhon-lake/,/city/khon-kaen/attractions/bueng-kaen-nakhon-lake/,/city/khon-kaen/attractions/bueng-kaen-nakhon-lake/,attraction-detail,no,attraction-detail,template-improve,P2,provisional,Schaalbare familie; onderzoek en verbeter eerst het gedeelde template en een pilot-URL. Taalpaar ontbreekt: bepaal of lokalisatie of bewust locale-specifiek gebruik nodig is.
en,https://go2-thailand.com/city/khon-kaen/attractions/chonnabot-silk-village/,/city/khon-kaen/attractions/chonnabot-silk-village/,/city/khon-kaen/attractions/chonnabot-silk-village/,attraction-detail,no,attraction-detail,template-improve,P2,provisional,Schaalbare familie; onderzoek en verbeter eerst het gedeelde template en een pilot-URL. Taalpaar ontbreekt: bepaal of lokalisatie of bewust locale-specifiek gebruik nodig is.
en,https://go2-thailand.com/city/khon-kaen/attractions/khon-kaen-national-museum/,/city/khon-kaen/attractions/khon-kaen-national-museum/,/city/khon-kaen/attractions/khon-kaen-national-museum/,attraction-detail,no,attraction-detail,template-improve,P2,provisional,Schaalbare familie; onderzoek en verbeter eerst het gedeelde template en een pilot-URL. Taalpaar ontbreekt: bepaal of lokalisatie of bewust locale-specifiek gebruik nodig is.
en,https://go2-thailand.com/city/khon-kaen/attractions/khon-kaen-night-market/,/city/khon-kaen/attractions/khon-kaen-night-market/,/city/khon-kaen/attractions/khon-kaen-night-market/,attraction-detail,no,attraction-detail,template-improve,P2,provisional,Schaalbare familie; onderzoek en verbeter eerst het gedeelde template en een pilot-URL. Taalpaar ontbreekt: bepaal of lokalisatie of bewust locale-specifiek gebruik nodig is.
en,https://go2-thailand.com/city/khon-kaen/attractions/nam-phong-national-park/,/city/khon-kaen/attractions/nam-phong-national-park/,/city/khon-kaen/attractions/nam-phong-national-park/,attraction-detail,no,attraction-detail,template-improve,P2,provisional,Schaalbare familie; onderzoek en verbeter eerst het gedeelde template en een pilot-URL. Taalpaar ontbreekt: bepaal of lokalisatie of bewust locale-specifiek gebruik nodig is.
en,https://go2-thailand.com/city/khon-kaen/attractions/phra-that-kham-kaen/,/city/khon-kaen/attractions/phra-that-kham-kaen/,/city/khon-kaen/attractions/phra-that-kham-kaen/,attraction-detail,no,attraction-detail,template-improve,P2,provisional,Schaalbare familie; onderzoek en verbeter eerst het gedeelde template en een pilot-URL. Taalpaar ontbreekt: bepaal of lokalisatie of bewust locale-specifiek gebruik nodig is.
en,https://go2-thailand.com/city/khon-kaen/attractions/phu-wiang-dinosaur-museum/,/city/khon-kaen/attractions/phu-wiang-dinosaur-museum/,/city/khon-kaen/attractions/phu-wiang-dinosaur-museum/,attraction-detail,no,attraction-detail,template-improve,P2,provisional,Schaalbare familie; onderzoek en verbeter eerst het gedeelde template en een pilot-URL. Taalpaar ontbreekt: bepaal of lokalisatie of bewust locale-specifiek gebruik nodig is.
en,https://go2-thailand.com/city/khon-kaen/attractions/ton-tann-green-market/,/city/khon-kaen/attractions/ton-tann-green-market/,/city/khon-kaen/attractions/ton-tann-green-market/,attraction-detail,no,attraction-detail,template-improve,P2,provisional,Schaalbare familie; onderzoek en verbeter eerst het gedeelde template en een pilot-URL. Taalpaar ontbreekt: bepaal of lokalisatie of bewust locale-specifiek gebruik nodig is.
en,https://go2-thailand.com/city/khon-kaen/attractions/wat-nong-wang/,/city/khon-kaen/attractions/wat-nong-wang/,/city/khon-kaen/attractions/wat-nong-wang/,attraction-detail,no,attraction-detail,template-improve,P2,provisional,Schaalbare familie; onderzoek en verbeter eerst het gedeelde template en een pilot-URL. Taalpaar ontbreekt: bepaal of lokalisatie of bewust locale-specifiek gebruik nodig is.
en,https://go2-thailand.com/city/udon-thani/attractions/ban-chiang-archaeological-site/,/city/udon-thani/attractions/ban-chiang-archaeological-site/,/city/udon-thani/attractions/ban-chiang-archaeological-site/,attraction-detail,no,attraction-detail,template-improve,P2,provisional,Schaalbare familie; onderzoek en verbeter eerst het gedeelde template en een pilot-URL. Taalpaar ontbreekt: bepaal of lokalisatie of bewust locale-specifiek gebruik nodig is.
en,https://go2-thailand.com/city/udon-thani/attractions/erawan-cave/,/city/udon-thani/attractions/erawan-cave/,/city/udon-thani/attractions/erawan-cave/,attraction-detail,no,attraction-detail,template-improve,P2,provisional,Schaalbare familie; onderzoek en verbeter eerst het gedeelde template en een pilot-URL. Taalpaar ontbreekt: bepaal of lokalisatie of bewust locale-specifiek gebruik nodig is.
en,https://go2-thailand.com/city/udon-thani/attractions/nong-prajak-park/,/city/udon-thani/attractions/nong-prajak-park/,/city/udon-thani/attractions/nong-prajak-park/,attraction-detail,no,attraction-detail,template-improve,P2,provisional,Schaalbare familie; onderzoek en verbeter eerst het gedeelde template en een pilot-URL. Taalpaar ontbreekt: bepaal of lokalisatie of bewust locale-specifiek gebruik nodig is.
en,https://go2-thailand.com/city/udon-thani/attractions/phu-phrabat-historical-park/,/city/udon-thani/attractions/phu-phrabat-historical-park/,/city/udon-thani/attractions/phu-phrabat-historical-park/,attraction-detail,no,attraction-detail,template-improve,P2,provisional,Schaalbare familie; onderzoek en verbeter eerst het gedeelde template en een pilot-URL. Taalpaar ontbreekt: bepaal of lokalisatie of bewust locale-specifiek gebruik nodig is.
en,https://go2-thailand.com/city/udon-thani/attractions/red-lotus-sea/,/city/udon-thani/attractions/red-lotus-sea/,/city/udon-thani/attractions/red-lotus-sea/,attraction-detail,no,attraction-detail,template-improve,P2,provisional,Schaalbare familie; onderzoek en verbeter eerst het gedeelde template en een pilot-URL. Taalpaar ontbreekt: bepaal of lokalisatie of bewust locale-specifiek gebruik nodig is.
en,https://go2-thailand.com/city/udon-thani/attractions/ud-town/,/city/udon-thani/attractions/ud-town/,/city/udon-thani/attractions/ud-town/,attraction-detail,no,attraction-detail,template-improve,P2,provisional,Schaalbare familie; onderzoek en verbeter eerst het gedeelde template en een pilot-URL. Taalpaar ontbreekt: bepaal of lokalisatie of bewust locale-specifiek gebruik nodig is.
en,https://go2-thailand.com/city/udon-thani/attractions/udon-thani-central-market/,/city/udon-thani/attractions/udon-thani-central-market/,/city/udon-thani/attractions/udon-thani-central-market/,attraction-detail,no,attraction-detail,template-improve,P2,provisional,Schaalbare familie; onderzoek en verbeter eerst het gedeelde template en een pilot-URL. Taalpaar ontbreekt: bepaal of lokalisatie of bewust locale-specifiek gebruik nodig is.
en,https://go2-thailand.com/city/udon-thani/attractions/udon-thani-city-pillar-shrine/,/city/udon-thani/attractions/udon-thani-city-pillar-shrine/,/city/udon-thani/attractions/udon-thani-city-pillar-shrine/,attraction-detail,no,attraction-detail,template-improve,P2,provisional,Schaalbare familie; onderzoek en verbeter eerst het gedeelde template en een pilot-URL. Taalpaar ontbreekt: bepaal of lokalisatie of bewust locale-specifiek gebruik nodig is.
en,https://go2-thailand.com/city/udon-thani/attractions/wat-pa-ban-tat/,/city/udon-thani/attractions/wat-pa-ban-tat/,/city/udon-thani/attractions/wat-pa-ban-tat/,attraction-detail,no,attraction-detail,template-improve,P2,provisional,Schaalbare familie; onderzoek en verbeter eerst het gedeelde template en een pilot-URL. Taalpaar ontbreekt: bepaal of lokalisatie of bewust locale-specifiek gebruik nodig is.
en,https://go2-thailand.com/city/nakhon-ratchasima/attractions/chokchai-farm/,/city/nakhon-ratchasima/attractions/chokchai-farm/,/city/nakhon-ratchasima/attractions/chokchai-farm/,attraction-detail,no,attraction-detail,template-improve,P2,provisional,Schaalbare familie; onderzoek en verbeter eerst het gedeelde template en een pilot-URL. Taalpaar ontbreekt: bepaal of lokalisatie of bewust locale-specifiek gebruik nodig is.
en,https://go2-thailand.com/city/nakhon-ratchasima/attractions/haew-narok-waterfall/,/city/nakhon-ratchasima/attractions/haew-narok-waterfall/,/city/nakhon-ratchasima/attractions/haew-narok-waterfall/,attraction-detail,no,attraction-detail,template-improve,P2,provisional,Schaalbare familie; onderzoek en verbeter eerst het gedeelde template en een pilot-URL. Taalpaar ontbreekt: bepaal of lokalisatie of bewust locale-specifiek gebruik nodig is.
en,https://go2-thailand.com/city/nakhon-ratchasima/attractions/jim-thompson-farm/,/city/nakhon-ratchasima/attractions/jim-thompson-farm/,/city/nakhon-ratchasima/attractions/jim-thompson-farm/,attraction-detail,no,attraction-detail,template-improve,P2,provisional,Schaalbare familie; onderzoek en verbeter eerst het gedeelde template en een pilot-URL. Taalpaar ontbreekt: bepaal of lokalisatie of bewust locale-specifiek gebruik nodig is.
en,https://go2-thailand.com/city/nakhon-ratchasima/attractions/khao-yai-national-park/,/city/nakhon-ratchasima/attractions/khao-yai-national-park/,/city/nakhon-ratchasima/attractions/khao-yai-national-park/,attraction-detail,no,attraction-detail,template-improve,P2,provisional,Schaalbare familie; onderzoek en verbeter eerst het gedeelde template en een pilot-URL. Taalpaar ontbreekt: bepaal of lokalisatie of bewust locale-specifiek gebruik nodig is.
en,https://go2-thailand.com/city/nakhon-ratchasima/attractions/korat-night-market/,/city/nakhon-ratchasima/attractions/korat-night-market/,/city/nakhon-ratchasima/attractions/korat-night-market/,attraction-detail,no,attraction-detail,template-improve,P2,provisional,Schaalbare familie; onderzoek en verbeter eerst het gedeelde template en een pilot-URL. Taalpaar ontbreekt: bepaal of lokalisatie of bewust locale-specifiek gebruik nodig is.
en,https://go2-thailand.com/city/nakhon-ratchasima/attractions/phimai-historical-park/,/city/nakhon-ratchasima/attractions/phimai-historical-park/,/city/nakhon-ratchasima/attractions/phimai-historical-park/,attraction-detail,no,attraction-detail,template-improve,P2,provisional,Schaalbare familie; onderzoek en verbeter eerst het gedeelde template en een pilot-URL. Taalpaar ontbreekt: bepaal of lokalisatie of bewust locale-specifiek gebruik nodig is.
en,https://go2-thailand.com/city/nakhon-ratchasima/attractions/phimai-national-museum/,/city/nakhon-ratchasima/attractions/phimai-national-museum/,/city/nakhon-ratchasima/attractions/phimai-national-museum/,attraction-detail,no,attraction-detail,template-improve,P2,provisional,Schaalbare familie; onderzoek en verbeter eerst het gedeelde template en een pilot-URL. Taalpaar ontbreekt: bepaal of lokalisatie of bewust locale-specifiek gebruik nodig is.
en,https://go2-thailand.com/city/nakhon-ratchasima/attractions/sai-ngam-banyan-tree/,/city/nakhon-ratchasima/attractions/sai-ngam-banyan-tree/,/city/nakhon-ratchasima/attractions/sai-ngam-banyan-tree/,attraction-detail,no,attraction-detail,template-improve,P2,provisional,Schaalbare familie; onderzoek en verbeter eerst het gedeelde template en een pilot-URL. Taalpaar ontbreekt: bepaal of lokalisatie of bewust locale-specifiek gebruik nodig is.
en,https://go2-thailand.com/city/nakhon-ratchasima/attractions/thao-suranaree-monument/,/city/nakhon-ratchasima/attractions/thao-suranaree-monument/,/city/nakhon-ratchasima/attractions/thao-suranaree-monument/,attraction-detail,no,attraction-detail,template-improve,P2,provisional,Schaalbare familie; onderzoek en verbeter eerst het gedeelde template en een pilot-URL. Taalpaar ontbreekt: bepaal of lokalisatie of bewust locale-specifiek gebruik nodig is.
en,https://go2-thailand.com/city/nakhon-ratchasima/attractions/wat-ban-rai/,/city/nakhon-ratchasima/attractions/wat-ban-rai/,/city/nakhon-ratchasima/attractions/wat-ban-rai/,attraction-detail,no,attraction-detail,template-improve,P2,provisional,Schaalbare familie; onderzoek en verbeter eerst het gedeelde template en een pilot-URL. Taalpaar ontbreekt: bepaal of lokalisatie of bewust locale-specifiek gebruik nodig is.
en,https://go2-thailand.com/city/ubon-ratchathani/attractions/candle-festival-venue/,/city/ubon-ratchathani/attractions/candle-festival-venue/,/city/ubon-ratchathani/attractions/candle-festival-venue/,attraction-detail,no,attraction-detail,template-improve,P2,provisional,Schaalbare familie; onderzoek en verbeter eerst het gedeelde template en een pilot-URL. Taalpaar ontbreekt: bepaal of lokalisatie of bewust locale-specifiek gebruik nodig is.
en,https://go2-thailand.com/city/ubon-ratchathani/attractions/kaeng-saphu-rapids/,/city/ubon-ratchathani/attractions/kaeng-saphu-rapids/,/city/ubon-ratchathani/attractions/kaeng-saphu-rapids/,attraction-detail,no,attraction-detail,template-improve,P2,provisional,Schaalbare familie; onderzoek en verbeter eerst het gedeelde template en een pilot-URL. Taalpaar ontbreekt: bepaal of lokalisatie of bewust locale-specifiek gebruik nodig is.
en,https://go2-thailand.com/city/ubon-ratchathani/attractions/khong-jiam-two-color-river/,/city/ubon-ratchathani/attractions/khong-jiam-two-color-river/,/city/ubon-ratchathani/attractions/khong-jiam-two-color-river/,attraction-detail,no,attraction-detail,template-improve,P2,provisional,Schaalbare familie; onderzoek en verbeter eerst het gedeelde template en een pilot-URL. Taalpaar ontbreekt: bepaal of lokalisatie of bewust locale-specifiek gebruik nodig is.
en,https://go2-thailand.com/city/ubon-ratchathani/attractions/pha-taem-national-park/,/city/ubon-ratchathani/attractions/pha-taem-national-park/,/city/ubon-ratchathani/attractions/pha-taem-national-park/,attraction-detail,no,attraction-detail,template-improve,P2,provisional,Schaalbare familie; onderzoek en verbeter eerst het gedeelde template en een pilot-URL. Taalpaar ontbreekt: bepaal of lokalisatie of bewust locale-specifiek gebruik nodig is.
en,https://go2-thailand.com/city/ubon-ratchathani/attractions/ratchabut-road-night-market/,/city/ubon-ratchathani/attractions/ratchabut-road-night-market/,/city/ubon-ratchathani/attractions/ratchabut-road-night-market/,attraction-detail,no,attraction-detail,template-improve,P2,provisional,Schaalbare familie; onderzoek en verbeter eerst het gedeelde template en een pilot-URL. Taalpaar ontbreekt: bepaal of lokalisatie of bewust locale-specifiek gebruik nodig is.
en,https://go2-thailand.com/city/ubon-ratchathani/attractions/sam-phan-bok/,/city/ubon-ratchathani/attractions/sam-phan-bok/,/city/ubon-ratchathani/attractions/sam-phan-bok/,attraction-detail,no,attraction-detail,template-improve,P2,provisional,Schaalbare familie; onderzoek en verbeter eerst het gedeelde template en een pilot-URL. Taalpaar ontbreekt: bepaal of lokalisatie of bewust locale-specifiek gebruik nodig is.
en,https://go2-thailand.com/city/ubon-ratchathani/attractions/ubon-ratchathani-national-museum/,/city/ubon-ratchathani/attractions/ubon-ratchathani-national-museum/,/city/ubon-ratchathani/attractions/ubon-ratchathani-national-museum/,attraction-detail,no,attraction-detail,template-improve,P2,provisional,Schaalbare familie; onderzoek en verbeter eerst het gedeelde template en een pilot-URL. Taalpaar ontbreekt: bepaal of lokalisatie of bewust locale-specifiek gebruik nodig is.
en,https://go2-thailand.com/city/ubon-ratchathani/attractions/wat-nong-bua/,/city/ubon-ratchathani/attractions/wat-nong-bua/,/city/ubon-ratchathani/attractions/wat-nong-bua/,attraction-detail,no,attraction-detail,template-improve,P2,provisional,Schaalbare familie; onderzoek en verbeter eerst het gedeelde template en een pilot-URL. Taalpaar ontbreekt: bepaal of lokalisatie of bewust locale-specifiek gebruik nodig is.
en,https://go2-thailand.com/city/ubon-ratchathani/attractions/wat-sirindhorn-wararam/,/city/ubon-ratchathani/attractions/wat-sirindhorn-wararam/,/city/ubon-ratchathani/attractions/wat-sirindhorn-wararam/,attraction-detail,no,attraction-detail,template-improve,P2,provisional,Schaalbare familie; onderzoek en verbeter eerst het gedeelde template en een pilot-URL. Taalpaar ontbreekt: bepaal of lokalisatie of bewust locale-specifiek gebruik nodig is.
en,https://go2-thailand.com/city/kanchanaburi/attractions/bridge-over-river-kwai/,/city/kanchanaburi/attractions/bridge-over-river-kwai/,/city/kanchanaburi/attractions/bridge-over-river-kwai/,attraction-detail,no,attraction-detail,template-improve,P2,provisional,Schaalbare familie; onderzoek en verbeter eerst het gedeelde template en een pilot-URL. Taalpaar ontbreekt: bepaal of lokalisatie of bewust locale-specifiek gebruik nodig is.
en,https://go2-thailand.com/city/kanchanaburi/attractions/death-railway/,/city/kanchanaburi/attractions/death-railway/,/city/kanchanaburi/attractions/death-railway/,attraction-detail,no,attraction-detail,template-improve,P2,provisional,Schaalbare familie; onderzoek en verbeter eerst het gedeelde template en een pilot-URL. Taalpaar ontbreekt: bepaal of lokalisatie of bewust locale-specifiek gebruik nodig is.
en,https://go2-thailand.com/city/kanchanaburi/attractions/elephant-world-kanchanaburi/,/city/kanchanaburi/attractions/elephant-world-kanchanaburi/,/city/kanchanaburi/attractions/elephant-world-kanchanaburi/,attraction-detail,no,attraction-detail,template-improve,P2,provisional,Schaalbare familie; onderzoek en verbeter eerst het gedeelde template en een pilot-URL. Taalpaar ontbreekt: bepaal of lokalisatie of bewust locale-specifiek gebruik nodig is.
en,https://go2-thailand.com/city/kanchanaburi/attractions/erawan-national-park/,/city/kanchanaburi/attractions/erawan-national-park/,/city/kanchanaburi/attractions/erawan-national-park/,attraction-detail,no,attraction-detail,template-improve,P2,provisional,Schaalbare familie; onderzoek en verbeter eerst het gedeelde template en een pilot-URL. Taalpaar ontbreekt: bepaal of lokalisatie of bewust locale-specifiek gebruik nodig is.
en,https://go2-thailand.com/city/kanchanaburi/attractions/hellfire-pass/,/city/kanchanaburi/attractions/hellfire-pass/,/city/kanchanaburi/attractions/hellfire-pass/,attraction-detail,no,attraction-detail,template-improve,P2,provisional,Schaalbare familie; onderzoek en verbeter eerst het gedeelde template en een pilot-URL. Taalpaar ontbreekt: bepaal of lokalisatie of bewust locale-specifiek gebruik nodig is.
en,https://go2-thailand.com/city/kanchanaburi/attractions/jeath-war-museum/,/city/kanchanaburi/attractions/jeath-war-museum/,/city/kanchanaburi/attractions/jeath-war-museum/,attraction-detail,no,attraction-detail,template-improve,P2,provisional,Schaalbare familie; onderzoek en verbeter eerst het gedeelde template en een pilot-URL. Taalpaar ontbreekt: bepaal of lokalisatie of bewust locale-specifiek gebruik nodig is.
en,https://go2-thailand.com/city/kanchanaburi/attractions/kanchanaburi-war-cemetery/,/city/kanchanaburi/attractions/kanchanaburi-war-cemetery/,/city/kanchanaburi/attractions/kanchanaburi-war-cemetery/,attraction-detail,no,attraction-detail,template-improve,P2,provisional,Schaalbare familie; onderzoek en verbeter eerst het gedeelde template en een pilot-URL. Taalpaar ontbreekt: bepaal of lokalisatie of bewust locale-specifiek gebruik nodig is.
en,https://go2-thailand.com/city/kanchanaburi/attractions/prasat-muang-singh/,/city/kanchanaburi/attractions/prasat-muang-singh/,/city/kanchanaburi/attractions/prasat-muang-singh/,attraction-detail,no,attraction-detail,template-improve,P2,provisional,Schaalbare familie; onderzoek en verbeter eerst het gedeelde template en een pilot-URL. Taalpaar ontbreekt: bepaal of lokalisatie of bewust locale-specifiek gebruik nodig is.
en,https://go2-thailand.com/city/kanchanaburi/attractions/sai-yok-yai-waterfall/,/city/kanchanaburi/attractions/sai-yok-yai-waterfall/,/city/kanchanaburi/attractions/sai-yok-yai-waterfall/,attraction-detail,no,attraction-detail,template-improve,P2,provisional,Schaalbare familie; onderzoek en verbeter eerst het gedeelde template en een pilot-URL. Taalpaar ontbreekt: bepaal of lokalisatie of bewust locale-specifiek gebruik nodig is.
en,https://go2-thailand.com/city/kanchanaburi/attractions/thailand-burma-railway-centre/,/city/kanchanaburi/attractions/thailand-burma-railway-centre/,/city/kanchanaburi/attractions/thailand-burma-railway-centre/,attraction-detail,no,attraction-detail,template-improve,P2,provisional,Schaalbare familie; onderzoek en verbeter eerst het gedeelde template en een pilot-URL. Taalpaar ontbreekt: bepaal of lokalisatie of bewust locale-specifiek gebruik nodig is.
en,https://go2-thailand.com/city/hua-hin/attractions/black-mountain-water-park/,/city/hua-hin/attractions/black-mountain-water-park/,/city/hua-hin/attractions/black-mountain-water-park/,attraction-detail,no,attraction-detail,template-improve,P2,provisional,Schaalbare familie; onderzoek en verbeter eerst het gedeelde template en een pilot-URL. Taalpaar ontbreekt: bepaal of lokalisatie of bewust locale-specifiek gebruik nodig is.
en,https://go2-thailand.com/city/hua-hin/attractions/cicada-market/,/city/hua-hin/attractions/cicada-market/,/city/hua-hin/attractions/cicada-market/,attraction-detail,no,attraction-detail,template-improve,P2,provisional,Schaalbare familie; onderzoek en verbeter eerst het gedeelde template en een pilot-URL. Taalpaar ontbreekt: bepaal of lokalisatie of bewust locale-specifiek gebruik nodig is.
en,https://go2-thailand.com/city/hua-hin/attractions/hua-hin-beach/,/city/hua-hin/attractions/hua-hin-beach/,/city/hua-hin/attractions/hua-hin-beach/,attraction-detail,no,attraction-detail,template-improve,P2,provisional,Schaalbare familie; onderzoek en verbeter eerst het gedeelde template en een pilot-URL. Taalpaar ontbreekt: bepaal of lokalisatie of bewust locale-specifiek gebruik nodig is.
en,https://go2-thailand.com/city/hua-hin/attractions/hua-hin-fishing-pier/,/city/hua-hin/attractions/hua-hin-fishing-pier/,/city/hua-hin/attractions/hua-hin-fishing-pier/,attraction-detail,no,attraction-detail,template-improve,P2,provisional,Schaalbare familie; onderzoek en verbeter eerst het gedeelde template en een pilot-URL. Taalpaar ontbreekt: bepaal of lokalisatie of bewust locale-specifiek gebruik nodig is.
en,https://go2-thailand.com/city/hua-hin/attractions/hua-hin-night-market/,/city/hua-hin/attractions/hua-hin-night-market/,/city/hua-hin/attractions/hua-hin-night-market/,attraction-detail,no,attraction-detail,template-improve,P2,provisional,Schaalbare familie; onderzoek en verbeter eerst het gedeelde template en een pilot-URL. Taalpaar ontbreekt: bepaal of lokalisatie of bewust locale-specifiek gebruik nodig is.
en,https://go2-thailand.com/city/hua-hin/attractions/hua-hin-railway-station/,/city/hua-hin/attractions/hua-hin-railway-station/,/city/hua-hin/attractions/hua-hin-railway-station/,attraction-detail,no,attraction-detail,template-improve,P2,provisional,Schaalbare familie; onderzoek en verbeter eerst het gedeelde template en een pilot-URL. Taalpaar ontbreekt: bepaal of lokalisatie of bewust locale-specifiek gebruik nodig is.
en,https://go2-thailand.com/city/hua-hin/attractions/khao-sam-roi-yot/,/city/hua-hin/attractions/khao-sam-roi-yot/,/city/hua-hin/attractions/khao-sam-roi-yot/,attraction-detail,no,attraction-detail,template-improve,P2,provisional,Schaalbare familie; onderzoek en verbeter eerst het gedeelde template en een pilot-URL. Taalpaar ontbreekt: bepaal of lokalisatie of bewust locale-specifiek gebruik nodig is.
en,https://go2-thailand.com/city/hua-hin/attractions/khao-takiab/,/city/hua-hin/attractions/khao-takiab/,/city/hua-hin/attractions/khao-takiab/,attraction-detail,no,attraction-detail,template-improve,P2,provisional,Schaalbare familie; onderzoek en verbeter eerst het gedeelde template en een pilot-URL. Taalpaar ontbreekt: bepaal of lokalisatie of bewust locale-specifiek gebruik nodig is.
en,https://go2-thailand.com/city/hua-hin/attractions/maruekhathaiyawan-palace/,/city/hua-hin/attractions/maruekhathaiyawan-palace/,/city/hua-hin/attractions/maruekhathaiyawan-palace/,attraction-detail,no,attraction-detail,template-improve,P2,provisional,Schaalbare familie; onderzoek en verbeter eerst het gedeelde template en een pilot-URL. Taalpaar ontbreekt: bepaal of lokalisatie of bewust locale-specifiek gebruik nodig is.
en,https://go2-thailand.com/city/hua-hin/attractions/plearn-wan/,/city/hua-hin/attractions/plearn-wan/,/city/hua-hin/attractions/plearn-wan/,attraction-detail,no,attraction-detail,template-improve,P2,provisional,Schaalbare familie; onderzoek en verbeter eerst het gedeelde template en een pilot-URL. Taalpaar ontbreekt: bepaal of lokalisatie of bewust locale-specifiek gebruik nodig is.
en,https://go2-thailand.com/city/lopburi/attractions/ban-vichayen/,/city/lopburi/attractions/ban-vichayen/,/city/lopburi/attractions/ban-vichayen/,attraction-detail,no,attraction-detail,template-improve,P2,provisional,Schaalbare familie; onderzoek en verbeter eerst het gedeelde template en een pilot-URL. Taalpaar ontbreekt: bepaal of lokalisatie of bewust locale-specifiek gebruik nodig is.
en,https://go2-thailand.com/city/lopburi/attractions/narai-national-museum/,/city/lopburi/attractions/narai-national-museum/,/city/lopburi/attractions/narai-national-museum/,attraction-detail,no,attraction-detail,template-improve,P2,provisional,Schaalbare familie; onderzoek en verbeter eerst het gedeelde template en een pilot-URL. Taalpaar ontbreekt: bepaal of lokalisatie of bewust locale-specifiek gebruik nodig is.
en,https://go2-thailand.com/city/lopburi/attractions/narai-ratchaniwet-palace/,/city/lopburi/attractions/narai-ratchaniwet-palace/,/city/lopburi/attractions/narai-ratchaniwet-palace/,attraction-detail,no,attraction-detail,template-improve,P2,provisional,Schaalbare familie; onderzoek en verbeter eerst het gedeelde template en een pilot-URL. Taalpaar ontbreekt: bepaal of lokalisatie of bewust locale-specifiek gebruik nodig is.
en,https://go2-thailand.com/city/lopburi/attractions/phra-narai-ratchaniwet-gardens/,/city/lopburi/attractions/phra-narai-ratchaniwet-gardens/,/city/lopburi/attractions/phra-narai-ratchaniwet-gardens/,attraction-detail,no,attraction-detail,template-improve,P2,provisional,Schaalbare familie; onderzoek en verbeter eerst het gedeelde template en een pilot-URL. Taalpaar ontbreekt: bepaal of lokalisatie of bewust locale-specifiek gebruik nodig is.
en,https://go2-thailand.com/city/lopburi/attractions/prang-sam-yot/,/city/lopburi/attractions/prang-sam-yot/,/city/lopburi/attractions/prang-sam-yot/,attraction-detail,no,attraction-detail,template-improve,P2,provisional,Schaalbare familie; onderzoek en verbeter eerst het gedeelde template en een pilot-URL. Taalpaar ontbreekt: bepaal of lokalisatie of bewust locale-specifiek gebruik nodig is.
en,https://go2-thailand.com/city/lopburi/attractions/san-phra-kan/,/city/lopburi/attractions/san-phra-kan/,/city/lopburi/attractions/san-phra-kan/,attraction-detail,no,attraction-detail,template-improve,P2,provisional,Schaalbare familie; onderzoek en verbeter eerst het gedeelde template en een pilot-URL. Taalpaar ontbreekt: bepaal of lokalisatie of bewust locale-specifiek gebruik nodig is.
en,https://go2-thailand.com/city/lopburi/attractions/sunflower-fields-lopburi/,/city/lopburi/attractions/sunflower-fields-lopburi/,/city/lopburi/attractions/sunflower-fields-lopburi/,attraction-detail,no,attraction-detail,template-improve,P2,provisional,Schaalbare familie; onderzoek en verbeter eerst het gedeelde template en een pilot-URL. Taalpaar ontbreekt: bepaal of lokalisatie of bewust locale-specifiek gebruik nodig is.
en,https://go2-thailand.com/city/lopburi/attractions/wat-phra-si-ratana-mahathat-lopburi/,/city/lopburi/attractions/wat-phra-si-ratana-mahathat-lopburi/,/city/lopburi/attractions/wat-phra-si-ratana-mahathat-lopburi/,attraction-detail,no,attraction-detail,template-improve,P2,provisional,Schaalbare familie; onderzoek en verbeter eerst het gedeelde template en een pilot-URL. Taalpaar ontbreekt: bepaal of lokalisatie of bewust locale-specifiek gebruik nodig is.
en,https://go2-thailand.com/city/phitsanulok/attractions/buddha-casting-foundry/,/city/phitsanulok/attractions/buddha-casting-foundry/,/city/phitsanulok/attractions/buddha-casting-foundry/,attraction-detail,no,attraction-detail,template-improve,P2,provisional,Schaalbare familie; onderzoek en verbeter eerst het gedeelde template en een pilot-URL. Taalpaar ontbreekt: bepaal of lokalisatie of bewust locale-specifiek gebruik nodig is.
en,https://go2-thailand.com/city/phitsanulok/attractions/flying-vegetable-restaurant/,/city/phitsanulok/attractions/flying-vegetable-restaurant/,/city/phitsanulok/attractions/flying-vegetable-restaurant/,attraction-detail,no,attraction-detail,template-improve,P2,provisional,Schaalbare familie; onderzoek en verbeter eerst het gedeelde template en een pilot-URL. Taalpaar ontbreekt: bepaal of lokalisatie of bewust locale-specifiek gebruik nodig is.
en,https://go2-thailand.com/city/phitsanulok/attractions/nan-river-promenade/,/city/phitsanulok/attractions/nan-river-promenade/,/city/phitsanulok/attractions/nan-river-promenade/,attraction-detail,no,attraction-detail,template-improve,P2,provisional,Schaalbare familie; onderzoek en verbeter eerst het gedeelde template en een pilot-URL. Taalpaar ontbreekt: bepaal of lokalisatie of bewust locale-specifiek gebruik nodig is.
en,https://go2-thailand.com/city/phitsanulok/attractions/phitsanulok-night-market/,/city/phitsanulok/attractions/phitsanulok-night-market/,/city/phitsanulok/attractions/phitsanulok-night-market/,attraction-detail,no,attraction-detail,template-improve,P2,provisional,Schaalbare familie; onderzoek en verbeter eerst het gedeelde template en een pilot-URL. Taalpaar ontbreekt: bepaal of lokalisatie of bewust locale-specifiek gebruik nodig is.
en,https://go2-thailand.com/city/phitsanulok/attractions/phu-hin-rong-kla-national-park/,/city/phitsanulok/attractions/phu-hin-rong-kla-national-park/,/city/phitsanulok/attractions/phu-hin-rong-kla-national-park/,attraction-detail,no,attraction-detail,template-improve,P2,provisional,Schaalbare familie; onderzoek en verbeter eerst het gedeelde template en een pilot-URL. Taalpaar ontbreekt: bepaal of lokalisatie of bewust locale-specifiek gebruik nodig is.
en,https://go2-thailand.com/city/phitsanulok/attractions/sergeant-major-thawee-folk-museum/,/city/phitsanulok/attractions/sergeant-major-thawee-folk-museum/,/city/phitsanulok/attractions/sergeant-major-thawee-folk-museum/,attraction-detail,no,attraction-detail,template-improve,P2,provisional,Schaalbare familie; onderzoek en verbeter eerst het gedeelde template en een pilot-URL. Taalpaar ontbreekt: bepaal of lokalisatie of bewust locale-specifiek gebruik nodig is.
en,https://go2-thailand.com/city/phitsanulok/attractions/thung-salaeng-luang-national-park/,/city/phitsanulok/attractions/thung-salaeng-luang-national-park/,/city/phitsanulok/attractions/thung-salaeng-luang-national-park/,attraction-detail,no,attraction-detail,template-improve,P2,provisional,Schaalbare familie; onderzoek en verbeter eerst het gedeelde template en een pilot-URL. Taalpaar ontbreekt: bepaal of lokalisatie of bewust locale-specifiek gebruik nodig is.
en,https://go2-thailand.com/city/phitsanulok/attractions/wat-nang-phaya/,/city/phitsanulok/attractions/wat-nang-phaya/,/city/phitsanulok/attractions/wat-nang-phaya/,attraction-detail,no,attraction-detail,template-improve,P2,provisional,Schaalbare familie; onderzoek en verbeter eerst het gedeelde template en een pilot-URL. Taalpaar ontbreekt: bepaal of lokalisatie of bewust locale-specifiek gebruik nodig is.
en,https://go2-thailand.com/city/phitsanulok/attractions/wat-phra-si-rattana-mahathat/,/city/phitsanulok/attractions/wat-phra-si-rattana-mahathat/,/city/phitsanulok/attractions/wat-phra-si-rattana-mahathat/,attraction-detail,no,attraction-detail,template-improve,P2,provisional,Schaalbare familie; onderzoek en verbeter eerst het gedeelde template en een pilot-URL. Taalpaar ontbreekt: bepaal of lokalisatie of bewust locale-specifiek gebruik nodig is.
en,https://go2-thailand.com/city/trat/attractions/klong-plu-waterfall/,/city/trat/attractions/klong-plu-waterfall/,/city/trat/attractions/klong-plu-waterfall/,attraction-detail,no,attraction-detail,template-improve,P2,provisional,Schaalbare familie; onderzoek en verbeter eerst het gedeelde template en een pilot-URL. Taalpaar ontbreekt: bepaal of lokalisatie of bewust locale-specifiek gebruik nodig is.
en,https://go2-thailand.com/city/trat/attractions/koh-chang/,/city/trat/attractions/koh-chang/,/city/trat/attractions/koh-chang/,attraction-detail,no,attraction-detail,template-improve,P2,provisional,Schaalbare familie; onderzoek en verbeter eerst het gedeelde template en een pilot-URL. Taalpaar ontbreekt: bepaal of lokalisatie of bewust locale-specifiek gebruik nodig is.
en,https://go2-thailand.com/city/trat/attractions/koh-kood/,/city/trat/attractions/koh-kood/,/city/trat/attractions/koh-kood/,attraction-detail,no,attraction-detail,template-improve,P2,provisional,Schaalbare familie; onderzoek en verbeter eerst het gedeelde template en een pilot-URL. Taalpaar ontbreekt: bepaal of lokalisatie of bewust locale-specifiek gebruik nodig is.
en,https://go2-thailand.com/city/trat/attractions/koh-mak/,/city/trat/attractions/koh-mak/,/city/trat/attractions/koh-mak/,attraction-detail,no,attraction-detail,template-improve,P2,provisional,Schaalbare familie; onderzoek en verbeter eerst het gedeelde template en een pilot-URL. Taalpaar ontbreekt: bepaal of lokalisatie of bewust locale-specifiek gebruik nodig is.
en,https://go2-thailand.com/city/trat/attractions/lonely-beach-koh-chang/,/city/trat/attractions/lonely-beach-koh-chang/,/city/trat/attractions/lonely-beach-koh-chang/,attraction-detail,no,attraction-detail,template-improve,P2,provisional,Schaalbare familie; onderzoek en verbeter eerst het gedeelde template en een pilot-URL. Taalpaar ontbreekt: bepaal of lokalisatie of bewust locale-specifiek gebruik nodig is.
en,https://go2-thailand.com/city/trat/attractions/than-mayom-waterfall/,/city/trat/attractions/than-mayom-waterfall/,/city/trat/attractions/than-mayom-waterfall/,attraction-detail,no,attraction-detail,template-improve,P2,provisional,Schaalbare familie; onderzoek en verbeter eerst het gedeelde template en een pilot-URL. Taalpaar ontbreekt: bepaal of lokalisatie of bewust locale-specifiek gebruik nodig is.
en,https://go2-thailand.com/city/trat/attractions/trat-mangrove-forest/,/city/trat/attractions/trat-mangrove-forest/,/city/trat/attractions/trat-mangrove-forest/,attraction-detail,no,attraction-detail,template-improve,P2,provisional,Schaalbare familie; onderzoek en verbeter eerst het gedeelde template en een pilot-URL. Taalpaar ontbreekt: bepaal of lokalisatie of bewust locale-specifiek gebruik nodig is.
en,https://go2-thailand.com/city/trat/attractions/trat-night-market/,/city/trat/attractions/trat-night-market/,/city/trat/attractions/trat-night-market/,attraction-detail,no,attraction-detail,template-improve,P2,provisional,Schaalbare familie; onderzoek en verbeter eerst het gedeelde template en een pilot-URL. Taalpaar ontbreekt: bepaal of lokalisatie of bewust locale-specifiek gebruik nodig is.
en,https://go2-thailand.com/city/trat/attractions/trat-old-town/,/city/trat/attractions/trat-old-town/,/city/trat/attractions/trat-old-town/,attraction-detail,no,attraction-detail,template-improve,P2,provisional,Schaalbare familie; onderzoek en verbeter eerst het gedeelde template en een pilot-URL. Taalpaar ontbreekt: bepaal of lokalisatie of bewust locale-specifiek gebruik nodig is.
en,https://go2-thailand.com/city/trat/attractions/white-sand-beach-koh-chang/,/city/trat/attractions/white-sand-beach-koh-chang/,/city/trat/attractions/white-sand-beach-koh-chang/,attraction-detail,no,attraction-detail,template-improve,P2,provisional,Schaalbare familie; onderzoek en verbeter eerst het gedeelde template en een pilot-URL. Taalpaar ontbreekt: bepaal of lokalisatie of bewust locale-specifiek gebruik nodig is.
en,https://go2-thailand.com/city/rayong/attractions/ao-prao-beach/,/city/rayong/attractions/ao-prao-beach/,/city/rayong/attractions/ao-prao-beach/,attraction-detail,no,attraction-detail,template-improve,P2,provisional,Schaalbare familie; onderzoek en verbeter eerst het gedeelde template en een pilot-URL. Taalpaar ontbreekt: bepaal of lokalisatie of bewust locale-specifiek gebruik nodig is.
en,https://go2-thailand.com/city/rayong/attractions/ban-phe-fishing-village/,/city/rayong/attractions/ban-phe-fishing-village/,/city/rayong/attractions/ban-phe-fishing-village/,attraction-detail,no,attraction-detail,template-improve,P2,provisional,Schaalbare familie; onderzoek en verbeter eerst het gedeelde template en een pilot-URL. Taalpaar ontbreekt: bepaal of lokalisatie of bewust locale-specifiek gebruik nodig is.
en,https://go2-thailand.com/city/rayong/attractions/khao-laem-ya-national-park/,/city/rayong/attractions/khao-laem-ya-national-park/,/city/rayong/attractions/khao-laem-ya-national-park/,attraction-detail,no,attraction-detail,template-improve,P2,provisional,Schaalbare familie; onderzoek en verbeter eerst het gedeelde template en een pilot-URL. Taalpaar ontbreekt: bepaal of lokalisatie of bewust locale-specifiek gebruik nodig is.
en,https://go2-thailand.com/city/rayong/attractions/koh-samet/,/city/rayong/attractions/koh-samet/,/city/rayong/attractions/koh-samet/,attraction-detail,no,attraction-detail,template-improve,P2,provisional,Schaalbare familie; onderzoek en verbeter eerst het gedeelde template en een pilot-URL. Taalpaar ontbreekt: bepaal of lokalisatie of bewust locale-specifiek gebruik nodig is.
en,https://go2-thailand.com/city/rayong/attractions/mae-ramphueng-beach/,/city/rayong/attractions/mae-ramphueng-beach/,/city/rayong/attractions/mae-ramphueng-beach/,attraction-detail,no,attraction-detail,template-improve,P2,provisional,Schaalbare familie; onderzoek en verbeter eerst het gedeelde template en een pilot-URL. Taalpaar ontbreekt: bepaal of lokalisatie of bewust locale-specifiek gebruik nodig is.
en,https://go2-thailand.com/city/rayong/attractions/rayong-aquarium/,/city/rayong/attractions/rayong-aquarium/,/city/rayong/attractions/rayong-aquarium/,attraction-detail,no,attraction-detail,template-improve,P2,provisional,Schaalbare familie; onderzoek en verbeter eerst het gedeelde template en een pilot-URL. Taalpaar ontbreekt: bepaal of lokalisatie of bewust locale-specifiek gebruik nodig is.
en,https://go2-thailand.com/city/rayong/attractions/rayong-fruit-orchards/,/city/rayong/attractions/rayong-fruit-orchards/,/city/rayong/attractions/rayong-fruit-orchards/,attraction-detail,no,attraction-detail,template-improve,P2,provisional,Schaalbare familie; onderzoek en verbeter eerst het gedeelde template en een pilot-URL. Taalpaar ontbreekt: bepaal of lokalisatie of bewust locale-specifiek gebruik nodig is.
en,https://go2-thailand.com/city/rayong/attractions/sai-kaew-beach/,/city/rayong/attractions/sai-kaew-beach/,/city/rayong/attractions/sai-kaew-beach/,attraction-detail,no,attraction-detail,template-improve,P2,provisional,Schaalbare familie; onderzoek en verbeter eerst het gedeelde template en een pilot-URL. Taalpaar ontbreekt: bepaal of lokalisatie of bewust locale-specifiek gebruik nodig is.
en,https://go2-thailand.com/city/rayong/attractions/suan-son-beach/,/city/rayong/attractions/suan-son-beach/,/city/rayong/attractions/suan-son-beach/,attraction-detail,no,attraction-detail,template-improve,P2,provisional,Schaalbare familie; onderzoek en verbeter eerst het gedeelde template en een pilot-URL. Taalpaar ontbreekt: bepaal of lokalisatie of bewust locale-specifiek gebruik nodig is.
en,https://go2-thailand.com/city/koh-samui/attractions/ang-thong-marine-park/,/city/koh-samui/attractions/ang-thong-marine-park/,/city/koh-samui/attractions/ang-thong-marine-park/,attraction-detail,no,attraction-detail,template-improve,P2,provisional,Schaalbare familie; onderzoek en verbeter eerst het gedeelde template en een pilot-URL. Taalpaar ontbreekt: bepaal of lokalisatie of bewust locale-specifiek gebruik nodig is.
en,https://go2-thailand.com/city/koh-samui/attractions/big-buddha-temple/,/city/koh-samui/attractions/big-buddha-temple/,/city/koh-samui/attractions/big-buddha-temple/,attraction-detail,no,attraction-detail,template-improve,P2,provisional,Schaalbare familie; onderzoek en verbeter eerst het gedeelde template en een pilot-URL. Taalpaar ontbreekt: bepaal of lokalisatie of bewust locale-specifiek gebruik nodig is.
en,https://go2-thailand.com/city/koh-samui/attractions/chaweng-beach/,/city/koh-samui/attractions/chaweng-beach/,/city/koh-samui/attractions/chaweng-beach/,attraction-detail,no,attraction-detail,template-improve,P2,provisional,Schaalbare familie; onderzoek en verbeter eerst het gedeelde template en een pilot-URL. Taalpaar ontbreekt: bepaal of lokalisatie of bewust locale-specifiek gebruik nodig is.
en,https://go2-thailand.com/city/koh-samui/attractions/fishermans-village-bophut/,/city/koh-samui/attractions/fishermans-village-bophut/,/city/koh-samui/attractions/fishermans-village-bophut/,attraction-detail,no,attraction-detail,template-improve,P2,provisional,Schaalbare familie; onderzoek en verbeter eerst het gedeelde template en een pilot-URL. Taalpaar ontbreekt: bepaal of lokalisatie of bewust locale-specifiek gebruik nodig is.
en,https://go2-thailand.com/city/koh-samui/attractions/lamai-beach/,/city/koh-samui/attractions/lamai-beach/,/city/koh-samui/attractions/lamai-beach/,attraction-detail,no,attraction-detail,template-improve,P2,provisional,Schaalbare familie; onderzoek en verbeter eerst het gedeelde template en een pilot-URL. Taalpaar ontbreekt: bepaal of lokalisatie of bewust locale-specifiek gebruik nodig is.
en,https://go2-thailand.com/city/koh-samui/attractions/maenam-beach/,/city/koh-samui/attractions/maenam-beach/,/city/koh-samui/attractions/maenam-beach/,attraction-detail,no,attraction-detail,template-improve,P2,provisional,Schaalbare familie; onderzoek en verbeter eerst het gedeelde template en een pilot-URL. Taalpaar ontbreekt: bepaal of lokalisatie of bewust locale-specifiek gebruik nodig is.
en,https://go2-thailand.com/city/koh-samui/attractions/na-muang-waterfall/,/city/koh-samui/attractions/na-muang-waterfall/,/city/koh-samui/attractions/na-muang-waterfall/,attraction-detail,no,attraction-detail,template-improve,P2,provisional,Schaalbare familie; onderzoek en verbeter eerst het gedeelde template en een pilot-URL. Taalpaar ontbreekt: bepaal of lokalisatie of bewust locale-specifiek gebruik nodig is.
en,https://go2-thailand.com/city/koh-samui/attractions/samui-elephant-sanctuary/,/city/koh-samui/attractions/samui-elephant-sanctuary/,/city/koh-samui/attractions/samui-elephant-sanctuary/,attraction-detail,no,attraction-detail,template-improve,P2,provisional,Schaalbare familie; onderzoek en verbeter eerst het gedeelde template en een pilot-URL. Taalpaar ontbreekt: bepaal of lokalisatie of bewust locale-specifiek gebruik nodig is.
en,https://go2-thailand.com/city/koh-samui/attractions/secret-buddha-garden/,/city/koh-samui/attractions/secret-buddha-garden/,/city/koh-samui/attractions/secret-buddha-garden/,attraction-detail,no,attraction-detail,template-improve,P2,provisional,Schaalbare familie; onderzoek en verbeter eerst het gedeelde template en een pilot-URL. Taalpaar ontbreekt: bepaal of lokalisatie of bewust locale-specifiek gebruik nodig is.
en,https://go2-thailand.com/city/koh-samui/attractions/wat-plai-laem/,/city/koh-samui/attractions/wat-plai-laem/,/city/koh-samui/attractions/wat-plai-laem/,attraction-detail,yes,attraction-detail,template-improve,P2,provisional,Schaalbare familie; onderzoek en verbeter eerst het gedeelde template en een pilot-URL.
en,https://go2-thailand.com/city/nakhon-si-thammarat/attractions/bovorn-bazaar-night-market/,/city/nakhon-si-thammarat/attractions/bovorn-bazaar-night-market/,/city/nakhon-si-thammarat/attractions/bovorn-bazaar-night-market/,attraction-detail,no,attraction-detail,template-improve,P2,provisional,Schaalbare familie; onderzoek en verbeter eerst het gedeelde template en een pilot-URL. Taalpaar ontbreekt: bepaal of lokalisatie of bewust locale-specifiek gebruik nodig is.
en,https://go2-thailand.com/city/nakhon-si-thammarat/attractions/khao-luang-national-park/,/city/nakhon-si-thammarat/attractions/khao-luang-national-park/,/city/nakhon-si-thammarat/attractions/khao-luang-national-park/,attraction-detail,no,attraction-detail,template-improve,P2,provisional,Schaalbare familie; onderzoek en verbeter eerst het gedeelde template en een pilot-URL. Taalpaar ontbreekt: bepaal of lokalisatie of bewust locale-specifiek gebruik nodig is.
en,https://go2-thailand.com/city/nakhon-si-thammarat/attractions/kiriwong-village/,/city/nakhon-si-thammarat/attractions/kiriwong-village/,/city/nakhon-si-thammarat/attractions/kiriwong-village/,attraction-detail,no,attraction-detail,template-improve,P2,provisional,Schaalbare familie; onderzoek en verbeter eerst het gedeelde template en een pilot-URL. Taalpaar ontbreekt: bepaal of lokalisatie of bewust locale-specifiek gebruik nodig is.
en,https://go2-thailand.com/city/nakhon-si-thammarat/attractions/krung-ching-waterfall/,/city/nakhon-si-thammarat/attractions/krung-ching-waterfall/,/city/nakhon-si-thammarat/attractions/krung-ching-waterfall/,attraction-detail,no,attraction-detail,template-improve,P2,provisional,Schaalbare familie; onderzoek en verbeter eerst het gedeelde template en een pilot-URL. Taalpaar ontbreekt: bepaal of lokalisatie of bewust locale-specifiek gebruik nodig is.
en,https://go2-thailand.com/city/nakhon-si-thammarat/attractions/nakhon-city-wall/,/city/nakhon-si-thammarat/attractions/nakhon-city-wall/,/city/nakhon-si-thammarat/attractions/nakhon-city-wall/,attraction-detail,no,attraction-detail,template-improve,P2,provisional,Schaalbare familie; onderzoek en verbeter eerst het gedeelde template en een pilot-URL. Taalpaar ontbreekt: bepaal of lokalisatie of bewust locale-specifiek gebruik nodig is.
en,https://go2-thailand.com/city/nakhon-si-thammarat/attractions/nakhon-national-museum/,/city/nakhon-si-thammarat/attractions/nakhon-national-museum/,/city/nakhon-si-thammarat/attractions/nakhon-national-museum/,attraction-detail,no,attraction-detail,template-improve,P2,provisional,Schaalbare familie; onderzoek en verbeter eerst het gedeelde template en een pilot-URL. Taalpaar ontbreekt: bepaal of lokalisatie of bewust locale-specifiek gebruik nodig is.
en,https://go2-thailand.com/city/nakhon-si-thammarat/attractions/shadow-puppet-museum/,/city/nakhon-si-thammarat/attractions/shadow-puppet-museum/,/city/nakhon-si-thammarat/attractions/shadow-puppet-museum/,attraction-detail,no,attraction-detail,template-improve,P2,provisional,Schaalbare familie; onderzoek en verbeter eerst het gedeelde template en een pilot-URL. Taalpaar ontbreekt: bepaal of lokalisatie of bewust locale-specifiek gebruik nodig is.
en,https://go2-thailand.com/city/nakhon-si-thammarat/attractions/wat-phra-mahathat/,/city/nakhon-si-thammarat/attractions/wat-phra-mahathat/,/city/nakhon-si-thammarat/attractions/wat-phra-mahathat/,attraction-detail,no,attraction-detail,template-improve,P2,provisional,Schaalbare familie; onderzoek en verbeter eerst het gedeelde template en een pilot-URL. Taalpaar ontbreekt: bepaal of lokalisatie of bewust locale-specifiek gebruik nodig is.
en,https://go2-thailand.com/city/nakhon-si-thammarat/attractions/wat-wang-tawan-tok/,/city/nakhon-si-thammarat/attractions/wat-wang-tawan-tok/,/city/nakhon-si-thammarat/attractions/wat-wang-tawan-tok/,attraction-detail,no,attraction-detail,template-improve,P2,provisional,Schaalbare familie; onderzoek en verbeter eerst het gedeelde template en een pilot-URL. Taalpaar ontbreekt: bepaal of lokalisatie of bewust locale-specifiek gebruik nodig is.
en,https://go2-thailand.com/city/trang/attractions/emerald-cave-tham-morakot/,/city/trang/attractions/emerald-cave-tham-morakot/,/city/trang/attractions/emerald-cave-tham-morakot/,attraction-detail,no,attraction-detail,template-improve,P2,provisional,Schaalbare familie; onderzoek en verbeter eerst het gedeelde template en een pilot-URL. Taalpaar ontbreekt: bepaal of lokalisatie of bewust locale-specifiek gebruik nodig is.
en,https://go2-thailand.com/city/trang/attractions/hat-chao-mai-national-park/,/city/trang/attractions/hat-chao-mai-national-park/,/city/trang/attractions/hat-chao-mai-national-park/,attraction-detail,no,attraction-detail,template-improve,P2,provisional,Schaalbare familie; onderzoek en verbeter eerst het gedeelde template en een pilot-URL. Taalpaar ontbreekt: bepaal of lokalisatie of bewust locale-specifiek gebruik nodig is.
en,https://go2-thailand.com/city/trang/attractions/koh-kradan/,/city/trang/attractions/koh-kradan/,/city/trang/attractions/koh-kradan/,attraction-detail,no,attraction-detail,template-improve,P2,provisional,Schaalbare familie; onderzoek en verbeter eerst het gedeelde template en een pilot-URL. Taalpaar ontbreekt: bepaal of lokalisatie of bewust locale-specifiek gebruik nodig is.
en,https://go2-thailand.com/city/trang/attractions/koh-libong/,/city/trang/attractions/koh-libong/,/city/trang/attractions/koh-libong/,attraction-detail,no,attraction-detail,template-improve,P2,provisional,Schaalbare familie; onderzoek en verbeter eerst het gedeelde template en een pilot-URL. Taalpaar ontbreekt: bepaal of lokalisatie of bewust locale-specifiek gebruik nodig is.
en,https://go2-thailand.com/city/trang/attractions/koh-muk/,/city/trang/attractions/koh-muk/,/city/trang/attractions/koh-muk/,attraction-detail,no,attraction-detail,template-improve,P2,provisional,Schaalbare familie; onderzoek en verbeter eerst het gedeelde template en een pilot-URL. Taalpaar ontbreekt: bepaal of lokalisatie of bewust locale-specifiek gebruik nodig is.
en,https://go2-thailand.com/city/trang/attractions/koh-ngai/,/city/trang/attractions/koh-ngai/,/city/trang/attractions/koh-ngai/,attraction-detail,no,attraction-detail,template-improve,P2,provisional,Schaalbare familie; onderzoek en verbeter eerst het gedeelde template en een pilot-URL. Taalpaar ontbreekt: bepaal of lokalisatie of bewust locale-specifiek gebruik nodig is.
en,https://go2-thailand.com/city/trang/attractions/pak-meng-beach/,/city/trang/attractions/pak-meng-beach/,/city/trang/attractions/pak-meng-beach/,attraction-detail,no,attraction-detail,template-improve,P2,provisional,Schaalbare familie; onderzoek en verbeter eerst het gedeelde template en een pilot-URL. Taalpaar ontbreekt: bepaal of lokalisatie of bewust locale-specifiek gebruik nodig is.
en,https://go2-thailand.com/city/trang/attractions/phraya-ratsadanupradit-monument/,/city/trang/attractions/phraya-ratsadanupradit-monument/,/city/trang/attractions/phraya-ratsadanupradit-monument/,attraction-detail,no,attraction-detail,template-improve,P2,provisional,Schaalbare familie; onderzoek en verbeter eerst het gedeelde template en een pilot-URL. Taalpaar ontbreekt: bepaal of lokalisatie of bewust locale-specifiek gebruik nodig is.
en,https://go2-thailand.com/city/trang/attractions/trang-night-market/,/city/trang/attractions/trang-night-market/,/city/trang/attractions/trang-night-market/,attraction-detail,no,attraction-detail,template-improve,P2,provisional,Schaalbare familie; onderzoek en verbeter eerst het gedeelde template en een pilot-URL. Taalpaar ontbreekt: bepaal of lokalisatie of bewust locale-specifiek gebruik nodig is.
en,https://go2-thailand.com/city/chumphon/attractions/ao-thung-makham/,/city/chumphon/attractions/ao-thung-makham/,/city/chumphon/attractions/ao-thung-makham/,attraction-detail,no,attraction-detail,template-improve,P2,provisional,Schaalbare familie; onderzoek en verbeter eerst het gedeelde template en een pilot-URL. Taalpaar ontbreekt: bepaal of lokalisatie of bewust locale-specifiek gebruik nodig is.
en,https://go2-thailand.com/city/chumphon/attractions/khao-matsee-viewpoint/,/city/chumphon/attractions/khao-matsee-viewpoint/,/city/chumphon/attractions/khao-matsee-viewpoint/,attraction-detail,no,attraction-detail,template-improve,P2,provisional,Schaalbare familie; onderzoek en verbeter eerst het gedeelde template en een pilot-URL. Taalpaar ontbreekt: bepaal of lokalisatie of bewust locale-specifiek gebruik nodig is.
en,https://go2-thailand.com/city/chumphon/attractions/mu-ko-chumphon-national-park/,/city/chumphon/attractions/mu-ko-chumphon-national-park/,/city/chumphon/attractions/mu-ko-chumphon-national-park/,attraction-detail,no,attraction-detail,template-improve,P2,provisional,Schaalbare familie; onderzoek en verbeter eerst het gedeelde template en een pilot-URL. Taalpaar ontbreekt: bepaal of lokalisatie of bewust locale-specifiek gebruik nodig is.
en,https://go2-thailand.com/city/chumphon/attractions/pak-nam-chumphon/,/city/chumphon/attractions/pak-nam-chumphon/,/city/chumphon/attractions/pak-nam-chumphon/,attraction-detail,no,attraction-detail,template-improve,P2,provisional,Schaalbare familie; onderzoek en verbeter eerst het gedeelde template en een pilot-URL. Taalpaar ontbreekt: bepaal of lokalisatie of bewust locale-specifiek gebruik nodig is.
en,https://go2-thailand.com/city/chumphon/attractions/prince-of-chumphon-shrine/,/city/chumphon/attractions/prince-of-chumphon-shrine/,/city/chumphon/attractions/prince-of-chumphon-shrine/,attraction-detail,no,attraction-detail,template-improve,P2,provisional,Schaalbare familie; onderzoek en verbeter eerst het gedeelde template en een pilot-URL. Taalpaar ontbreekt: bepaal of lokalisatie of bewust locale-specifiek gebruik nodig is.
en,https://go2-thailand.com/city/chumphon/attractions/rab-ro-canal/,/city/chumphon/attractions/rab-ro-canal/,/city/chumphon/attractions/rab-ro-canal/,attraction-detail,no,attraction-detail,template-improve,P2,provisional,Schaalbare familie; onderzoek en verbeter eerst het gedeelde template en een pilot-URL. Taalpaar ontbreekt: bepaal of lokalisatie of bewust locale-specifiek gebruik nodig is.
en,https://go2-thailand.com/city/chumphon/attractions/sapli-beach/,/city/chumphon/attractions/sapli-beach/,/city/chumphon/attractions/sapli-beach/,attraction-detail,no,attraction-detail,template-improve,P2,provisional,Schaalbare familie; onderzoek en verbeter eerst het gedeelde template en een pilot-URL. Taalpaar ontbreekt: bepaal of lokalisatie of bewust locale-specifiek gebruik nodig is.
en,https://go2-thailand.com/city/chumphon/attractions/thung-wua-laen-beach/,/city/chumphon/attractions/thung-wua-laen-beach/,/city/chumphon/attractions/thung-wua-laen-beach/,attraction-detail,no,attraction-detail,template-improve,P2,provisional,Schaalbare familie; onderzoek en verbeter eerst het gedeelde template en een pilot-URL. Taalpaar ontbreekt: bepaal of lokalisatie of bewust locale-specifiek gebruik nodig is.
en,https://go2-thailand.com/city/chanthaburi/attractions/cathedral-immaculate-conception/,/city/chanthaburi/attractions/cathedral-immaculate-conception/,/city/chanthaburi/attractions/cathedral-immaculate-conception/,attraction-detail,no,attraction-detail,template-improve,P2,provisional,Schaalbare familie; onderzoek en verbeter eerst het gedeelde template en een pilot-URL. Taalpaar ontbreekt: bepaal of lokalisatie of bewust locale-specifiek gebruik nodig is.
en,https://go2-thailand.com/city/chanthaburi/attractions/chanthaburi-night-market/,/city/chanthaburi/attractions/chanthaburi-night-market/,/city/chanthaburi/attractions/chanthaburi-night-market/,attraction-detail,no,attraction-detail,template-improve,P2,provisional,Schaalbare familie; onderzoek en verbeter eerst het gedeelde template en een pilot-URL. Taalpaar ontbreekt: bepaal of lokalisatie of bewust locale-specifiek gebruik nodig is.
en,https://go2-thailand.com/city/chanthaburi/attractions/chanthaburi-old-town/,/city/chanthaburi/attractions/chanthaburi-old-town/,/city/chanthaburi/attractions/chanthaburi-old-town/,attraction-detail,no,attraction-detail,template-improve,P2,provisional,Schaalbare familie; onderzoek en verbeter eerst het gedeelde template en een pilot-URL. Taalpaar ontbreekt: bepaal of lokalisatie of bewust locale-specifiek gebruik nodig is.
en,https://go2-thailand.com/city/chanthaburi/attractions/fruit-orchards/,/city/chanthaburi/attractions/fruit-orchards/,/city/chanthaburi/attractions/fruit-orchards/,attraction-detail,no,attraction-detail,template-improve,P2,provisional,Schaalbare familie; onderzoek en verbeter eerst het gedeelde template en een pilot-URL. Taalpaar ontbreekt: bepaal of lokalisatie of bewust locale-specifiek gebruik nodig is.
en,https://go2-thailand.com/city/chanthaburi/attractions/gem-market/,/city/chanthaburi/attractions/gem-market/,/city/chanthaburi/attractions/gem-market/,attraction-detail,no,attraction-detail,template-improve,P2,provisional,Schaalbare familie; onderzoek en verbeter eerst het gedeelde template en een pilot-URL. Taalpaar ontbreekt: bepaal of lokalisatie of bewust locale-specifiek gebruik nodig is.
en,https://go2-thailand.com/city/chanthaburi/attractions/khitung-waterfall/,/city/chanthaburi/attractions/khitung-waterfall/,/city/chanthaburi/attractions/khitung-waterfall/,attraction-detail,no,attraction-detail,template-improve,P2,provisional,Schaalbare familie; onderzoek en verbeter eerst het gedeelde template en een pilot-URL. Taalpaar ontbreekt: bepaal of lokalisatie of bewust locale-specifiek gebruik nodig is.
en,https://go2-thailand.com/city/chanthaburi/attractions/kung-krabaen-bay/,/city/chanthaburi/attractions/kung-krabaen-bay/,/city/chanthaburi/attractions/kung-krabaen-bay/,attraction-detail,no,attraction-detail,template-improve,P2,provisional,Schaalbare familie; onderzoek en verbeter eerst het gedeelde template en een pilot-URL. Taalpaar ontbreekt: bepaal of lokalisatie of bewust locale-specifiek gebruik nodig is.
en,https://go2-thailand.com/city/chanthaburi/attractions/namtok-phlio-national-park/,/city/chanthaburi/attractions/namtok-phlio-national-park/,/city/chanthaburi/attractions/namtok-phlio-national-park/,attraction-detail,no,attraction-detail,template-improve,P2,provisional,Schaalbare familie; onderzoek en verbeter eerst het gedeelde template en een pilot-URL. Taalpaar ontbreekt: bepaal of lokalisatie of bewust locale-specifiek gebruik nodig is.
en,https://go2-thailand.com/city/chanthaburi/attractions/oasis-sea-world/,/city/chanthaburi/attractions/oasis-sea-world/,/city/chanthaburi/attractions/oasis-sea-world/,attraction-detail,no,attraction-detail,template-improve,P2,provisional,Schaalbare familie; onderzoek en verbeter eerst het gedeelde template en een pilot-URL. Taalpaar ontbreekt: bepaal of lokalisatie of bewust locale-specifiek gebruik nodig is.
en,https://go2-thailand.com/thailand-in/january/,/thailand-in/january/,/thailand-in/january/,other,yes,manual-review,manual-audit,P3,provisional,"Controleer zoekintentie, contentkwaliteit en indexatiewaarde handmatig."
en,https://go2-thailand.com/thailand-in/february/,/thailand-in/february/,/thailand-in/february/,other,yes,manual-review,manual-audit,P3,provisional,"Controleer zoekintentie, contentkwaliteit en indexatiewaarde handmatig."
en,https://go2-thailand.com/thailand-in/march/,/thailand-in/march/,/thailand-in/march/,other,yes,manual-review,manual-audit,P3,provisional,"Controleer zoekintentie, contentkwaliteit en indexatiewaarde handmatig."
en,https://go2-thailand.com/thailand-in/april/,/thailand-in/april/,/thailand-in/april/,other,yes,manual-review,manual-audit,P3,provisional,"Controleer zoekintentie, contentkwaliteit en indexatiewaarde handmatig."
en,https://go2-thailand.com/thailand-in/may/,/thailand-in/may/,/thailand-in/may/,other,yes,manual-review,manual-audit,P3,provisional,"Controleer zoekintentie, contentkwaliteit en indexatiewaarde handmatig."
en,https://go2-thailand.com/thailand-in/june/,/thailand-in/june/,/thailand-in/june/,other,yes,manual-review,manual-audit,P3,provisional,"Controleer zoekintentie, contentkwaliteit en indexatiewaarde handmatig."
en,https://go2-thailand.com/thailand-in/july/,/thailand-in/july/,/thailand-in/july/,other,yes,manual-review,manual-audit,P3,provisional,"Controleer zoekintentie, contentkwaliteit en indexatiewaarde handmatig."
en,https://go2-thailand.com/thailand-in/august/,/thailand-in/august/,/thailand-in/august/,other,yes,manual-review,manual-audit,P3,provisional,"Controleer zoekintentie, contentkwaliteit en indexatiewaarde handmatig."
en,https://go2-thailand.com/thailand-in/september/,/thailand-in/september/,/thailand-in/september/,other,yes,manual-review,manual-audit,P3,provisional,"Controleer zoekintentie, contentkwaliteit en indexatiewaarde handmatig."
en,https://go2-thailand.com/thailand-in/october/,/thailand-in/october/,/thailand-in/october/,other,yes,manual-review,manual-audit,P3,provisional,"Controleer zoekintentie, contentkwaliteit en indexatiewaarde handmatig."
en,https://go2-thailand.com/thailand-in/november/,/thailand-in/november/,/thailand-in/november/,other,yes,manual-review,manual-audit,P3,provisional,"Controleer zoekintentie, contentkwaliteit en indexatiewaarde handmatig."
en,https://go2-thailand.com/thailand-in/december/,/thailand-in/december/,/thailand-in/december/,other,yes,manual-review,manual-audit,P3,provisional,"Controleer zoekintentie, contentkwaliteit en indexatiewaarde handmatig."
en,https://go2-thailand.com/islands/koh-samui/,/islands/koh-samui/,/islands/koh-samui/,island,yes,island,template-audit,P2,provisional,Behoud voorlopig; valideer indexatiewaarde en templatekwaliteit per cluster.
en,https://go2-thailand.com/islands/koh-phangan/,/islands/koh-phangan/,/islands/koh-phangan/,island,yes,island,template-audit,P2,provisional,Behoud voorlopig; valideer indexatiewaarde en templatekwaliteit per cluster.
en,https://go2-thailand.com/islands/koh-tao/,/islands/koh-tao/,/islands/koh-tao/,island,yes,island,template-audit,P2,provisional,Behoud voorlopig; valideer indexatiewaarde en templatekwaliteit per cluster.
en,https://go2-thailand.com/islands/koh-phi-phi/,/islands/koh-phi-phi/,/islands/koh-phi-phi/,island,yes,island,template-audit,P2,provisional,Behoud voorlopig; valideer indexatiewaarde en templatekwaliteit per cluster.
en,https://go2-thailand.com/islands/koh-lanta/,/islands/koh-lanta/,/islands/koh-lanta/,island,yes,island,template-audit,P2,provisional,Behoud voorlopig; valideer indexatiewaarde en templatekwaliteit per cluster.
en,https://go2-thailand.com/islands/koh-chang/,/islands/koh-chang/,/islands/koh-chang/,island,yes,island,template-audit,P2,provisional,Behoud voorlopig; valideer indexatiewaarde en templatekwaliteit per cluster.
en,https://go2-thailand.com/islands/koh-lipe/,/islands/koh-lipe/,/islands/koh-lipe/,island,yes,island,template-audit,P2,provisional,Behoud voorlopig; valideer indexatiewaarde en templatekwaliteit per cluster.
en,https://go2-thailand.com/islands/koh-yao-noi/,/islands/koh-yao-noi/,/islands/koh-yao-noi/,island,yes,island,template-audit,P2,provisional,Behoud voorlopig; valideer indexatiewaarde en templatekwaliteit per cluster.
en,https://go2-thailand.com/islands/koh-mak/,/islands/koh-mak/,/islands/koh-mak/,island,yes,island,template-audit,P2,provisional,Behoud voorlopig; valideer indexatiewaarde en templatekwaliteit per cluster.
en,https://go2-thailand.com/islands/koh-samet/,/islands/koh-samet/,/islands/koh-samet/,island,yes,island,template-audit,P2,provisional,Behoud voorlopig; valideer indexatiewaarde en templatekwaliteit per cluster.
en,https://go2-thailand.com/islands/phuket/,/islands/phuket/,/islands/phuket/,island,yes,island,template-audit,P2,provisional,Behoud voorlopig; valideer indexatiewaarde en templatekwaliteit per cluster.
en,https://go2-thailand.com/visa/visa-free-entry/,/visa/visa-free-entry/,/visa/visa-free-entry/,practical,yes,practical,template-audit,P2,provisional,Behoud voorlopig; valideer indexatiewaarde en templatekwaliteit per cluster.
en,https://go2-thailand.com/visa/tourist-visa/,/visa/tourist-visa/,/visa/tourist-visa/,practical,yes,practical,template-audit,P2,provisional,Behoud voorlopig; valideer indexatiewaarde en templatekwaliteit per cluster.
en,https://go2-thailand.com/visa/digital-nomad-visa/,/visa/digital-nomad-visa/,/visa/digital-nomad-visa/,practical,yes,practical,template-audit,P2,provisional,Behoud voorlopig; valideer indexatiewaarde en templatekwaliteit per cluster.
en,https://go2-thailand.com/visa/retirement-visa/,/visa/retirement-visa/,/visa/retirement-visa/,practical,yes,practical,template-audit,P2,provisional,Behoud voorlopig; valideer indexatiewaarde en templatekwaliteit per cluster.
en,https://go2-thailand.com/visa/education-visa/,/visa/education-visa/,/visa/education-visa/,practical,yes,practical,template-audit,P2,provisional,Behoud voorlopig; valideer indexatiewaarde en templatekwaliteit per cluster.
en,https://go2-thailand.com/visa/thailand-elite-visa/,/visa/thailand-elite-visa/,/visa/thailand-elite-visa/,practical,yes,practical,template-audit,P2,provisional,Behoud voorlopig; valideer indexatiewaarde en templatekwaliteit per cluster.
en,https://go2-thailand.com/visa/ltr-visa/,/visa/ltr-visa/,/visa/ltr-visa/,practical,yes,practical,template-audit,P2,provisional,Behoud voorlopig; valideer indexatiewaarde en templatekwaliteit per cluster.
en,https://go2-thailand.com/visa/visa-extension/,/visa/visa-extension/,/visa/visa-extension/,practical,yes,practical,template-audit,P2,provisional,Behoud voorlopig; valideer indexatiewaarde en templatekwaliteit per cluster.
en,https://go2-thailand.com/visa/digital-arrival-card/,/visa/digital-arrival-card/,/visa/digital-arrival-card/,practical,yes,practical,template-audit,P2,provisional,Behoud voorlopig; valideer indexatiewaarde en templatekwaliteit per cluster.
en,https://go2-thailand.com/practical-info/scams-safety/,/practical-info/scams-safety/,/practical-info/scams-safety/,practical,yes,practical,template-audit,P2,provisional,Behoud voorlopig; valideer indexatiewaarde en templatekwaliteit per cluster.
en,https://go2-thailand.com/practical-info/atm-money/,/practical-info/atm-money/,/practical-info/atm-money/,practical,yes,practical,template-audit,P2,provisional,Behoud voorlopig; valideer indexatiewaarde en templatekwaliteit per cluster.
en,https://go2-thailand.com/practical-info/packing-list/,/practical-info/packing-list/,/practical-info/packing-list/,practical,yes,practical,template-audit,P2,provisional,Behoud voorlopig; valideer indexatiewaarde en templatekwaliteit per cluster.
en,https://go2-thailand.com/practical-info/health-vaccinations/,/practical-info/health-vaccinations/,/practical-info/health-vaccinations/,practical,yes,practical,template-audit,P2,provisional,Behoud voorlopig; valideer indexatiewaarde en templatekwaliteit per cluster.
en,https://go2-thailand.com/practical-info/etiquette-culture/,/practical-info/etiquette-culture/,/practical-info/etiquette-culture/,practical,yes,practical,template-audit,P2,provisional,Behoud voorlopig; valideer indexatiewaarde en templatekwaliteit per cluster.
en,https://go2-thailand.com/travel-guides/thailand-weather/,/travel-guides/thailand-weather/,/travel-guides/thailand-weather/,travel-guide,yes,travel-guide,freshness-audit,P2,provisional,"Controleer zoekintentie, feiten, datumclaims, interne links en consolidatiekansen."
en,https://go2-thailand.com/travel-guides/scooter-rental-thailand/,/travel-guides/scooter-rental-thailand/,/travel-guides/scooter-rental-thailand/,travel-guide,yes,travel-guide,freshness-audit,P2,provisional,"Controleer zoekintentie, feiten, datumclaims, interne links en consolidatiekansen."
en,https://go2-thailand.com/travel-guides/sim-card-thailand/,/travel-guides/sim-card-thailand/,/travel-guides/sim-card-thailand/,travel-guide,yes,travel-guide,freshness-audit,P2,provisional,"Controleer zoekintentie, feiten, datumclaims, interne links en consolidatiekansen."
en,https://go2-thailand.com/travel-guides/vpn-thailand/,/travel-guides/vpn-thailand/,/travel-guides/vpn-thailand/,travel-guide,yes,travel-guide,freshness-audit,P2,provisional,"Controleer zoekintentie, feiten, datumclaims, interne links en consolidatiekansen."
en,https://go2-thailand.com/travel-guides/expat-long-stay-thailand/,/travel-guides/expat-long-stay-thailand/,/travel-guides/expat-long-stay-thailand/,travel-guide,yes,travel-guide,freshness-audit,P2,provisional,"Controleer zoekintentie, feiten, datumclaims, interne links en consolidatiekansen."
en,https://go2-thailand.com/travel-guides/health-hospitals-thailand/,/travel-guides/health-hospitals-thailand/,/travel-guides/health-hospitals-thailand/,travel-guide,yes,travel-guide,freshness-audit,P2,provisional,"Controleer zoekintentie, feiten, datumclaims, interne links en consolidatiekansen."
en,https://go2-thailand.com/travel-guides/diving-snorkeling-thailand/,/travel-guides/diving-snorkeling-thailand/,/travel-guides/diving-snorkeling-thailand/,travel-guide,yes,travel-guide,freshness-audit,P2,provisional,"Controleer zoekintentie, feiten, datumclaims, interne links en consolidatiekansen."
en,https://go2-thailand.com/travel-guides/hiking-trekking-thailand/,/travel-guides/hiking-trekking-thailand/,/travel-guides/hiking-trekking-thailand/,travel-guide,yes,travel-guide,freshness-audit,P2,provisional,"Controleer zoekintentie, feiten, datumclaims, interne links en consolidatiekansen."
en,https://go2-thailand.com/travel-guides/festivals-events-thailand/,/travel-guides/festivals-events-thailand/,/travel-guides/festivals-events-thailand/,travel-guide,yes,travel-guide,freshness-audit,P2,provisional,"Controleer zoekintentie, feiten, datumclaims, interne links en consolidatiekansen."
en,https://go2-thailand.com/travel-guides/shopping-markets-thailand/,/travel-guides/shopping-markets-thailand/,/travel-guides/shopping-markets-thailand/,travel-guide,yes,travel-guide,freshness-audit,P2,provisional,"Controleer zoekintentie, feiten, datumclaims, interne links en consolidatiekansen."
en,https://go2-thailand.com/travel-guides/dangerous-animals-thailand/,/travel-guides/dangerous-animals-thailand/,/travel-guides/dangerous-animals-thailand/,travel-guide,yes,travel-guide,freshness-audit,P2,provisional,"Controleer zoekintentie, feiten, datumclaims, interne links en consolidatiekansen."
en,https://go2-thailand.com/travel-guides/national-parks-thailand/,/travel-guides/national-parks-thailand/,/travel-guides/national-parks-thailand/,travel-guide,yes,travel-guide,freshness-audit,P2,provisional,"Controleer zoekintentie, feiten, datumclaims, interne links en consolidatiekansen."
en,https://go2-thailand.com/travel-guides/nightlife-rooftop-bars-thailand/,/travel-guides/nightlife-rooftop-bars-thailand/,/travel-guides/nightlife-rooftop-bars-thailand/,travel-guide,yes,travel-guide,freshness-audit,P2,provisional,"Controleer zoekintentie, feiten, datumclaims, interne links en consolidatiekansen."
en,https://go2-thailand.com/travel-guides/first-time-thailand/,/travel-guides/first-time-thailand/,/travel-guides/first-time-thailand/,travel-guide,no,travel-guide,freshness-audit,P2,provisional,"Controleer zoekintentie, feiten, datumclaims, interne links en consolidatiekansen. Taalpaar ontbreekt: bepaal of lokalisatie of bewust locale-specifiek gebruik nodig is."
en,https://go2-thailand.com/travel-guides/thailand-with-kids/,/travel-guides/thailand-with-kids/,/travel-guides/thailand-with-kids/,travel-guide,yes,travel-guide,freshness-audit,P2,provisional,"Controleer zoekintentie, feiten, datumclaims, interne links en consolidatiekansen."
en,https://go2-thailand.com/travel-guides/solo-female-travel-thailand/,/travel-guides/solo-female-travel-thailand/,/travel-guides/solo-female-travel-thailand/,travel-guide,yes,travel-guide,freshness-audit,P2,provisional,"Controleer zoekintentie, feiten, datumclaims, interne links en consolidatiekansen."
en,https://go2-thailand.com/travel-guides/thai-etiquette-dos-donts/,/travel-guides/thai-etiquette-dos-donts/,/travel-guides/thai-etiquette-dos-donts/,travel-guide,yes,travel-guide,freshness-audit,P2,provisional,"Controleer zoekintentie, feiten, datumclaims, interne links en consolidatiekansen."
en,https://go2-thailand.com/travel-guides/vaccinations-travel-health-thailand/,/travel-guides/vaccinations-travel-health-thailand/,/travel-guides/vaccinations-travel-health-thailand/,travel-guide,yes,travel-guide,freshness-audit,P2,provisional,"Controleer zoekintentie, feiten, datumclaims, interne links en consolidatiekansen."
en,https://go2-thailand.com/travel-guides/thai-phrases-language/,/travel-guides/thai-phrases-language/,/travel-guides/thai-phrases-language/,travel-guide,yes,travel-guide,freshness-audit,P2,provisional,"Controleer zoekintentie, feiten, datumclaims, interne links en consolidatiekansen."
en,https://go2-thailand.com/travel-guides/vegetarian-vegan-thailand/,/travel-guides/vegetarian-vegan-thailand/,/travel-guides/vegetarian-vegan-thailand/,travel-guide,yes,travel-guide,freshness-audit,P2,provisional,"Controleer zoekintentie, feiten, datumclaims, interne links en consolidatiekansen."
en,https://go2-thailand.com/travel-guides/thai-cuisine-food-guide/,/travel-guides/thai-cuisine-food-guide/,/travel-guides/thai-cuisine-food-guide/,travel-guide,yes,travel-guide,freshness-audit,P2,provisional,"Controleer zoekintentie, feiten, datumclaims, interne links en consolidatiekansen."
en,https://go2-thailand.com/travel-guides/7-eleven-thailand/,/travel-guides/7-eleven-thailand/,/travel-guides/7-eleven-thailand/,travel-guide,yes,travel-guide,freshness-audit,P2,provisional,"Controleer zoekintentie, feiten, datumclaims, interne links en consolidatiekansen."
en,https://go2-thailand.com/travel-guides/hidden-gems-off-beaten-path-thailand/,/travel-guides/hidden-gems-off-beaten-path-thailand/,/travel-guides/hidden-gems-off-beaten-path-thailand/,travel-guide,yes,travel-guide,freshness-audit,P2,provisional,"Controleer zoekintentie, feiten, datumclaims, interne links en consolidatiekansen."
en,https://go2-thailand.com/travel-guides/history-culture-thailand/,/travel-guides/history-culture-thailand/,/travel-guides/history-culture-thailand/,travel-guide,yes,travel-guide,freshness-audit,P2,provisional,"Controleer zoekintentie, feiten, datumclaims, interne links en consolidatiekansen."
en,https://go2-thailand.com/itineraries/3-days-bangkok/,/itineraries/3-days-bangkok/,/itineraries/3-days-bangkok/,itinerary,yes,itinerary,template-audit,P2,provisional,Behoud voorlopig; valideer indexatiewaarde en templatekwaliteit per cluster.
en,https://go2-thailand.com/itineraries/3-days-northern/,/itineraries/3-days-northern/,/itineraries/3-days-northern/,itinerary,yes,itinerary,template-audit,P2,provisional,Behoud voorlopig; valideer indexatiewaarde en templatekwaliteit per cluster.
en,https://go2-thailand.com/itineraries/3-days-islands/,/itineraries/3-days-islands/,/itineraries/3-days-islands/,itinerary,yes,itinerary,template-audit,P2,provisional,Behoud voorlopig; valideer indexatiewaarde en templatekwaliteit per cluster.
en,https://go2-thailand.com/itineraries/5-days-bangkok-central/,/itineraries/5-days-bangkok-central/,/itineraries/5-days-bangkok-central/,itinerary,yes,itinerary,template-audit,P2,provisional,Behoud voorlopig; valideer indexatiewaarde en templatekwaliteit per cluster.
en,https://go2-thailand.com/itineraries/5-days-northern/,/itineraries/5-days-northern/,/itineraries/5-days-northern/,itinerary,yes,itinerary,template-audit,P2,provisional,Behoud voorlopig; valideer indexatiewaarde en templatekwaliteit per cluster.
en,https://go2-thailand.com/itineraries/5-days-southern-beaches/,/itineraries/5-days-southern-beaches/,/itineraries/5-days-southern-beaches/,itinerary,yes,itinerary,template-audit,P2,provisional,Behoud voorlopig; valideer indexatiewaarde en templatekwaliteit per cluster.
en,https://go2-thailand.com/itineraries/7-days-bangkok-north/,/itineraries/7-days-bangkok-north/,/itineraries/7-days-bangkok-north/,itinerary,yes,itinerary,template-audit,P2,provisional,Behoud voorlopig; valideer indexatiewaarde en templatekwaliteit per cluster.
en,https://go2-thailand.com/itineraries/7-days-bangkok-south/,/itineraries/7-days-bangkok-south/,/itineraries/7-days-bangkok-south/,itinerary,yes,itinerary,template-audit,P2,provisional,Behoud voorlopig; valideer indexatiewaarde en templatekwaliteit per cluster.
en,https://go2-thailand.com/itineraries/7-days-island-hopping/,/itineraries/7-days-island-hopping/,/itineraries/7-days-island-hopping/,itinerary,yes,itinerary,template-audit,P2,provisional,Behoud voorlopig; valideer indexatiewaarde en templatekwaliteit per cluster.
en,https://go2-thailand.com/itineraries/10-days-north-south/,/itineraries/10-days-north-south/,/itineraries/10-days-north-south/,itinerary,yes,itinerary,template-audit,P2,provisional,Behoud voorlopig; valideer indexatiewaarde en templatekwaliteit per cluster.
en,https://go2-thailand.com/itineraries/10-days-beach-culture/,/itineraries/10-days-beach-culture/,/itineraries/10-days-beach-culture/,itinerary,yes,itinerary,template-audit,P2,provisional,Behoud voorlopig; valideer indexatiewaarde en templatekwaliteit per cluster.
en,https://go2-thailand.com/itineraries/10-days-adventure/,/itineraries/10-days-adventure/,/itineraries/10-days-adventure/,itinerary,yes,itinerary,template-audit,P2,provisional,Behoud voorlopig; valideer indexatiewaarde en templatekwaliteit per cluster.
en,https://go2-thailand.com/itineraries/mekong-river-adventure/,/itineraries/mekong-river-adventure/,/itineraries/mekong-river-adventure/,itinerary,yes,itinerary,template-audit,P2,provisional,Behoud voorlopig; valideer indexatiewaarde en templatekwaliteit per cluster.
en,https://go2-thailand.com/itineraries/14-days-complete-thailand/,/itineraries/14-days-complete-thailand/,/itineraries/14-days-complete-thailand/,itinerary,yes,itinerary,template-audit,P2,provisional,Behoud voorlopig; valideer indexatiewaarde en templatekwaliteit per cluster.
en,https://go2-thailand.com/where-to-stay/ayutthaya/,/where-to-stay/ayutthaya/,/where-to-stay/ayutthaya/,where-to-stay,yes,hotel-guide,merge-candidate,P1,provisional,Mogelijke intentie-overlap met /best-hotels/ayutthaya/; pas redirect toe na inhoudelijke en backlink-audit.
en,https://go2-thailand.com/guides/travel-guide/ayutthaya/,/guides/travel-guide/ayutthaya/,/guides/travel-guide/ayutthaya/,travel-guide,yes,travel-guide,freshness-audit,P2,provisional,"Controleer zoekintentie, feiten, datumclaims, interne links en consolidatiekansen."
en,https://go2-thailand.com/where-to-stay/bangkok/,/where-to-stay/bangkok/,/where-to-stay/bangkok/,where-to-stay,yes,hotel-guide,merge-candidate,P1,provisional,Mogelijke intentie-overlap met /best-hotels/bangkok/; pas redirect toe na inhoudelijke en backlink-audit.
en,https://go2-thailand.com/guides/travel-guide/bangkok/,/guides/travel-guide/bangkok/,/guides/travel-guide/bangkok/,travel-guide,yes,travel-guide,freshness-audit,P2,provisional,"Controleer zoekintentie, feiten, datumclaims, interne links en consolidatiekansen."
en,https://go2-thailand.com/where-to-stay/bueng-kan/,/where-to-stay/bueng-kan/,/where-to-stay/bueng-kan/,where-to-stay,yes,hotel-guide,merge-candidate,P1,provisional,Mogelijke intentie-overlap met /best-hotels/bueng-kan/; pas redirect toe na inhoudelijke en backlink-audit.
en,https://go2-thailand.com/guides/travel-guide/bueng-kan/,/guides/travel-guide/bueng-kan/,/guides/travel-guide/bueng-kan/,travel-guide,yes,travel-guide,freshness-audit,P2,provisional,"Controleer zoekintentie, feiten, datumclaims, interne links en consolidatiekansen."
en,https://go2-thailand.com/best-hotels/buriram/,/best-hotels/buriram/,/best-hotels/buriram/,hotel-commercial,yes,hotel-guide,keep-improve,P1,provisional,Belangrijke destination- of commerciële pagina; locale-specifieke DFS-brief vereist.
en,https://go2-thailand.com/where-to-stay/buriram/,/where-to-stay/buriram/,/where-to-stay/buriram/,where-to-stay,yes,hotel-guide,merge-candidate,P1,provisional,Mogelijke intentie-overlap met /best-hotels/buriram/; pas redirect toe na inhoudelijke en backlink-audit.
en,https://go2-thailand.com/guides/travel-guide/buriram/,/guides/travel-guide/buriram/,/guides/travel-guide/buriram/,travel-guide,yes,travel-guide,freshness-audit,P2,provisional,"Controleer zoekintentie, feiten, datumclaims, interne links en consolidatiekansen."
en,https://go2-thailand.com/where-to-stay/chanthaburi/,/where-to-stay/chanthaburi/,/where-to-stay/chanthaburi/,where-to-stay,yes,hotel-guide,merge-candidate,P1,provisional,Mogelijke intentie-overlap met /best-hotels/chanthaburi/; pas redirect toe na inhoudelijke en backlink-audit.
en,https://go2-thailand.com/guides/travel-guide/chanthaburi/,/guides/travel-guide/chanthaburi/,/guides/travel-guide/chanthaburi/,travel-guide,yes,travel-guide,freshness-audit,P2,provisional,"Controleer zoekintentie, feiten, datumclaims, interne links en consolidatiekansen."
en,https://go2-thailand.com/where-to-stay/chiang-khan/,/where-to-stay/chiang-khan/,/where-to-stay/chiang-khan/,where-to-stay,yes,hotel-guide,merge-candidate,P1,provisional,Mogelijke intentie-overlap met /best-hotels/chiang-khan/; pas redirect toe na inhoudelijke en backlink-audit.
en,https://go2-thailand.com/guides/travel-guide/chiang-khan/,/guides/travel-guide/chiang-khan/,/guides/travel-guide/chiang-khan/,travel-guide,yes,travel-guide,freshness-audit,P2,provisional,"Controleer zoekintentie, feiten, datumclaims, interne links en consolidatiekansen."
en,https://go2-thailand.com/best-hotels/chiang-khong/,/best-hotels/chiang-khong/,/best-hotels/chiang-khong/,hotel-commercial,yes,hotel-guide,keep-improve,P1,provisional,Belangrijke destination- of commerciële pagina; locale-specifieke DFS-brief vereist.
en,https://go2-thailand.com/where-to-stay/chiang-khong/,/where-to-stay/chiang-khong/,/where-to-stay/chiang-khong/,where-to-stay,yes,hotel-guide,merge-candidate,P1,provisional,Mogelijke intentie-overlap met /best-hotels/chiang-khong/; pas redirect toe na inhoudelijke en backlink-audit.
en,https://go2-thailand.com/guides/travel-guide/chiang-khong/,/guides/travel-guide/chiang-khong/,/guides/travel-guide/chiang-khong/,travel-guide,yes,travel-guide,freshness-audit,P2,provisional,"Controleer zoekintentie, feiten, datumclaims, interne links en consolidatiekansen."
en,https://go2-thailand.com/where-to-stay/chiang-mai/,/where-to-stay/chiang-mai/,/where-to-stay/chiang-mai/,where-to-stay,yes,hotel-guide,merge-candidate,P1,provisional,Mogelijke intentie-overlap met /best-hotels/chiang-mai/; pas redirect toe na inhoudelijke en backlink-audit.
en,https://go2-thailand.com/guides/travel-guide/chiang-mai/,/guides/travel-guide/chiang-mai/,/guides/travel-guide/chiang-mai/,travel-guide,yes,travel-guide,freshness-audit,P2,provisional,"Controleer zoekintentie, feiten, datumclaims, interne links en consolidatiekansen."
en,https://go2-thailand.com/where-to-stay/chiang-rai/,/where-to-stay/chiang-rai/,/where-to-stay/chiang-rai/,where-to-stay,yes,hotel-guide,merge-candidate,P1,provisional,Mogelijke intentie-overlap met /best-hotels/chiang-rai/; pas redirect toe na inhoudelijke en backlink-audit.
en,https://go2-thailand.com/guides/travel-guide/chiang-rai/,/guides/travel-guide/chiang-rai/,/guides/travel-guide/chiang-rai/,travel-guide,yes,travel-guide,freshness-audit,P2,provisional,"Controleer zoekintentie, feiten, datumclaims, interne links en consolidatiekansen."
en,https://go2-thailand.com/where-to-stay/chumphon/,/where-to-stay/chumphon/,/where-to-stay/chumphon/,where-to-stay,yes,hotel-guide,merge-candidate,P1,provisional,Mogelijke intentie-overlap met /best-hotels/chumphon/; pas redirect toe na inhoudelijke en backlink-audit.
en,https://go2-thailand.com/guides/travel-guide/chumphon/,/guides/travel-guide/chumphon/,/guides/travel-guide/chumphon/,travel-guide,yes,travel-guide,freshness-audit,P2,provisional,"Controleer zoekintentie, feiten, datumclaims, interne links en consolidatiekansen."
en,https://go2-thailand.com/where-to-stay/hat-yai/,/where-to-stay/hat-yai/,/where-to-stay/hat-yai/,where-to-stay,yes,hotel-guide,merge-candidate,P1,provisional,Mogelijke intentie-overlap met /best-hotels/hat-yai/; pas redirect toe na inhoudelijke en backlink-audit.
en,https://go2-thailand.com/guides/travel-guide/hat-yai/,/guides/travel-guide/hat-yai/,/guides/travel-guide/hat-yai/,travel-guide,yes,travel-guide,freshness-audit,P2,provisional,"Controleer zoekintentie, feiten, datumclaims, interne links en consolidatiekansen."
en,https://go2-thailand.com/where-to-stay/hua-hin/,/where-to-stay/hua-hin/,/where-to-stay/hua-hin/,where-to-stay,yes,hotel-guide,merge-candidate,P1,provisional,Mogelijke intentie-overlap met /best-hotels/hua-hin/; pas redirect toe na inhoudelijke en backlink-audit.
en,https://go2-thailand.com/guides/travel-guide/hua-hin/,/guides/travel-guide/hua-hin/,/guides/travel-guide/hua-hin/,travel-guide,yes,travel-guide,freshness-audit,P2,provisional,"Controleer zoekintentie, feiten, datumclaims, interne links en consolidatiekansen."
en,https://go2-thailand.com/best-hotels/kamphaeng-phet/,/best-hotels/kamphaeng-phet/,/best-hotels/kamphaeng-phet/,hotel-commercial,yes,hotel-guide,keep-improve,P1,provisional,Belangrijke destination- of commerciële pagina; locale-specifieke DFS-brief vereist.
en,https://go2-thailand.com/where-to-stay/kamphaeng-phet/,/where-to-stay/kamphaeng-phet/,/where-to-stay/kamphaeng-phet/,where-to-stay,yes,hotel-guide,merge-candidate,P1,provisional,Mogelijke intentie-overlap met /best-hotels/kamphaeng-phet/; pas redirect toe na inhoudelijke en backlink-audit.
en,https://go2-thailand.com/guides/travel-guide/kamphaeng-phet/,/guides/travel-guide/kamphaeng-phet/,/guides/travel-guide/kamphaeng-phet/,travel-guide,yes,travel-guide,freshness-audit,P2,provisional,"Controleer zoekintentie, feiten, datumclaims, interne links en consolidatiekansen."
en,https://go2-thailand.com/where-to-stay/kanchanaburi/,/where-to-stay/kanchanaburi/,/where-to-stay/kanchanaburi/,where-to-stay,yes,hotel-guide,merge-candidate,P1,provisional,Mogelijke intentie-overlap met /best-hotels/kanchanaburi/; pas redirect toe na inhoudelijke en backlink-audit.
en,https://go2-thailand.com/guides/travel-guide/kanchanaburi/,/guides/travel-guide/kanchanaburi/,/guides/travel-guide/kanchanaburi/,travel-guide,yes,travel-guide,freshness-audit,P2,provisional,"Controleer zoekintentie, feiten, datumclaims, interne links en consolidatiekansen."
en,https://go2-thailand.com/where-to-stay/khon-kaen/,/where-to-stay/khon-kaen/,/where-to-stay/khon-kaen/,where-to-stay,yes,hotel-guide,merge-candidate,P1,provisional,Mogelijke intentie-overlap met /best-hotels/khon-kaen/; pas redirect toe na inhoudelijke en backlink-audit.
en,https://go2-thailand.com/guides/travel-guide/khon-kaen/,/guides/travel-guide/khon-kaen/,/guides/travel-guide/khon-kaen/,travel-guide,yes,travel-guide,freshness-audit,P2,provisional,"Controleer zoekintentie, feiten, datumclaims, interne links en consolidatiekansen."
en,https://go2-thailand.com/where-to-stay/koh-samui/,/where-to-stay/koh-samui/,/where-to-stay/koh-samui/,where-to-stay,yes,hotel-guide,merge-candidate,P1,provisional,Mogelijke intentie-overlap met /best-hotels/koh-samui/; pas redirect toe na inhoudelijke en backlink-audit.
en,https://go2-thailand.com/guides/travel-guide/koh-samui/,/guides/travel-guide/koh-samui/,/guides/travel-guide/koh-samui/,travel-guide,yes,travel-guide,freshness-audit,P2,provisional,"Controleer zoekintentie, feiten, datumclaims, interne links en consolidatiekansen."
en,https://go2-thailand.com/where-to-stay/krabi/,/where-to-stay/krabi/,/where-to-stay/krabi/,where-to-stay,no,hotel-guide,merge-candidate,P2,provisional,Mogelijke intentie-overlap met /best-hotels/krabi/; pas redirect toe na inhoudelijke en backlink-audit. Taalpaar ontbreekt: bepaal of lokalisatie of bewust locale-specifiek gebruik nodig is.
en,https://go2-thailand.com/guides/travel-guide/krabi/,/guides/travel-guide/krabi/,/guides/travel-guide/krabi/,travel-guide,yes,travel-guide,freshness-audit,P2,provisional,"Controleer zoekintentie, feiten, datumclaims, interne links en consolidatiekansen."
en,https://go2-thailand.com/where-to-stay/lampang/,/where-to-stay/lampang/,/where-to-stay/lampang/,where-to-stay,yes,hotel-guide,merge-candidate,P1,provisional,Mogelijke intentie-overlap met /best-hotels/lampang/; pas redirect toe na inhoudelijke en backlink-audit.
en,https://go2-thailand.com/guides/travel-guide/lampang/,/guides/travel-guide/lampang/,/guides/travel-guide/lampang/,travel-guide,yes,travel-guide,freshness-audit,P2,provisional,"Controleer zoekintentie, feiten, datumclaims, interne links en consolidatiekansen."
en,https://go2-thailand.com/where-to-stay/lopburi/,/where-to-stay/lopburi/,/where-to-stay/lopburi/,where-to-stay,yes,hotel-guide,merge-candidate,P1,provisional,Mogelijke intentie-overlap met /best-hotels/lopburi/; pas redirect toe na inhoudelijke en backlink-audit.
en,https://go2-thailand.com/guides/travel-guide/lopburi/,/guides/travel-guide/lopburi/,/guides/travel-guide/lopburi/,travel-guide,yes,travel-guide,freshness-audit,P2,provisional,"Controleer zoekintentie, feiten, datumclaims, interne links en consolidatiekansen."
en,https://go2-thailand.com/where-to-stay/mae-hong-son/,/where-to-stay/mae-hong-son/,/where-to-stay/mae-hong-son/,where-to-stay,yes,hotel-guide,merge-candidate,P1,provisional,Mogelijke intentie-overlap met /best-hotels/mae-hong-son/; pas redirect toe na inhoudelijke en backlink-audit.
en,https://go2-thailand.com/guides/travel-guide/mae-hong-son/,/guides/travel-guide/mae-hong-son/,/guides/travel-guide/mae-hong-son/,travel-guide,yes,travel-guide,freshness-audit,P2,provisional,"Controleer zoekintentie, feiten, datumclaims, interne links en consolidatiekansen."
en,https://go2-thailand.com/where-to-stay/mukdahan/,/where-to-stay/mukdahan/,/where-to-stay/mukdahan/,where-to-stay,yes,hotel-guide,merge-candidate,P1,provisional,Mogelijke intentie-overlap met /best-hotels/mukdahan/; pas redirect toe na inhoudelijke en backlink-audit.
en,https://go2-thailand.com/guides/travel-guide/mukdahan/,/guides/travel-guide/mukdahan/,/guides/travel-guide/mukdahan/,travel-guide,yes,travel-guide,freshness-audit,P2,provisional,"Controleer zoekintentie, feiten, datumclaims, interne links en consolidatiekansen."
en,https://go2-thailand.com/where-to-stay/nakhon-phanom/,/where-to-stay/nakhon-phanom/,/where-to-stay/nakhon-phanom/,where-to-stay,yes,hotel-guide,merge-candidate,P1,provisional,Mogelijke intentie-overlap met /best-hotels/nakhon-phanom/; pas redirect toe na inhoudelijke en backlink-audit.
en,https://go2-thailand.com/guides/travel-guide/nakhon-phanom/,/guides/travel-guide/nakhon-phanom/,/guides/travel-guide/nakhon-phanom/,travel-guide,yes,travel-guide,freshness-audit,P2,provisional,"Controleer zoekintentie, feiten, datumclaims, interne links en consolidatiekansen."
en,https://go2-thailand.com/where-to-stay/nakhon-ratchasima/,/where-to-stay/nakhon-ratchasima/,/where-to-stay/nakhon-ratchasima/,where-to-stay,yes,hotel-guide,merge-candidate,P1,provisional,Mogelijke intentie-overlap met /best-hotels/nakhon-ratchasima/; pas redirect toe na inhoudelijke en backlink-audit.
en,https://go2-thailand.com/guides/travel-guide/nakhon-ratchasima/,/guides/travel-guide/nakhon-ratchasima/,/guides/travel-guide/nakhon-ratchasima/,travel-guide,yes,travel-guide,freshness-audit,P2,provisional,"Controleer zoekintentie, feiten, datumclaims, interne links en consolidatiekansen."
en,https://go2-thailand.com/where-to-stay/nakhon-si-thammarat/,/where-to-stay/nakhon-si-thammarat/,/where-to-stay/nakhon-si-thammarat/,where-to-stay,yes,hotel-guide,merge-candidate,P1,provisional,Mogelijke intentie-overlap met /best-hotels/nakhon-si-thammarat/; pas redirect toe na inhoudelijke en backlink-audit.
en,https://go2-thailand.com/guides/travel-guide/nakhon-si-thammarat/,/guides/travel-guide/nakhon-si-thammarat/,/guides/travel-guide/nakhon-si-thammarat/,travel-guide,yes,travel-guide,freshness-audit,P2,provisional,"Controleer zoekintentie, feiten, datumclaims, interne links en consolidatiekansen."
en,https://go2-thailand.com/best-hotels/nan/,/best-hotels/nan/,/best-hotels/nan/,hotel-commercial,yes,hotel-guide,keep-improve,P1,provisional,Belangrijke destination- of commerciële pagina; locale-specifieke DFS-brief vereist.
en,https://go2-thailand.com/where-to-stay/nan/,/where-to-stay/nan/,/where-to-stay/nan/,where-to-stay,yes,hotel-guide,merge-candidate,P1,provisional,Mogelijke intentie-overlap met /best-hotels/nan/; pas redirect toe na inhoudelijke en backlink-audit.
en,https://go2-thailand.com/guides/travel-guide/nan/,/guides/travel-guide/nan/,/guides/travel-guide/nan/,travel-guide,yes,travel-guide,freshness-audit,P2,provisional,"Controleer zoekintentie, feiten, datumclaims, interne links en consolidatiekansen."
en,https://go2-thailand.com/where-to-stay/nong-khai/,/where-to-stay/nong-khai/,/where-to-stay/nong-khai/,where-to-stay,yes,hotel-guide,merge-candidate,P1,provisional,Mogelijke intentie-overlap met /best-hotels/nong-khai/; pas redirect toe na inhoudelijke en backlink-audit.
en,https://go2-thailand.com/guides/travel-guide/nong-khai/,/guides/travel-guide/nong-khai/,/guides/travel-guide/nong-khai/,travel-guide,yes,travel-guide,freshness-audit,P2,provisional,"Controleer zoekintentie, feiten, datumclaims, interne links en consolidatiekansen."
en,https://go2-thailand.com/where-to-stay/pai/,/where-to-stay/pai/,/where-to-stay/pai/,where-to-stay,yes,hotel-guide,merge-candidate,P1,provisional,Mogelijke intentie-overlap met /best-hotels/pai/; pas redirect toe na inhoudelijke en backlink-audit.
en,https://go2-thailand.com/guides/travel-guide/pai/,/guides/travel-guide/pai/,/guides/travel-guide/pai/,travel-guide,yes,travel-guide,freshness-audit,P2,provisional,"Controleer zoekintentie, feiten, datumclaims, interne links en consolidatiekansen."
en,https://go2-thailand.com/where-to-stay/pattaya/,/where-to-stay/pattaya/,/where-to-stay/pattaya/,where-to-stay,yes,hotel-guide,merge-candidate,P1,provisional,Mogelijke intentie-overlap met /best-hotels/pattaya/; pas redirect toe na inhoudelijke en backlink-audit.
en,https://go2-thailand.com/guides/travel-guide/pattaya/,/guides/travel-guide/pattaya/,/guides/travel-guide/pattaya/,travel-guide,yes,travel-guide,freshness-audit,P2,provisional,"Controleer zoekintentie, feiten, datumclaims, interne links en consolidatiekansen."
en,https://go2-thailand.com/best-hotels/phetchaburi/,/best-hotels/phetchaburi/,/best-hotels/phetchaburi/,hotel-commercial,yes,hotel-guide,keep-improve,P1,provisional,Belangrijke destination- of commerciële pagina; locale-specifieke DFS-brief vereist.
en,https://go2-thailand.com/where-to-stay/phetchaburi/,/where-to-stay/phetchaburi/,/where-to-stay/phetchaburi/,where-to-stay,yes,hotel-guide,merge-candidate,P1,provisional,Mogelijke intentie-overlap met /best-hotels/phetchaburi/; pas redirect toe na inhoudelijke en backlink-audit.
en,https://go2-thailand.com/guides/travel-guide/phetchaburi/,/guides/travel-guide/phetchaburi/,/guides/travel-guide/phetchaburi/,travel-guide,yes,travel-guide,freshness-audit,P2,provisional,"Controleer zoekintentie, feiten, datumclaims, interne links en consolidatiekansen."
en,https://go2-thailand.com/where-to-stay/phitsanulok/,/where-to-stay/phitsanulok/,/where-to-stay/phitsanulok/,where-to-stay,yes,hotel-guide,merge-candidate,P1,provisional,Mogelijke intentie-overlap met /best-hotels/phitsanulok/; pas redirect toe na inhoudelijke en backlink-audit.
en,https://go2-thailand.com/guides/travel-guide/phitsanulok/,/guides/travel-guide/phitsanulok/,/guides/travel-guide/phitsanulok/,travel-guide,yes,travel-guide,freshness-audit,P2,provisional,"Controleer zoekintentie, feiten, datumclaims, interne links en consolidatiekansen."
en,https://go2-thailand.com/where-to-stay/phuket/,/where-to-stay/phuket/,/where-to-stay/phuket/,where-to-stay,no,hotel-guide,merge-candidate,P2,provisional,Mogelijke intentie-overlap met /best-hotels/phuket/; pas redirect toe na inhoudelijke en backlink-audit. Taalpaar ontbreekt: bepaal of lokalisatie of bewust locale-specifiek gebruik nodig is.
en,https://go2-thailand.com/guides/travel-guide/phuket/,/guides/travel-guide/phuket/,/guides/travel-guide/phuket/,travel-guide,yes,travel-guide,freshness-audit,P2,provisional,"Controleer zoekintentie, feiten, datumclaims, interne links en consolidatiekansen."
en,https://go2-thailand.com/best-hotels/prachinburi/,/best-hotels/prachinburi/,/best-hotels/prachinburi/,hotel-commercial,yes,hotel-guide,keep-improve,P1,provisional,Belangrijke destination- of commerciële pagina; locale-specifieke DFS-brief vereist.
en,https://go2-thailand.com/where-to-stay/prachinburi/,/where-to-stay/prachinburi/,/where-to-stay/prachinburi/,where-to-stay,yes,hotel-guide,merge-candidate,P1,provisional,Mogelijke intentie-overlap met /best-hotels/prachinburi/; pas redirect toe na inhoudelijke en backlink-audit.
en,https://go2-thailand.com/guides/travel-guide/prachinburi/,/guides/travel-guide/prachinburi/,/guides/travel-guide/prachinburi/,travel-guide,yes,travel-guide,freshness-audit,P2,provisional,"Controleer zoekintentie, feiten, datumclaims, interne links en consolidatiekansen."
en,https://go2-thailand.com/where-to-stay/rayong/,/where-to-stay/rayong/,/where-to-stay/rayong/,where-to-stay,yes,hotel-guide,merge-candidate,P1,provisional,Mogelijke intentie-overlap met /best-hotels/rayong/; pas redirect toe na inhoudelijke en backlink-audit.
en,https://go2-thailand.com/guides/travel-guide/rayong/,/guides/travel-guide/rayong/,/guides/travel-guide/rayong/,travel-guide,yes,travel-guide,freshness-audit,P2,provisional,"Controleer zoekintentie, feiten, datumclaims, interne links en consolidatiekansen."
en,https://go2-thailand.com/best-hotels/satun/,/best-hotels/satun/,/best-hotels/satun/,hotel-commercial,yes,hotel-guide,keep-improve,P1,provisional,Belangrijke destination- of commerciële pagina; locale-specifieke DFS-brief vereist.
en,https://go2-thailand.com/where-to-stay/satun/,/where-to-stay/satun/,/where-to-stay/satun/,where-to-stay,yes,hotel-guide,merge-candidate,P1,provisional,Mogelijke intentie-overlap met /best-hotels/satun/; pas redirect toe na inhoudelijke en backlink-audit.
en,https://go2-thailand.com/guides/travel-guide/satun/,/guides/travel-guide/satun/,/guides/travel-guide/satun/,travel-guide,yes,travel-guide,freshness-audit,P2,provisional,"Controleer zoekintentie, feiten, datumclaims, interne links en consolidatiekansen."
en,https://go2-thailand.com/where-to-stay/sukhothai/,/where-to-stay/sukhothai/,/where-to-stay/sukhothai/,where-to-stay,yes,hotel-guide,merge-candidate,P1,provisional,Mogelijke intentie-overlap met /best-hotels/sukhothai/; pas redirect toe na inhoudelijke en backlink-audit.
en,https://go2-thailand.com/guides/travel-guide/sukhothai/,/guides/travel-guide/sukhothai/,/guides/travel-guide/sukhothai/,travel-guide,yes,travel-guide,freshness-audit,P2,provisional,"Controleer zoekintentie, feiten, datumclaims, interne links en consolidatiekansen."
en,https://go2-thailand.com/where-to-stay/surat-thani/,/where-to-stay/surat-thani/,/where-to-stay/surat-thani/,where-to-stay,yes,hotel-guide,merge-candidate,P1,provisional,Mogelijke intentie-overlap met /best-hotels/surat-thani/; pas redirect toe na inhoudelijke en backlink-audit.
en,https://go2-thailand.com/guides/travel-guide/surat-thani/,/guides/travel-guide/surat-thani/,/guides/travel-guide/surat-thani/,travel-guide,yes,travel-guide,freshness-audit,P2,provisional,"Controleer zoekintentie, feiten, datumclaims, interne links en consolidatiekansen."
en,https://go2-thailand.com/where-to-stay/trang/,/where-to-stay/trang/,/where-to-stay/trang/,where-to-stay,yes,hotel-guide,merge-candidate,P1,provisional,Mogelijke intentie-overlap met /best-hotels/trang/; pas redirect toe na inhoudelijke en backlink-audit.
en,https://go2-thailand.com/guides/travel-guide/trang/,/guides/travel-guide/trang/,/guides/travel-guide/trang/,travel-guide,yes,travel-guide,freshness-audit,P2,provisional,"Controleer zoekintentie, feiten, datumclaims, interne links en consolidatiekansen."
en,https://go2-thailand.com/where-to-stay/trat/,/where-to-stay/trat/,/where-to-stay/trat/,where-to-stay,yes,hotel-guide,merge-candidate,P1,provisional,Mogelijke intentie-overlap met /best-hotels/trat/; pas redirect toe na inhoudelijke en backlink-audit.
en,https://go2-thailand.com/guides/travel-guide/trat/,/guides/travel-guide/trat/,/guides/travel-guide/trat/,travel-guide,yes,travel-guide,freshness-audit,P2,provisional,"Controleer zoekintentie, feiten, datumclaims, interne links en consolidatiekansen."
en,https://go2-thailand.com/where-to-stay/ubon-ratchathani/,/where-to-stay/ubon-ratchathani/,/where-to-stay/ubon-ratchathani/,where-to-stay,yes,hotel-guide,merge-candidate,P1,provisional,Mogelijke intentie-overlap met /best-hotels/ubon-ratchathani/; pas redirect toe na inhoudelijke en backlink-audit.
en,https://go2-thailand.com/guides/travel-guide/ubon-ratchathani/,/guides/travel-guide/ubon-ratchathani/,/guides/travel-guide/ubon-ratchathani/,travel-guide,yes,travel-guide,freshness-audit,P2,provisional,"Controleer zoekintentie, feiten, datumclaims, interne links en consolidatiekansen."
en,https://go2-thailand.com/where-to-stay/udon-thani/,/where-to-stay/udon-thani/,/where-to-stay/udon-thani/,where-to-stay,yes,hotel-guide,merge-candidate,P1,provisional,Mogelijke intentie-overlap met /best-hotels/udon-thani/; pas redirect toe na inhoudelijke en backlink-audit.
en,https://go2-thailand.com/guides/travel-guide/udon-thani/,/guides/travel-guide/udon-thani/,/guides/travel-guide/udon-thani/,travel-guide,yes,travel-guide,freshness-audit,P2,provisional,"Controleer zoekintentie, feiten, datumclaims, interne links en consolidatiekansen."
en,https://go2-thailand.com/where-to-stay/bangkok/budget/,/where-to-stay/bangkok/budget/,/where-to-stay/bangkok/budget/,where-to-stay,yes,hotel-guide,merge-candidate,P1,provisional,Mogelijke intentie-overlap met /best-hotels/bangkok/budget/; pas redirect toe na inhoudelijke en backlink-audit.
en,https://go2-thailand.com/where-to-stay/bangkok/couples/,/where-to-stay/bangkok/couples/,/where-to-stay/bangkok/couples/,where-to-stay,yes,hotel-guide,merge-candidate,P1,provisional,Mogelijke intentie-overlap met /best-hotels/bangkok/couples/; pas redirect toe na inhoudelijke en backlink-audit.
en,https://go2-thailand.com/where-to-stay/bangkok/digital-nomads/,/where-to-stay/bangkok/digital-nomads/,/where-to-stay/bangkok/digital-nomads/,where-to-stay,yes,hotel-guide,keep-improve,P2,provisional,Geen parallelle best-hotels-route gevonden; bevestig intentie via DFS.
en,https://go2-thailand.com/where-to-stay/bangkok/family/,/where-to-stay/bangkok/family/,/where-to-stay/bangkok/family/,where-to-stay,yes,hotel-guide,merge-candidate,P1,provisional,Mogelijke intentie-overlap met /best-hotels/bangkok/family/; pas redirect toe na inhoudelijke en backlink-audit.
en,https://go2-thailand.com/where-to-stay/bangkok/first-time/,/where-to-stay/bangkok/first-time/,/where-to-stay/bangkok/first-time/,where-to-stay,yes,hotel-guide,keep-improve,P2,provisional,Geen parallelle best-hotels-route gevonden; bevestig intentie via DFS.
en,https://go2-thailand.com/where-to-stay/bangkok/nightlife/,/where-to-stay/bangkok/nightlife/,/where-to-stay/bangkok/nightlife/,where-to-stay,yes,hotel-guide,keep-improve,P2,provisional,Geen parallelle best-hotels-route gevonden; bevestig intentie via DFS.
en,https://go2-thailand.com/where-to-stay/chiang-mai/budget/,/where-to-stay/chiang-mai/budget/,/where-to-stay/chiang-mai/budget/,where-to-stay,yes,hotel-guide,merge-candidate,P1,provisional,Mogelijke intentie-overlap met /best-hotels/chiang-mai/budget/; pas redirect toe na inhoudelijke en backlink-audit.
en,https://go2-thailand.com/where-to-stay/chiang-mai/couples/,/where-to-stay/chiang-mai/couples/,/where-to-stay/chiang-mai/couples/,where-to-stay,yes,hotel-guide,merge-candidate,P1,provisional,Mogelijke intentie-overlap met /best-hotels/chiang-mai/couples/; pas redirect toe na inhoudelijke en backlink-audit.
en,https://go2-thailand.com/where-to-stay/chiang-mai/digital-nomads/,/where-to-stay/chiang-mai/digital-nomads/,/where-to-stay/chiang-mai/digital-nomads/,where-to-stay,yes,hotel-guide,keep-improve,P2,provisional,Geen parallelle best-hotels-route gevonden; bevestig intentie via DFS.
en,https://go2-thailand.com/where-to-stay/chiang-mai/family/,/where-to-stay/chiang-mai/family/,/where-to-stay/chiang-mai/family/,where-to-stay,yes,hotel-guide,merge-candidate,P1,provisional,Mogelijke intentie-overlap met /best-hotels/chiang-mai/family/; pas redirect toe na inhoudelijke en backlink-audit.
en,https://go2-thailand.com/where-to-stay/chiang-mai/first-time/,/where-to-stay/chiang-mai/first-time/,/where-to-stay/chiang-mai/first-time/,where-to-stay,yes,hotel-guide,keep-improve,P2,provisional,Geen parallelle best-hotels-route gevonden; bevestig intentie via DFS.
en,https://go2-thailand.com/where-to-stay/chiang-mai/nightlife/,/where-to-stay/chiang-mai/nightlife/,/where-to-stay/chiang-mai/nightlife/,where-to-stay,yes,hotel-guide,keep-improve,P2,provisional,Geen parallelle best-hotels-route gevonden; bevestig intentie via DFS.
en,https://go2-thailand.com/where-to-stay/koh-samui/budget/,/where-to-stay/koh-samui/budget/,/where-to-stay/koh-samui/budget/,where-to-stay,yes,hotel-guide,merge-candidate,P1,provisional,Mogelijke intentie-overlap met /best-hotels/koh-samui/budget/; pas redirect toe na inhoudelijke en backlink-audit.
en,https://go2-thailand.com/where-to-stay/koh-samui/couples/,/where-to-stay/koh-samui/couples/,/where-to-stay/koh-samui/couples/,where-to-stay,yes,hotel-guide,merge-candidate,P1,provisional,Mogelijke intentie-overlap met /best-hotels/koh-samui/couples/; pas redirect toe na inhoudelijke en backlink-audit.
en,https://go2-thailand.com/where-to-stay/koh-samui/digital-nomads/,/where-to-stay/koh-samui/digital-nomads/,/where-to-stay/koh-samui/digital-nomads/,where-to-stay,yes,hotel-guide,keep-improve,P2,provisional,Geen parallelle best-hotels-route gevonden; bevestig intentie via DFS.
en,https://go2-thailand.com/where-to-stay/koh-samui/family/,/where-to-stay/koh-samui/family/,/where-to-stay/koh-samui/family/,where-to-stay,yes,hotel-guide,merge-candidate,P1,provisional,Mogelijke intentie-overlap met /best-hotels/koh-samui/family/; pas redirect toe na inhoudelijke en backlink-audit.
en,https://go2-thailand.com/where-to-stay/koh-samui/first-time/,/where-to-stay/koh-samui/first-time/,/where-to-stay/koh-samui/first-time/,where-to-stay,yes,hotel-guide,keep-improve,P2,provisional,Geen parallelle best-hotels-route gevonden; bevestig intentie via DFS.
en,https://go2-thailand.com/where-to-stay/koh-samui/nightlife/,/where-to-stay/koh-samui/nightlife/,/where-to-stay/koh-samui/nightlife/,where-to-stay,yes,hotel-guide,keep-improve,P2,provisional,Geen parallelle best-hotels-route gevonden; bevestig intentie via DFS.
en,https://go2-thailand.com/where-to-stay/krabi/budget/,/where-to-stay/krabi/budget/,/where-to-stay/krabi/budget/,where-to-stay,yes,hotel-guide,merge-candidate,P1,provisional,Mogelijke intentie-overlap met /best-hotels/krabi/budget/; pas redirect toe na inhoudelijke en backlink-audit.
en,https://go2-thailand.com/where-to-stay/krabi/couples/,/where-to-stay/krabi/couples/,/where-to-stay/krabi/couples/,where-to-stay,yes,hotel-guide,merge-candidate,P1,provisional,Mogelijke intentie-overlap met /best-hotels/krabi/couples/; pas redirect toe na inhoudelijke en backlink-audit.
en,https://go2-thailand.com/where-to-stay/krabi/digital-nomads/,/where-to-stay/krabi/digital-nomads/,/where-to-stay/krabi/digital-nomads/,where-to-stay,yes,hotel-guide,keep-improve,P2,provisional,Geen parallelle best-hotels-route gevonden; bevestig intentie via DFS.
en,https://go2-thailand.com/where-to-stay/krabi/family/,/where-to-stay/krabi/family/,/where-to-stay/krabi/family/,where-to-stay,yes,hotel-guide,merge-candidate,P1,provisional,Mogelijke intentie-overlap met /best-hotels/krabi/family/; pas redirect toe na inhoudelijke en backlink-audit.
en,https://go2-thailand.com/where-to-stay/krabi/first-time/,/where-to-stay/krabi/first-time/,/where-to-stay/krabi/first-time/,where-to-stay,yes,hotel-guide,keep-improve,P2,provisional,Geen parallelle best-hotels-route gevonden; bevestig intentie via DFS.
en,https://go2-thailand.com/where-to-stay/krabi/nightlife/,/where-to-stay/krabi/nightlife/,/where-to-stay/krabi/nightlife/,where-to-stay,yes,hotel-guide,keep-improve,P2,provisional,Geen parallelle best-hotels-route gevonden; bevestig intentie via DFS.
en,https://go2-thailand.com/where-to-stay/phuket/budget/,/where-to-stay/phuket/budget/,/where-to-stay/phuket/budget/,where-to-stay,yes,hotel-guide,merge-candidate,P1,provisional,Mogelijke intentie-overlap met /best-hotels/phuket/budget/; pas redirect toe na inhoudelijke en backlink-audit.
en,https://go2-thailand.com/where-to-stay/phuket/couples/,/where-to-stay/phuket/couples/,/where-to-stay/phuket/couples/,where-to-stay,yes,hotel-guide,merge-candidate,P1,provisional,Mogelijke intentie-overlap met /best-hotels/phuket/couples/; pas redirect toe na inhoudelijke en backlink-audit.
en,https://go2-thailand.com/where-to-stay/phuket/digital-nomads/,/where-to-stay/phuket/digital-nomads/,/where-to-stay/phuket/digital-nomads/,where-to-stay,yes,hotel-guide,keep-improve,P2,provisional,Geen parallelle best-hotels-route gevonden; bevestig intentie via DFS.
en,https://go2-thailand.com/where-to-stay/phuket/family/,/where-to-stay/phuket/family/,/where-to-stay/phuket/family/,where-to-stay,yes,hotel-guide,merge-candidate,P1,provisional,Mogelijke intentie-overlap met /best-hotels/phuket/family/; pas redirect toe na inhoudelijke en backlink-audit.
en,https://go2-thailand.com/where-to-stay/phuket/first-time/,/where-to-stay/phuket/first-time/,/where-to-stay/phuket/first-time/,where-to-stay,yes,hotel-guide,keep-improve,P2,provisional,Geen parallelle best-hotels-route gevonden; bevestig intentie via DFS.
en,https://go2-thailand.com/where-to-stay/phuket/nightlife/,/where-to-stay/phuket/nightlife/,/where-to-stay/phuket/nightlife/,where-to-stay,yes,hotel-guide,keep-improve,P2,provisional,Geen parallelle best-hotels-route gevonden; bevestig intentie via DFS.
en,https://go2-thailand.com/best-hotels/bangkok/boutique/,/best-hotels/bangkok/boutique/,/best-hotels/bangkok/boutique/,hotel-commercial,yes,hotel-guide,keep-improve,P1,provisional,Belangrijke destination- of commerciële pagina; locale-specifieke DFS-brief vereist.
en,https://go2-thailand.com/best-hotels/bangkok/budget/,/best-hotels/bangkok/budget/,/best-hotels/bangkok/budget/,hotel-commercial,yes,hotel-guide,keep-improve,P1,provisional,Belangrijke destination- of commerciële pagina; locale-specifieke DFS-brief vereist.
en,https://go2-thailand.com/best-hotels/bangkok/couples/,/best-hotels/bangkok/couples/,/best-hotels/bangkok/couples/,hotel-commercial,yes,hotel-guide,keep-improve,P1,provisional,Belangrijke destination- of commerciële pagina; locale-specifieke DFS-brief vereist.
en,https://go2-thailand.com/best-hotels/bangkok/family/,/best-hotels/bangkok/family/,/best-hotels/bangkok/family/,hotel-commercial,yes,hotel-guide,keep-improve,P1,provisional,Belangrijke destination- of commerciële pagina; locale-specifieke DFS-brief vereist.
en,https://go2-thailand.com/best-hotels/bangkok/luxury/,/best-hotels/bangkok/luxury/,/best-hotels/bangkok/luxury/,hotel-commercial,yes,hotel-guide,keep-improve,P1,provisional,Belangrijke destination- of commerciële pagina; locale-specifieke DFS-brief vereist.
en,https://go2-thailand.com/best-hotels/bangkok/mid-range/,/best-hotels/bangkok/mid-range/,/best-hotels/bangkok/mid-range/,hotel-commercial,yes,hotel-guide,keep-improve,P1,provisional,Belangrijke destination- of commerciële pagina; locale-specifieke DFS-brief vereist.
en,https://go2-thailand.com/best-hotels/chiang-mai/boutique/,/best-hotels/chiang-mai/boutique/,/best-hotels/chiang-mai/boutique/,hotel-commercial,yes,hotel-guide,keep-improve,P1,provisional,Belangrijke destination- of commerciële pagina; locale-specifieke DFS-brief vereist.
en,https://go2-thailand.com/best-hotels/chiang-mai/budget/,/best-hotels/chiang-mai/budget/,/best-hotels/chiang-mai/budget/,hotel-commercial,yes,hotel-guide,keep-improve,P1,provisional,Belangrijke destination- of commerciële pagina; locale-specifieke DFS-brief vereist.
en,https://go2-thailand.com/best-hotels/chiang-mai/couples/,/best-hotels/chiang-mai/couples/,/best-hotels/chiang-mai/couples/,hotel-commercial,yes,hotel-guide,keep-improve,P1,provisional,Belangrijke destination- of commerciële pagina; locale-specifieke DFS-brief vereist.
en,https://go2-thailand.com/best-hotels/chiang-mai/family/,/best-hotels/chiang-mai/family/,/best-hotels/chiang-mai/family/,hotel-commercial,yes,hotel-guide,keep-improve,P1,provisional,Belangrijke destination- of commerciële pagina; locale-specifieke DFS-brief vereist.
en,https://go2-thailand.com/best-hotels/chiang-mai/luxury/,/best-hotels/chiang-mai/luxury/,/best-hotels/chiang-mai/luxury/,hotel-commercial,yes,hotel-guide,keep-improve,P1,provisional,Belangrijke destination- of commerciële pagina; locale-specifieke DFS-brief vereist.
en,https://go2-thailand.com/best-hotels/chiang-mai/mid-range/,/best-hotels/chiang-mai/mid-range/,/best-hotels/chiang-mai/mid-range/,hotel-commercial,yes,hotel-guide,keep-improve,P1,provisional,Belangrijke destination- of commerciële pagina; locale-specifieke DFS-brief vereist.
en,https://go2-thailand.com/best-hotels/chiang-mai/old-town/,/best-hotels/chiang-mai/old-town/,/best-hotels/chiang-mai/old-town/,hotel-commercial,yes,hotel-guide,keep-improve,P1,provisional,Belangrijke destination- of commerciële pagina; locale-specifieke DFS-brief vereist.
en,https://go2-thailand.com/best-hotels/chiang-mai/private-pool/,/best-hotels/chiang-mai/private-pool/,/best-hotels/chiang-mai/private-pool/,hotel-commercial,yes,hotel-guide,keep-improve,P1,provisional,Belangrijke destination- of commerciële pagina; locale-specifieke DFS-brief vereist.
en,https://go2-thailand.com/best-hotels/koh-samui/beachfront/,/best-hotels/koh-samui/beachfront/,/best-hotels/koh-samui/beachfront/,hotel-commercial,yes,hotel-guide,keep-improve,P1,provisional,Belangrijke destination- of commerciële pagina; locale-specifieke DFS-brief vereist.
en,https://go2-thailand.com/best-hotels/koh-samui/boutique/,/best-hotels/koh-samui/boutique/,/best-hotels/koh-samui/boutique/,hotel-commercial,yes,hotel-guide,keep-improve,P1,provisional,Belangrijke destination- of commerciële pagina; locale-specifieke DFS-brief vereist.
en,https://go2-thailand.com/best-hotels/koh-samui/budget/,/best-hotels/koh-samui/budget/,/best-hotels/koh-samui/budget/,hotel-commercial,yes,hotel-guide,keep-improve,P1,provisional,Belangrijke destination- of commerciële pagina; locale-specifieke DFS-brief vereist.
en,https://go2-thailand.com/best-hotels/koh-samui/couples/,/best-hotels/koh-samui/couples/,/best-hotels/koh-samui/couples/,hotel-commercial,yes,hotel-guide,keep-improve,P1,provisional,Belangrijke destination- of commerciële pagina; locale-specifieke DFS-brief vereist.
en,https://go2-thailand.com/best-hotels/koh-samui/family/,/best-hotels/koh-samui/family/,/best-hotels/koh-samui/family/,hotel-commercial,yes,hotel-guide,keep-improve,P1,provisional,Belangrijke destination- of commerciële pagina; locale-specifieke DFS-brief vereist.
en,https://go2-thailand.com/best-hotels/koh-samui/luxury/,/best-hotels/koh-samui/luxury/,/best-hotels/koh-samui/luxury/,hotel-commercial,yes,hotel-guide,keep-improve,P1,provisional,Belangrijke destination- of commerciële pagina; locale-specifieke DFS-brief vereist.
en,https://go2-thailand.com/best-hotels/koh-samui/mid-range/,/best-hotels/koh-samui/mid-range/,/best-hotels/koh-samui/mid-range/,hotel-commercial,yes,hotel-guide,keep-improve,P1,provisional,Belangrijke destination- of commerciële pagina; locale-specifieke DFS-brief vereist.
en,https://go2-thailand.com/best-hotels/krabi/beachfront/,/best-hotels/krabi/beachfront/,/best-hotels/krabi/beachfront/,hotel-commercial,yes,hotel-guide,keep-improve,P1,provisional,Belangrijke destination- of commerciële pagina; locale-specifieke DFS-brief vereist.
en,https://go2-thailand.com/best-hotels/krabi/boutique/,/best-hotels/krabi/boutique/,/best-hotels/krabi/boutique/,hotel-commercial,yes,hotel-guide,keep-improve,P1,provisional,Belangrijke destination- of commerciële pagina; locale-specifieke DFS-brief vereist.
en,https://go2-thailand.com/best-hotels/krabi/budget/,/best-hotels/krabi/budget/,/best-hotels/krabi/budget/,hotel-commercial,yes,hotel-guide,keep-improve,P1,provisional,Belangrijke destination- of commerciële pagina; locale-specifieke DFS-brief vereist.
en,https://go2-thailand.com/best-hotels/krabi/couples/,/best-hotels/krabi/couples/,/best-hotels/krabi/couples/,hotel-commercial,yes,hotel-guide,keep-improve,P1,provisional,Belangrijke destination- of commerciële pagina; locale-specifieke DFS-brief vereist.
en,https://go2-thailand.com/best-hotels/krabi/family/,/best-hotels/krabi/family/,/best-hotels/krabi/family/,hotel-commercial,yes,hotel-guide,keep-improve,P1,provisional,Belangrijke destination- of commerciële pagina; locale-specifieke DFS-brief vereist.
en,https://go2-thailand.com/best-hotels/krabi/luxury/,/best-hotels/krabi/luxury/,/best-hotels/krabi/luxury/,hotel-commercial,yes,hotel-guide,keep-improve,P1,provisional,Belangrijke destination- of commerciële pagina; locale-specifieke DFS-brief vereist.
en,https://go2-thailand.com/best-hotels/krabi/mid-range/,/best-hotels/krabi/mid-range/,/best-hotels/krabi/mid-range/,hotel-commercial,yes,hotel-guide,keep-improve,P1,provisional,Belangrijke destination- of commerciële pagina; locale-specifieke DFS-brief vereist.
en,https://go2-thailand.com/best-hotels/phuket/all-inclusive/,/best-hotels/phuket/all-inclusive/,/best-hotels/phuket/all-inclusive/,hotel-commercial,yes,hotel-guide,keep-improve,P1,provisional,Belangrijke destination- of commerciële pagina; locale-specifieke DFS-brief vereist.
en,https://go2-thailand.com/best-hotels/phuket/beachfront/,/best-hotels/phuket/beachfront/,/best-hotels/phuket/beachfront/,hotel-commercial,yes,hotel-guide,keep-improve,P1,provisional,Belangrijke destination- of commerciële pagina; locale-specifieke DFS-brief vereist.
en,https://go2-thailand.com/best-hotels/phuket/boutique/,/best-hotels/phuket/boutique/,/best-hotels/phuket/boutique/,hotel-commercial,yes,hotel-guide,keep-improve,P1,provisional,Belangrijke destination- of commerciële pagina; locale-specifieke DFS-brief vereist.
en,https://go2-thailand.com/best-hotels/phuket/budget/,/best-hotels/phuket/budget/,/best-hotels/phuket/budget/,hotel-commercial,yes,hotel-guide,keep-improve,P1,provisional,Belangrijke destination- of commerciële pagina; locale-specifieke DFS-brief vereist.
en,https://go2-thailand.com/best-hotels/phuket/couples/,/best-hotels/phuket/couples/,/best-hotels/phuket/couples/,hotel-commercial,yes,hotel-guide,keep-improve,P1,provisional,Belangrijke destination- of commerciële pagina; locale-specifieke DFS-brief vereist.
en,https://go2-thailand.com/best-hotels/phuket/family/,/best-hotels/phuket/family/,/best-hotels/phuket/family/,hotel-commercial,yes,hotel-guide,keep-improve,P1,provisional,Belangrijke destination- of commerciële pagina; locale-specifieke DFS-brief vereist.
en,https://go2-thailand.com/best-hotels/phuket/luxury/,/best-hotels/phuket/luxury/,/best-hotels/phuket/luxury/,hotel-commercial,yes,hotel-guide,keep-improve,P1,provisional,Belangrijke destination- of commerciële pagina; locale-specifieke DFS-brief vereist.
en,https://go2-thailand.com/best-hotels/phuket/mid-range/,/best-hotels/phuket/mid-range/,/best-hotels/phuket/mid-range/,hotel-commercial,yes,hotel-guide,keep-improve,P1,provisional,Belangrijke destination- of commerciële pagina; locale-specifieke DFS-brief vereist.
en,https://go2-thailand.com/best-hotels/phuket/resorts/,/best-hotels/phuket/resorts/,/best-hotels/phuket/resorts/,hotel-commercial,yes,hotel-guide,keep-improve,P1,provisional,Belangrijke destination- of commerciële pagina; locale-specifieke DFS-brief vereist.
en,https://go2-thailand.com/areas/bangkok/ari/,/areas/bangkok/ari/,/areas/bangkok/ari/,location-directory,yes,location-directory,template-audit,P2,provisional,Behoud voorlopig; valideer indexatiewaarde en templatekwaliteit per cluster.
en,https://go2-thailand.com/areas/bangkok/chatuchak/,/areas/bangkok/chatuchak/,/areas/bangkok/chatuchak/,location-directory,yes,location-directory,template-audit,P2,provisional,Behoud voorlopig; valideer indexatiewaarde en templatekwaliteit per cluster.
en,https://go2-thailand.com/areas/bangkok/chinatown-yaowarat/,/areas/bangkok/chinatown-yaowarat/,/areas/bangkok/chinatown-yaowarat/,location-directory,yes,location-directory,template-audit,P2,provisional,Behoud voorlopig; valideer indexatiewaarde en templatekwaliteit per cluster.
en,https://go2-thailand.com/areas/bangkok/ekkamai/,/areas/bangkok/ekkamai/,/areas/bangkok/ekkamai/,location-directory,yes,location-directory,template-audit,P2,provisional,Behoud voorlopig; valideer indexatiewaarde en templatekwaliteit per cluster.
en,https://go2-thailand.com/areas/bangkok/khao-san-banglamphu-old-city-north/,/areas/bangkok/khao-san-banglamphu-old-city-north/,/areas/bangkok/khao-san-banglamphu-old-city-north/,location-directory,yes,location-directory,template-audit,P2,provisional,Behoud voorlopig; valideer indexatiewaarde en templatekwaliteit per cluster.
en,https://go2-thailand.com/areas/bangkok/pratunam/,/areas/bangkok/pratunam/,/areas/bangkok/pratunam/,location-directory,yes,location-directory,template-audit,P2,provisional,Behoud voorlopig; valideer indexatiewaarde en templatekwaliteit per cluster.
en,https://go2-thailand.com/areas/bangkok/riverside-charoen-krung-sathorn-pier/,/areas/bangkok/riverside-charoen-krung-sathorn-pier/,/areas/bangkok/riverside-charoen-krung-sathorn-pier/,location-directory,yes,location-directory,template-audit,P2,provisional,Behoud voorlopig; valideer indexatiewaarde en templatekwaliteit per cluster.
en,https://go2-thailand.com/areas/bangkok/siam/,/areas/bangkok/siam/,/areas/bangkok/siam/,location-directory,yes,location-directory,template-audit,P2,provisional,Behoud voorlopig; valideer indexatiewaarde en templatekwaliteit per cluster.
en,https://go2-thailand.com/areas/bangkok/silom-sathorn/,/areas/bangkok/silom-sathorn/,/areas/bangkok/silom-sathorn/,location-directory,yes,location-directory,template-audit,P2,provisional,Behoud voorlopig; valideer indexatiewaarde en templatekwaliteit per cluster.
en,https://go2-thailand.com/areas/bangkok/sukhumvit/,/areas/bangkok/sukhumvit/,/areas/bangkok/sukhumvit/,location-directory,yes,location-directory,template-audit,P2,provisional,Behoud voorlopig; valideer indexatiewaarde en templatekwaliteit per cluster.
en,https://go2-thailand.com/areas/bangkok/thonburi-west-bank/,/areas/bangkok/thonburi-west-bank/,/areas/bangkok/thonburi-west-bank/,location-directory,yes,location-directory,template-audit,P2,provisional,Behoud voorlopig; valideer indexatiewaarde en templatekwaliteit per cluster.
en,https://go2-thailand.com/areas/bangkok/thonglor/,/areas/bangkok/thonglor/,/areas/bangkok/thonglor/,location-directory,yes,location-directory,template-audit,P2,provisional,Behoud voorlopig; valideer indexatiewaarde en templatekwaliteit per cluster.
en,https://go2-thailand.com/areas/chiang-mai/chang-phuak/,/areas/chiang-mai/chang-phuak/,/areas/chiang-mai/chang-phuak/,location-directory,yes,location-directory,template-audit,P2,provisional,Behoud voorlopig; valideer indexatiewaarde en templatekwaliteit per cluster.
en,https://go2-thailand.com/areas/chiang-mai/hang-dong/,/areas/chiang-mai/hang-dong/,/areas/chiang-mai/hang-dong/,location-directory,yes,location-directory,template-audit,P2,provisional,Behoud voorlopig; valideer indexatiewaarde en templatekwaliteit per cluster.
en,https://go2-thailand.com/areas/chiang-mai/huay-kaew/,/areas/chiang-mai/huay-kaew/,/areas/chiang-mai/huay-kaew/,location-directory,yes,location-directory,template-audit,P2,provisional,Behoud voorlopig; valideer indexatiewaarde en templatekwaliteit per cluster.
en,https://go2-thailand.com/areas/chiang-mai/loi-kroh/,/areas/chiang-mai/loi-kroh/,/areas/chiang-mai/loi-kroh/,location-directory,yes,location-directory,template-audit,P2,provisional,Behoud voorlopig; valideer indexatiewaarde en templatekwaliteit per cluster.
en,https://go2-thailand.com/areas/chiang-mai/night-bazaar-chang-khlan/,/areas/chiang-mai/night-bazaar-chang-khlan/,/areas/chiang-mai/night-bazaar-chang-khlan/,location-directory,yes,location-directory,template-audit,P2,provisional,Behoud voorlopig; valideer indexatiewaarde en templatekwaliteit per cluster.
en,https://go2-thailand.com/areas/chiang-mai/nimmanhaemin-nimman/,/areas/chiang-mai/nimmanhaemin-nimman/,/areas/chiang-mai/nimmanhaemin-nimman/,location-directory,yes,location-directory,template-audit,P2,provisional,Behoud voorlopig; valideer indexatiewaarde en templatekwaliteit per cluster.
en,https://go2-thailand.com/areas/chiang-mai/old-city-within-the-moat/,/areas/chiang-mai/old-city-within-the-moat/,/areas/chiang-mai/old-city-within-the-moat/,location-directory,yes,location-directory,template-audit,P2,provisional,Behoud voorlopig; valideer indexatiewaarde en templatekwaliteit per cluster.
en,https://go2-thailand.com/areas/chiang-mai/riverside-wat-ket-charoen-rat/,/areas/chiang-mai/riverside-wat-ket-charoen-rat/,/areas/chiang-mai/riverside-wat-ket-charoen-rat/,location-directory,yes,location-directory,template-audit,P2,provisional,Behoud voorlopig; valideer indexatiewaarde en templatekwaliteit per cluster.
en,https://go2-thailand.com/areas/chiang-mai/santitham/,/areas/chiang-mai/santitham/,/areas/chiang-mai/santitham/,location-directory,yes,location-directory,template-audit,P2,provisional,Behoud voorlopig; valideer indexatiewaarde en templatekwaliteit per cluster.
en,https://go2-thailand.com/areas/chiang-mai/warorot-kad-luang/,/areas/chiang-mai/warorot-kad-luang/,/areas/chiang-mai/warorot-kad-luang/,location-directory,yes,location-directory,template-audit,P2,provisional,Behoud voorlopig; valideer indexatiewaarde en templatekwaliteit per cluster.
en,https://go2-thailand.com/areas/phuket/karon/,/areas/phuket/karon/,/areas/phuket/karon/,location-directory,yes,location-directory,template-audit,P2,provisional,Behoud voorlopig; valideer indexatiewaarde en templatekwaliteit per cluster.
en,https://go2-thailand.com/areas/koh-samui/bang-rak/,/areas/koh-samui/bang-rak/,/areas/koh-samui/bang-rak/,location-directory,yes,location-directory,template-audit,P2,provisional,Behoud voorlopig; valideer indexatiewaarde en templatekwaliteit per cluster.
en,https://go2-thailand.com/areas/koh-samui/bophut-fishermans-village/,/areas/koh-samui/bophut-fishermans-village/,/areas/koh-samui/bophut-fishermans-village/,location-directory,yes,location-directory,template-audit,P2,provisional,Behoud voorlopig; valideer indexatiewaarde en templatekwaliteit per cluster.
en,https://go2-thailand.com/areas/koh-samui/chaweng-beach/,/areas/koh-samui/chaweng-beach/,/areas/koh-samui/chaweng-beach/,location-directory,yes,location-directory,template-audit,P2,provisional,Behoud voorlopig; valideer indexatiewaarde en templatekwaliteit per cluster.
en,https://go2-thailand.com/areas/koh-samui/choeng-mon/,/areas/koh-samui/choeng-mon/,/areas/koh-samui/choeng-mon/,location-directory,yes,location-directory,template-audit,P2,provisional,Behoud voorlopig; valideer indexatiewaarde en templatekwaliteit per cluster.
en,https://go2-thailand.com/areas/koh-samui/hua-thanon/,/areas/koh-samui/hua-thanon/,/areas/koh-samui/hua-thanon/,location-directory,yes,location-directory,template-audit,P2,provisional,Behoud voorlopig; valideer indexatiewaarde en templatekwaliteit per cluster.
en,https://go2-thailand.com/areas/koh-samui/laem-set/,/areas/koh-samui/laem-set/,/areas/koh-samui/laem-set/,location-directory,yes,location-directory,template-audit,P2,provisional,Behoud voorlopig; valideer indexatiewaarde en templatekwaliteit per cluster.
en,https://go2-thailand.com/areas/koh-samui/lamai-beach/,/areas/koh-samui/lamai-beach/,/areas/koh-samui/lamai-beach/,location-directory,yes,location-directory,template-audit,P2,provisional,Behoud voorlopig; valideer indexatiewaarde en templatekwaliteit per cluster.
en,https://go2-thailand.com/areas/koh-samui/lipa-noi/,/areas/koh-samui/lipa-noi/,/areas/koh-samui/lipa-noi/,location-directory,yes,location-directory,template-audit,P2,provisional,Behoud voorlopig; valideer indexatiewaarde en templatekwaliteit per cluster.
en,https://go2-thailand.com/areas/koh-samui/maenam-beach/,/areas/koh-samui/maenam-beach/,/areas/koh-samui/maenam-beach/,location-directory,yes,location-directory,template-audit,P2,provisional,Behoud voorlopig; valideer indexatiewaarde en templatekwaliteit per cluster.
en,https://go2-thailand.com/areas/koh-samui/nathon-town/,/areas/koh-samui/nathon-town/,/areas/koh-samui/nathon-town/,location-directory,yes,location-directory,template-audit,P2,provisional,Behoud voorlopig; valideer indexatiewaarde en templatekwaliteit per cluster.
en,https://go2-thailand.com/areas/koh-samui/taling-ngam/,/areas/koh-samui/taling-ngam/,/areas/koh-samui/taling-ngam/,location-directory,yes,location-directory,template-audit,P2,provisional,Behoud voorlopig; valideer indexatiewaarde en templatekwaliteit per cluster.
en,https://go2-thailand.com/areas/krabi/ao-nang/,/areas/krabi/ao-nang/,/areas/krabi/ao-nang/,location-directory,yes,location-directory,template-audit,P2,provisional,Behoud voorlopig; valideer indexatiewaarde en templatekwaliteit per cluster.
en,https://go2-thailand.com/areas/krabi/klong-muang/,/areas/krabi/klong-muang/,/areas/krabi/klong-muang/,location-directory,yes,location-directory,template-audit,P2,provisional,Behoud voorlopig; valideer indexatiewaarde en templatekwaliteit per cluster.
en,https://go2-thailand.com/areas/krabi/krabi-town/,/areas/krabi/krabi-town/,/areas/krabi/krabi-town/,location-directory,yes,location-directory,template-audit,P2,provisional,Behoud voorlopig; valideer indexatiewaarde en templatekwaliteit per cluster.
en,https://go2-thailand.com/areas/krabi/loh-dalum-bay-koh-phi-phi/,/areas/krabi/loh-dalum-bay-koh-phi-phi/,/areas/krabi/loh-dalum-bay-koh-phi-phi/,location-directory,yes,location-directory,template-audit,P2,provisional,Behoud voorlopig; valideer indexatiewaarde en templatekwaliteit per cluster.
en,https://go2-thailand.com/areas/krabi/long-beach-koh-lanta/,/areas/krabi/long-beach-koh-lanta/,/areas/krabi/long-beach-koh-lanta/,location-directory,yes,location-directory,template-audit,P2,provisional,Behoud voorlopig; valideer indexatiewaarde en templatekwaliteit per cluster.
en,https://go2-thailand.com/areas/krabi/nopparat-thara-beach/,/areas/krabi/nopparat-thara-beach/,/areas/krabi/nopparat-thara-beach/,location-directory,yes,location-directory,template-audit,P2,provisional,Behoud voorlopig; valideer indexatiewaarde en templatekwaliteit per cluster.
en,https://go2-thailand.com/areas/krabi/railay-beach/,/areas/krabi/railay-beach/,/areas/krabi/railay-beach/,location-directory,yes,location-directory,template-audit,P2,provisional,Behoud voorlopig; valideer indexatiewaarde en templatekwaliteit per cluster.
en,https://go2-thailand.com/areas/krabi/saladan/,/areas/krabi/saladan/,/areas/krabi/saladan/,location-directory,yes,location-directory,template-audit,P2,provisional,Behoud voorlopig; valideer indexatiewaarde en templatekwaliteit per cluster.
en,https://go2-thailand.com/areas/krabi/tonsai-koh-phi-phi/,/areas/krabi/tonsai-koh-phi-phi/,/areas/krabi/tonsai-koh-phi-phi/,location-directory,yes,location-directory,template-audit,P2,provisional,Behoud voorlopig; valideer indexatiewaarde en templatekwaliteit per cluster.
en,https://go2-thailand.com/areas/krabi/tubkaek-beach/,/areas/krabi/tubkaek-beach/,/areas/krabi/tubkaek-beach/,location-directory,yes,location-directory,template-audit,P2,provisional,Behoud voorlopig; valideer indexatiewaarde en templatekwaliteit per cluster.
en,https://go2-thailand.com/areas/phuket/cape-panwa/,/areas/phuket/cape-panwa/,/areas/phuket/cape-panwa/,location-directory,yes,location-directory,template-audit,P2,provisional,Behoud voorlopig; valideer indexatiewaarde en templatekwaliteit per cluster.
en,https://go2-thailand.com/areas/phuket/chalong/,/areas/phuket/chalong/,/areas/phuket/chalong/,location-directory,yes,location-directory,template-audit,P2,provisional,Behoud voorlopig; valideer indexatiewaarde en templatekwaliteit per cluster.
en,https://go2-thailand.com/areas/phuket/kamala-beach/,/areas/phuket/kamala-beach/,/areas/phuket/kamala-beach/,location-directory,yes,location-directory,template-audit,P2,provisional,Behoud voorlopig; valideer indexatiewaarde en templatekwaliteit per cluster.
en,https://go2-thailand.com/areas/phuket/karon-beach/,/areas/phuket/karon-beach/,/areas/phuket/karon-beach/,location-directory,yes,location-directory,template-audit,P2,provisional,Behoud voorlopig; valideer indexatiewaarde en templatekwaliteit per cluster.
en,https://go2-thailand.com/areas/phuket/kata-beach/,/areas/phuket/kata-beach/,/areas/phuket/kata-beach/,location-directory,yes,location-directory,template-audit,P2,provisional,Behoud voorlopig; valideer indexatiewaarde en templatekwaliteit per cluster.
en,https://go2-thailand.com/areas/phuket/mai-khao-beach/,/areas/phuket/mai-khao-beach/,/areas/phuket/mai-khao-beach/,location-directory,yes,location-directory,template-audit,P2,provisional,Behoud voorlopig; valideer indexatiewaarde en templatekwaliteit per cluster.
en,https://go2-thailand.com/areas/phuket/nai-yang-beach/,/areas/phuket/nai-yang-beach/,/areas/phuket/nai-yang-beach/,location-directory,yes,location-directory,template-audit,P2,provisional,Behoud voorlopig; valideer indexatiewaarde en templatekwaliteit per cluster.
en,https://go2-thailand.com/areas/phuket/patong-beach/,/areas/phuket/patong-beach/,/areas/phuket/patong-beach/,location-directory,yes,location-directory,template-audit,P2,provisional,Behoud voorlopig; valideer indexatiewaarde en templatekwaliteit per cluster.
en,https://go2-thailand.com/areas/phuket/phuket-old-town/,/areas/phuket/phuket-old-town/,/areas/phuket/phuket-old-town/,location-directory,yes,location-directory,template-audit,P2,provisional,Behoud voorlopig; valideer indexatiewaarde en templatekwaliteit per cluster.
en,https://go2-thailand.com/areas/phuket/rawai-nai-harn/,/areas/phuket/rawai-nai-harn/,/areas/phuket/rawai-nai-harn/,location-directory,yes,location-directory,template-audit,P2,provisional,Behoud voorlopig; valideer indexatiewaarde en templatekwaliteit per cluster.
en,https://go2-thailand.com/areas/phuket/surin-bang-tao-laguna/,/areas/phuket/surin-bang-tao-laguna/,/areas/phuket/surin-bang-tao-laguna/,location-directory,yes,location-directory,template-audit,P2,provisional,Behoud voorlopig; valideer indexatiewaarde en templatekwaliteit per cluster.
en,https://go2-thailand.com/hotel/100-islands-resort-spa/,/hotel/100-islands-resort-spa/,/hotel/100-islands-resort-spa/,hotel-detail,no,hotel-detail,indexation-audit,P2,provisional,"Programmatic hoteldetail; controleer unieke waarde, actualiteit, canonical en affiliatekwaliteit. Taalpaar ontbreekt: bepaal of lokalisatie of bewust locale-specifiek gebruik nodig is."
en,https://go2-thailand.com/hotel/137-pillars-house/,/hotel/137-pillars-house/,/hotel/137-pillars-house/,hotel-detail,no,hotel-detail,indexation-audit,P2,provisional,"Programmatic hoteldetail; controleer unieke waarde, actualiteit, canonical en affiliatekwaliteit. Taalpaar ontbreekt: bepaal of lokalisatie of bewust locale-specifiek gebruik nodig is."
en,https://go2-thailand.com/hotel/137-pillars-suites-residences-bangkok/,/hotel/137-pillars-suites-residences-bangkok/,/hotel/137-pillars-suites-residences-bangkok/,hotel-detail,no,hotel-detail,indexation-audit,P2,provisional,"Programmatic hoteldetail; controleer unieke waarde, actualiteit, canonical en affiliatekwaliteit. Taalpaar ontbreekt: bepaal of lokalisatie of bewust locale-specifiek gebruik nodig is."
en,https://go2-thailand.com/hotel/a-local-something/,/hotel/a-local-something/,/hotel/a-local-something/,hotel-detail,no,hotel-detail,indexation-audit,P2,provisional,"Programmatic hoteldetail; controleer unieke waarde, actualiteit, canonical en affiliatekwaliteit. Taalpaar ontbreekt: bepaal of lokalisatie of bewust locale-specifiek gebruik nodig is."
en,https://go2-thailand.com/hotel/a-te-chumphon-hotel/,/hotel/a-te-chumphon-hotel/,/hotel/a-te-chumphon-hotel/,hotel-detail,no,hotel-detail,indexation-audit,P2,provisional,"Programmatic hoteldetail; controleer unieke waarde, actualiteit, canonical en affiliatekwaliteit. Taalpaar ontbreekt: bepaal of lokalisatie of bewust locale-specifiek gebruik nodig is."
en,https://go2-thailand.com/hotel/ad-lib-hotel-khon-kaen/,/hotel/ad-lib-hotel-khon-kaen/,/hotel/ad-lib-hotel-khon-kaen/,hotel-detail,no,hotel-detail,indexation-audit,P2,provisional,"Programmatic hoteldetail; controleer unieke waarde, actualiteit, canonical en affiliatekwaliteit. Taalpaar ontbreekt: bepaal of lokalisatie of bewust locale-specifiek gebruik nodig is."
en,https://go2-thailand.com/hotel/amari-buriram-united/,/hotel/amari-buriram-united/,/hotel/amari-buriram-united/,hotel-detail,no,hotel-detail,indexation-audit,P2,provisional,"Programmatic hoteldetail; controleer unieke waarde, actualiteit, canonical en affiliatekwaliteit. Taalpaar ontbreekt: bepaal of lokalisatie of bewust locale-specifiek gebruik nodig is."
en,https://go2-thailand.com/hotel/amari-hua-hin/,/hotel/amari-hua-hin/,/hotel/amari-hua-hin/,hotel-detail,no,hotel-detail,indexation-audit,P2,provisional,"Programmatic hoteldetail; controleer unieke waarde, actualiteit, canonical en affiliatekwaliteit. Taalpaar ontbreekt: bepaal of lokalisatie of bewust locale-specifiek gebruik nodig is."
en,https://go2-thailand.com/hotel/amari-pattaya/,/hotel/amari-pattaya/,/hotel/amari-pattaya/,hotel-detail,no,hotel-detail,indexation-audit,P2,provisional,"Programmatic hoteldetail; controleer unieke waarde, actualiteit, canonical en affiliatekwaliteit. Taalpaar ontbreekt: bepaal of lokalisatie of bewust locale-specifiek gebruik nodig is."
en,https://go2-thailand.com/hotel/amora-tapae-phitsanulok-formerly-amarin-lagoon/,/hotel/amora-tapae-phitsanulok-formerly-amarin-lagoon/,/hotel/amora-tapae-phitsanulok-formerly-amarin-lagoon/,hotel-detail,no,hotel-detail,indexation-audit,P2,provisional,"Programmatic hoteldetail; controleer unieke waarde, actualiteit, canonical en affiliatekwaliteit. Taalpaar ontbreekt: bepaal of lokalisatie of bewust locale-specifiek gebruik nodig is."
en,https://go2-thailand.com/hotel/anantara-golden-triangle-elephant-camp-resort/,/hotel/anantara-golden-triangle-elephant-camp-resort/,/hotel/anantara-golden-triangle-elephant-camp-resort/,hotel-detail,no,hotel-detail,indexation-audit,P2,provisional,"Programmatic hoteldetail; controleer unieke waarde, actualiteit, canonical en affiliatekwaliteit. Taalpaar ontbreekt: bepaal of lokalisatie of bewust locale-specifiek gebruik nodig is."
en,https://go2-thailand.com/hotel/anantara-si-kao-resort/,/hotel/anantara-si-kao-resort/,/hotel/anantara-si-kao-resort/,hotel-detail,no,hotel-detail,indexation-audit,P2,provisional,"Programmatic hoteldetail; controleer unieke waarde, actualiteit, canonical en affiliatekwaliteit. Taalpaar ontbreekt: bepaal of lokalisatie of bewust locale-specifiek gebruik nodig is."
en,https://go2-thailand.com/hotel/ananya-lipe-resort/,/hotel/ananya-lipe-resort/,/hotel/ananya-lipe-resort/,hotel-detail,no,hotel-detail,indexation-audit,P2,provisional,"Programmatic hoteldetail; controleer unieke waarde, actualiteit, canonical en affiliatekwaliteit. Taalpaar ontbreekt: bepaal of lokalisatie of bewust locale-specifiek gebruik nodig is."
en,https://go2-thailand.com/hotel/ao-phai-hut/,/hotel/ao-phai-hut/,/hotel/ao-phai-hut/,hotel-detail,no,hotel-detail,indexation-audit,P2,provisional,"Programmatic hoteldetail; controleer unieke waarde, actualiteit, canonical en affiliatekwaliteit. Taalpaar ontbreekt: bepaal of lokalisatie of bewust locale-specifiek gebruik nodig is."
en,https://go2-thailand.com/hotel/aonang-cliff-beach-resort/,/hotel/aonang-cliff-beach-resort/,/hotel/aonang-cliff-beach-resort/,hotel-detail,no,hotel-detail,indexation-audit,P2,provisional,"Programmatic hoteldetail; controleer unieke waarde, actualiteit, canonical en affiliatekwaliteit. Taalpaar ontbreekt: bepaal of lokalisatie of bewust locale-specifiek gebruik nodig is."
en,https://go2-thailand.com/hotel/areca-lodge/,/hotel/areca-lodge/,/hotel/areca-lodge/,hotel-detail,no,hotel-detail,indexation-audit,P2,provisional,"Programmatic hoteldetail; controleer unieke waarde, actualiteit, canonical en affiliatekwaliteit. Taalpaar ontbreekt: bepaal of lokalisatie of bewust locale-specifiek gebruik nodig is."
en,https://go2-thailand.com/hotel/asia-backpackers-hostel/,/hotel/asia-backpackers-hostel/,/hotel/asia-backpackers-hostel/,hotel-detail,no,hotel-detail,indexation-audit,P2,provisional,"Programmatic hoteldetail; controleer unieke waarde, actualiteit, canonical en affiliatekwaliteit. Taalpaar ontbreekt: bepaal of lokalisatie of bewust locale-specifiek gebruik nodig is."
en,https://go2-thailand.com/hotel/auangkham-resort/,/hotel/auangkham-resort/,/hotel/auangkham-resort/,hotel-detail,no,hotel-detail,indexation-audit,P2,provisional,"Programmatic hoteldetail; controleer unieke waarde, actualiteit, canonical en affiliatekwaliteit. Taalpaar ontbreekt: bepaal of lokalisatie of bewust locale-specifiek gebruik nodig is."
en,https://go2-thailand.com/hotel/avani-khon-kaen-hotel-convention-centre/,/hotel/avani-khon-kaen-hotel-convention-centre/,/hotel/avani-khon-kaen-hotel-convention-centre/,hotel-detail,no,hotel-detail,indexation-audit,P2,provisional,"Programmatic hoteldetail; controleer unieke waarde, actualiteit, canonical en affiliatekwaliteit. Taalpaar ontbreekt: bepaal of lokalisatie of bewust locale-specifiek gebruik nodig is."
en,https://go2-thailand.com/hotel/avani-pattaya-resort/,/hotel/avani-pattaya-resort/,/hotel/avani-pattaya-resort/,hotel-detail,no,hotel-detail,indexation-audit,P2,provisional,"Programmatic hoteldetail; controleer unieke waarde, actualiteit, canonical en affiliatekwaliteit. Taalpaar ontbreekt: bepaal of lokalisatie of bewust locale-specifiek gebruik nodig is."
en,https://go2-thailand.com/hotel/avista-grande-karon-mgallery/,/hotel/avista-grande-karon-mgallery/,/hotel/avista-grande-karon-mgallery/,hotel-detail,no,hotel-detail,indexation-audit,P2,provisional,"Programmatic hoteldetail; controleer unieke waarde, actualiteit, canonical en affiliatekwaliteit. Taalpaar ontbreekt: bepaal of lokalisatie of bewust locale-specifiek gebruik nodig is."
en,https://go2-thailand.com/hotel/ayothaya-riverside-hotel/,/hotel/ayothaya-riverside-hotel/,/hotel/ayothaya-riverside-hotel/,hotel-detail,no,hotel-detail,indexation-audit,P2,provisional,"Programmatic hoteldetail; controleer unieke waarde, actualiteit, canonical en affiliatekwaliteit. Taalpaar ontbreekt: bepaal of lokalisatie of bewust locale-specifiek gebruik nodig is."
en,https://go2-thailand.com/hotel/b2-korat-night-market-boutique-budget-hotel/,/hotel/b2-korat-night-market-boutique-budget-hotel/,/hotel/b2-korat-night-market-boutique-budget-hotel/,hotel-detail,no,hotel-detail,indexation-audit,P2,provisional,"Programmatic hoteldetail; controleer unieke waarde, actualiteit, canonical en affiliatekwaliteit. Taalpaar ontbreekt: bepaal of lokalisatie of bewust locale-specifiek gebruik nodig is."
en,https://go2-thailand.com/hotel/b2-rat-uthit-hat-yai-boutique-and-budget-hotel/,/hotel/b2-rat-uthit-hat-yai-boutique-and-budget-hotel/,/hotel/b2-rat-uthit-hat-yai-boutique-and-budget-hotel/,hotel-detail,no,hotel-detail,indexation-audit,P2,provisional,"Programmatic hoteldetail; controleer unieke waarde, actualiteit, canonical en affiliatekwaliteit. Taalpaar ontbreekt: bepaal of lokalisatie of bewust locale-specifiek gebruik nodig is."
en,https://go2-thailand.com/hotel/baan-are-gong-riverside-homestay/,/hotel/baan-are-gong-riverside-homestay/,/hotel/baan-are-gong-riverside-homestay/,hotel-detail,no,hotel-detail,indexation-audit,P2,provisional,"Programmatic hoteldetail; controleer unieke waarde, actualiteit, canonical en affiliatekwaliteit. Taalpaar ontbreekt: bepaal of lokalisatie of bewust locale-specifiek gebruik nodig is."
en,https://go2-thailand.com/hotel/baan-bua-guesthouse/,/hotel/baan-bua-guesthouse/,/hotel/baan-bua-guesthouse/,hotel-detail,no,hotel-detail,indexation-audit,P2,provisional,"Programmatic hoteldetail; controleer unieke waarde, actualiteit, canonical en affiliatekwaliteit. Taalpaar ontbreekt: bepaal of lokalisatie of bewust locale-specifiek gebruik nodig is."
en,https://go2-thailand.com/hotel/baan-chiang-bed-lampang/,/hotel/baan-chiang-bed-lampang/,/hotel/baan-chiang-bed-lampang/,hotel-detail,no,hotel-detail,indexation-audit,P2,provisional,"Programmatic hoteldetail; controleer unieke waarde, actualiteit, canonical en affiliatekwaliteit. Taalpaar ontbreekt: bepaal of lokalisatie of bewust locale-specifiek gebruik nodig is."
en,https://go2-thailand.com/hotel/baan-dinso-ratanakosin/,/hotel/baan-dinso-ratanakosin/,/hotel/baan-dinso-ratanakosin/,hotel-detail,no,hotel-detail,indexation-audit,P2,provisional,"Programmatic hoteldetail; controleer unieke waarde, actualiteit, canonical en affiliatekwaliteit. Taalpaar ontbreekt: bepaal of lokalisatie of bewust locale-specifiek gebruik nodig is."
en,https://go2-thailand.com/hotel/baan-karon-resort/,/hotel/baan-karon-resort/,/hotel/baan-karon-resort/,hotel-detail,no,hotel-detail,indexation-audit,P2,provisional,"Programmatic hoteldetail; controleer unieke waarde, actualiteit, canonical en affiliatekwaliteit. Taalpaar ontbreekt: bepaal of lokalisatie of bewust locale-specifiek gebruik nodig is."
en,https://go2-thailand.com/hotel/baan-keang-chon-ayutthaya/,/hotel/baan-keang-chon-ayutthaya/,/hotel/baan-keang-chon-ayutthaya/,hotel-detail,no,hotel-detail,indexation-audit,P2,provisional,"Programmatic hoteldetail; controleer unieke waarde, actualiteit, canonical en affiliatekwaliteit. Taalpaar ontbreekt: bepaal of lokalisatie of bewust locale-specifiek gebruik nodig is."
en,https://go2-thailand.com/hotel/baan-luang-rajamaitri-historic-inn/,/hotel/baan-luang-rajamaitri-historic-inn/,/hotel/baan-luang-rajamaitri-historic-inn/,hotel-detail,no,hotel-detail,indexation-audit,P2,provisional,"Programmatic hoteldetail; controleer unieke waarde, actualiteit, canonical en affiliatekwaliteit. Taalpaar ontbreekt: bepaal of lokalisatie of bewust locale-specifiek gebruik nodig is."
en,https://go2-thailand.com/hotel/baan-mai-guesthouse/,/hotel/baan-mai-guesthouse/,/hotel/baan-mai-guesthouse/,hotel-detail,no,hotel-detail,indexation-audit,P2,provisional,"Programmatic hoteldetail; controleer unieke waarde, actualiteit, canonical en affiliatekwaliteit. Taalpaar ontbreekt: bepaal of lokalisatie of bewust locale-specifiek gebruik nodig is."
en,https://go2-thailand.com/hotel/baan-rim-khong-boutique/,/hotel/baan-rim-khong-boutique/,/hotel/baan-rim-khong-boutique/,hotel-detail,no,hotel-detail,indexation-audit,P2,provisional,"Programmatic hoteldetail; controleer unieke waarde, actualiteit, canonical en affiliatekwaliteit. Taalpaar ontbreekt: bepaal of lokalisatie of bewust locale-specifiek gebruik nodig is."
en,https://go2-thailand.com/hotel/baan-rim-nam-mukdahan/,/hotel/baan-rim-nam-mukdahan/,/hotel/baan-rim-nam-mukdahan/,hotel-detail,no,hotel-detail,indexation-audit,P2,provisional,"Programmatic hoteldetail; controleer unieke waarde, actualiteit, canonical en affiliatekwaliteit. Taalpaar ontbreekt: bepaal of lokalisatie of bewust locale-specifiek gebruik nodig is."
en,https://go2-thailand.com/hotel/baan-rim-nam-resort/,/hotel/baan-rim-nam-resort/,/hotel/baan-rim-nam-resort/,hotel-detail,no,hotel-detail,indexation-audit,P2,provisional,"Programmatic hoteldetail; controleer unieke waarde, actualiteit, canonical en affiliatekwaliteit. Taalpaar ontbreekt: bepaal of lokalisatie of bewust locale-specifiek gebruik nodig is."
en,https://go2-thailand.com/hotel/baan-rimkong/,/hotel/baan-rimkong/,/hotel/baan-rimkong/,hotel-detail,no,hotel-detail,indexation-audit,P2,provisional,"Programmatic hoteldetail; controleer unieke waarde, actualiteit, canonical en affiliatekwaliteit. Taalpaar ontbreekt: bepaal of lokalisatie of bewust locale-specifiek gebruik nodig is."
en,https://go2-thailand.com/hotel/baan-suan-resort-prachinburi/,/hotel/baan-suan-resort-prachinburi/,/hotel/baan-suan-resort-prachinburi/,hotel-detail,no,hotel-detail,indexation-audit,P2,provisional,"Programmatic hoteldetail; controleer unieke waarde, actualiteit, canonical en affiliatekwaliteit. Taalpaar ontbreekt: bepaal of lokalisatie of bewust locale-specifiek gebruik nodig is."
en,https://go2-thailand.com/hotel/baan-suan-resort/,/hotel/baan-suan-resort/,/hotel/baan-suan-resort/,hotel-detail,no,hotel-detail,indexation-audit,P2,provisional,"Programmatic hoteldetail; controleer unieke waarde, actualiteit, canonical en affiliatekwaliteit. Taalpaar ontbreekt: bepaal of lokalisatie of bewust locale-specifiek gebruik nodig is."
en,https://go2-thailand.com/hotel/baan-talay-resort/,/hotel/baan-talay-resort/,/hotel/baan-talay-resort/,hotel-detail,no,hotel-detail,indexation-audit,P2,provisional,"Programmatic hoteldetail; controleer unieke waarde, actualiteit, canonical en affiliatekwaliteit. Taalpaar ontbreekt: bepaal of lokalisatie of bewust locale-specifiek gebruik nodig is."
en,https://go2-thailand.com/hotel/baandusit-resort-prachinburi/,/hotel/baandusit-resort-prachinburi/,/hotel/baandusit-resort-prachinburi/,hotel-detail,no,hotel-detail,indexation-audit,P2,provisional,"Programmatic hoteldetail; controleer unieke waarde, actualiteit, canonical en affiliatekwaliteit. Taalpaar ontbreekt: bepaal of lokalisatie of bewust locale-specifiek gebruik nodig is."
en,https://go2-thailand.com/hotel/baanfai-guesthouse-chiangkhong/,/hotel/baanfai-guesthouse-chiangkhong/,/hotel/baanfai-guesthouse-chiangkhong/,hotel-detail,no,hotel-detail,indexation-audit,P2,provisional,"Programmatic hoteldetail; controleer unieke waarde, actualiteit, canonical en affiliatekwaliteit. Taalpaar ontbreekt: bepaal of lokalisatie of bewust locale-specifiek gebruik nodig is."
en,https://go2-thailand.com/hotel/baanrimtaling-home-stay/,/hotel/baanrimtaling-home-stay/,/hotel/baanrimtaling-home-stay/,hotel-detail,no,hotel-detail,indexation-audit,P2,provisional,"Programmatic hoteldetail; controleer unieke waarde, actualiteit, canonical en affiliatekwaliteit. Taalpaar ontbreekt: bepaal of lokalisatie of bewust locale-specifiek gebruik nodig is."
en,https://go2-thailand.com/hotel/baiyoke-chalet-hotel/,/hotel/baiyoke-chalet-hotel/,/hotel/baiyoke-chalet-hotel/,hotel-detail,no,hotel-detail,indexation-audit,P2,provisional,"Programmatic hoteldetail; controleer unieke waarde, actualiteit, canonical en affiliatekwaliteit. Taalpaar ontbreekt: bepaal of lokalisatie of bewust locale-specifiek gebruik nodig is."
en,https://go2-thailand.com/hotel/ban-indochine-guesthouse/,/hotel/ban-indochine-guesthouse/,/hotel/ban-indochine-guesthouse/,hotel-detail,no,hotel-detail,indexation-audit,P2,provisional,"Programmatic hoteldetail; controleer unieke waarde, actualiteit, canonical en affiliatekwaliteit. Taalpaar ontbreekt: bepaal of lokalisatie of bewust locale-specifiek gebruik nodig is."
en,https://go2-thailand.com/hotel/ban-phe-guesthouse-typical-ban-phe-budget-option/,/hotel/ban-phe-guesthouse-typical-ban-phe-budget-option/,/hotel/ban-phe-guesthouse-typical-ban-phe-budget-option/,hotel-detail,no,hotel-detail,indexation-audit,P2,provisional,"Programmatic hoteldetail; controleer unieke waarde, actualiteit, canonical en affiliatekwaliteit. Taalpaar ontbreekt: bepaal of lokalisatie of bewust locale-specifiek gebruik nodig is."
en,https://go2-thailand.com/hotel/banyan-tree-phuket/,/hotel/banyan-tree-phuket/,/hotel/banyan-tree-phuket/,hotel-detail,no,hotel-detail,indexation-audit,P2,provisional,"Programmatic hoteldetail; controleer unieke waarde, actualiteit, canonical en affiliatekwaliteit. Taalpaar ontbreekt: bepaal of lokalisatie of bewust locale-specifiek gebruik nodig is."
en,https://go2-thailand.com/hotel/banyan-tree-samui/,/hotel/banyan-tree-samui/,/hotel/banyan-tree-samui/,hotel-detail,no,hotel-detail,indexation-audit,P2,provisional,"Programmatic hoteldetail; controleer unieke waarde, actualiteit, canonical en affiliatekwaliteit. Taalpaar ontbreekt: bepaal of lokalisatie of bewust locale-specifiek gebruik nodig is."
en,https://go2-thailand.com/hotel/best-western-royal-buriram-hotel/,/hotel/best-western-royal-buriram-hotel/,/hotel/best-western-royal-buriram-hotel/,hotel-detail,no,hotel-detail,indexation-audit,P2,provisional,"Programmatic hoteldetail; controleer unieke waarde, actualiteit, canonical en affiliatekwaliteit. Taalpaar ontbreekt: bepaal of lokalisatie of bewust locale-specifiek gebruik nodig is."
en,https://go2-thailand.com/hotel/bestier-hatyai-hotel/,/hotel/bestier-hatyai-hotel/,/hotel/bestier-hatyai-hotel/,hotel-detail,no,hotel-detail,indexation-audit,P2,provisional,"Programmatic hoteldetail; controleer unieke waarde, actualiteit, canonical en affiliatekwaliteit. Taalpaar ontbreekt: bepaal of lokalisatie of bewust locale-specifiek gebruik nodig is."
en,https://go2-thailand.com/hotel/beyond-patong/,/hotel/beyond-patong/,/hotel/beyond-patong/,hotel-detail,no,hotel-detail,indexation-audit,P2,provisional,"Programmatic hoteldetail; controleer unieke waarde, actualiteit, canonical en affiliatekwaliteit. Taalpaar ontbreekt: bepaal of lokalisatie of bewust locale-specifiek gebruik nodig is."
en,https://go2-thailand.com/hotel/blue-star-guest-house/,/hotel/blue-star-guest-house/,/hotel/blue-star-guest-house/,hotel-detail,no,hotel-detail,indexation-audit,P2,provisional,"Programmatic hoteldetail; controleer unieke waarde, actualiteit, canonical en affiliatekwaliteit. Taalpaar ontbreekt: bepaal of lokalisatie of bewust locale-specifiek gebruik nodig is."
en,https://go2-thailand.com/hotel/boutique-raft-resort/,/hotel/boutique-raft-resort/,/hotel/boutique-raft-resort/,hotel-detail,no,hotel-detail,indexation-audit,P2,provisional,"Programmatic hoteldetail; controleer unieke waarde, actualiteit, canonical en affiliatekwaliteit. Taalpaar ontbreekt: bepaal of lokalisatie of bewust locale-specifiek gebruik nodig is."
en,https://go2-thailand.com/hotel/breeze-of-pai-guesthouse/,/hotel/breeze-of-pai-guesthouse/,/hotel/breeze-of-pai-guesthouse/,hotel-detail,no,hotel-detail,indexation-audit,P2,provisional,"Programmatic hoteldetail; controleer unieke waarde, actualiteit, canonical en affiliatekwaliteit. Taalpaar ontbreekt: bepaal of lokalisatie of bewust locale-specifiek gebruik nodig is."
en,https://go2-thailand.com/hotel/bueng-kan-grand-hotel/,/hotel/bueng-kan-grand-hotel/,/hotel/bueng-kan-grand-hotel/,hotel-detail,no,hotel-detail,indexation-audit,P2,provisional,"Programmatic hoteldetail; controleer unieke waarde, actualiteit, canonical en affiliatekwaliteit. Taalpaar ontbreekt: bepaal of lokalisatie of bewust locale-specifiek gebruik nodig is."
en,https://go2-thailand.com/hotel/c2-residence-boutique-hotel/,/hotel/c2-residence-boutique-hotel/,/hotel/c2-residence-boutique-hotel/,hotel-detail,no,hotel-detail,indexation-audit,P2,provisional,"Programmatic hoteldetail; controleer unieke waarde, actualiteit, canonical en affiliatekwaliteit. Taalpaar ontbreekt: bepaal of lokalisatie of bewust locale-specifiek gebruik nodig is."
en,https://go2-thailand.com/hotel/castaway-resort-koh-lipe/,/hotel/castaway-resort-koh-lipe/,/hotel/castaway-resort-koh-lipe/,hotel-detail,no,hotel-detail,indexation-audit,P2,provisional,"Programmatic hoteldetail; controleer unieke waarde, actualiteit, canonical en affiliatekwaliteit. Taalpaar ontbreekt: bepaal of lokalisatie of bewust locale-specifiek gebruik nodig is."
en,https://go2-thailand.com/hotel/centara-ayutthaya/,/hotel/centara-ayutthaya/,/hotel/centara-ayutthaya/,hotel-detail,no,hotel-detail,indexation-audit,P2,provisional,"Programmatic hoteldetail; controleer unieke waarde, actualiteit, canonical en affiliatekwaliteit. Taalpaar ontbreekt: bepaal of lokalisatie of bewust locale-specifiek gebruik nodig is."
en,https://go2-thailand.com/hotel/centara-grand-beach-resort-villas-hua-hin/,/hotel/centara-grand-beach-resort-villas-hua-hin/,/hotel/centara-grand-beach-resort-villas-hua-hin/,hotel-detail,no,hotel-detail,indexation-audit,P2,provisional,"Programmatic hoteldetail; controleer unieke waarde, actualiteit, canonical en affiliatekwaliteit. Taalpaar ontbreekt: bepaal of lokalisatie of bewust locale-specifiek gebruik nodig is."
en,https://go2-thailand.com/hotel/centara-grand-beach-resort-villas-krabi/,/hotel/centara-grand-beach-resort-villas-krabi/,/hotel/centara-grand-beach-resort-villas-krabi/,hotel-detail,yes,hotel-detail,indexation-audit,P1,provisional,"Programmatic hoteldetail; controleer unieke waarde, actualiteit, canonical en affiliatekwaliteit."
en,https://go2-thailand.com/hotel/centara-grand-mirage-beach-resort/,/hotel/centara-grand-mirage-beach-resort/,/hotel/centara-grand-mirage-beach-resort/,hotel-detail,no,hotel-detail,indexation-audit,P2,provisional,"Programmatic hoteldetail; controleer unieke waarde, actualiteit, canonical en affiliatekwaliteit. Taalpaar ontbreekt: bepaal of lokalisatie of bewust locale-specifiek gebruik nodig is."
en,https://go2-thailand.com/hotel/centara-hotel-convention-centre-korat/,/hotel/centara-hotel-convention-centre-korat/,/hotel/centara-hotel-convention-centre-korat/,hotel-detail,no,hotel-detail,indexation-audit,P2,provisional,"Programmatic hoteldetail; controleer unieke waarde, actualiteit, canonical en affiliatekwaliteit. Taalpaar ontbreekt: bepaal of lokalisatie of bewust locale-specifiek gebruik nodig is."
en,https://go2-thailand.com/hotel/centara-hotel-hat-yai/,/hotel/centara-hotel-hat-yai/,/hotel/centara-hotel-hat-yai/,hotel-detail,no,hotel-detail,indexation-audit,P2,provisional,"Programmatic hoteldetail; controleer unieke waarde, actualiteit, canonical en affiliatekwaliteit. Taalpaar ontbreekt: bepaal of lokalisatie of bewust locale-specifiek gebruik nodig is."
en,https://go2-thailand.com/hotel/centara-hotel-udon-thani/,/hotel/centara-hotel-udon-thani/,/hotel/centara-hotel-udon-thani/,hotel-detail,no,hotel-detail,indexation-audit,P2,provisional,"Programmatic hoteldetail; controleer unieke waarde, actualiteit, canonical en affiliatekwaliteit. Taalpaar ontbreekt: bepaal of lokalisatie of bewust locale-specifiek gebruik nodig is."
en,https://go2-thailand.com/hotel/centara-koh-chang-tropicana-resort/,/hotel/centara-koh-chang-tropicana-resort/,/hotel/centara-koh-chang-tropicana-resort/,hotel-detail,no,hotel-detail,indexation-audit,P2,provisional,"Programmatic hoteldetail; controleer unieke waarde, actualiteit, canonical en affiliatekwaliteit. Taalpaar ontbreekt: bepaal of lokalisatie of bewust locale-specifiek gebruik nodig is."
en,https://go2-thailand.com/hotel/centara-ubon/,/hotel/centara-ubon/,/hotel/centara-ubon/,hotel-detail,no,hotel-detail,indexation-audit,P2,provisional,"Programmatic hoteldetail; controleer unieke waarde, actualiteit, canonical en affiliatekwaliteit. Taalpaar ontbreekt: bepaal of lokalisatie of bewust locale-specifiek gebruik nodig is."
en,https://go2-thailand.com/hotel/centre-point-hotel-terminal-21-korat/,/hotel/centre-point-hotel-terminal-21-korat/,/hotel/centre-point-hotel-terminal-21-korat/,hotel-detail,no,hotel-detail,indexation-audit,P2,provisional,"Programmatic hoteldetail; controleer unieke waarde, actualiteit, canonical en affiliatekwaliteit. Taalpaar ontbreekt: bepaal of lokalisatie of bewust locale-specifiek gebruik nodig is."
en,https://go2-thailand.com/hotel/cha-am-methavalai-hotel/,/hotel/cha-am-methavalai-hotel/,/hotel/cha-am-methavalai-hotel/,hotel-detail,no,hotel-detail,indexation-audit,P2,provisional,"Programmatic hoteldetail; controleer unieke waarde, actualiteit, canonical en affiliatekwaliteit. Taalpaar ontbreekt: bepaal of lokalisatie of bewust locale-specifiek gebruik nodig is."
en,https://go2-thailand.com/hotel/chakungrao-riverview-hotel/,/hotel/chakungrao-riverview-hotel/,/hotel/chakungrao-riverview-hotel/,hotel-detail,no,hotel-detail,indexation-audit,P2,provisional,"Programmatic hoteldetail; controleer unieke waarde, actualiteit, canonical en affiliatekwaliteit. Taalpaar ontbreekt: bepaal of lokalisatie of bewust locale-specifiek gebruik nodig is."
en,https://go2-thailand.com/hotel/chalicha-resort/,/hotel/chalicha-resort/,/hotel/chalicha-resort/,hotel-detail,no,hotel-detail,indexation-audit,P2,provisional,"Programmatic hoteldetail; controleer unieke waarde, actualiteit, canonical en affiliatekwaliteit. Taalpaar ontbreekt: bepaal of lokalisatie of bewust locale-specifiek gebruik nodig is."
en,https://go2-thailand.com/hotel/chan-ocha-resort/,/hotel/chan-ocha-resort/,/hotel/chan-ocha-resort/,hotel-detail,no,hotel-detail,indexation-audit,P2,provisional,"Programmatic hoteldetail; controleer unieke waarde, actualiteit, canonical en affiliatekwaliteit. Taalpaar ontbreekt: bepaal of lokalisatie of bewust locale-specifiek gebruik nodig is."
en,https://go2-thailand.com/hotel/chanthaburi-riverside-hotel/,/hotel/chanthaburi-riverside-hotel/,/hotel/chanthaburi-riverside-hotel/,hotel-detail,no,hotel-detail,indexation-audit,P2,provisional,"Programmatic hoteldetail; controleer unieke waarde, actualiteit, canonical en affiliatekwaliteit. Taalpaar ontbreekt: bepaal of lokalisatie of bewust locale-specifiek gebruik nodig is."
en,https://go2-thailand.com/hotel/charoen-hotel/,/hotel/charoen-hotel/,/hotel/charoen-hotel/,hotel-detail,no,hotel-detail,indexation-audit,P2,provisional,"Programmatic hoteldetail; controleer unieke waarde, actualiteit, canonical en affiliatekwaliteit. Taalpaar ontbreekt: bepaal of lokalisatie of bewust locale-specifiek gebruik nodig is."
en,https://go2-thailand.com/hotel/charoen-thani-khon-kaen-hotel/,/hotel/charoen-thani-khon-kaen-hotel/,/hotel/charoen-thani-khon-kaen-hotel/,hotel-detail,no,hotel-detail,indexation-audit,P2,provisional,"Programmatic hoteldetail; controleer unieke waarde, actualiteit, canonical en affiliatekwaliteit. Taalpaar ontbreekt: bepaal of lokalisatie of bewust locale-specifiek gebruik nodig is."
en,https://go2-thailand.com/hotel/chatrium-grand-bangkok/,/hotel/chatrium-grand-bangkok/,/hotel/chatrium-grand-bangkok/,hotel-detail,no,hotel-detail,indexation-audit,P2,provisional,"Programmatic hoteldetail; controleer unieke waarde, actualiteit, canonical en affiliatekwaliteit. Taalpaar ontbreekt: bepaal of lokalisatie of bewust locale-specifiek gebruik nodig is."
en,https://go2-thailand.com/hotel/chatrium-hotel-riverside-bangkok/,/hotel/chatrium-hotel-riverside-bangkok/,/hotel/chatrium-hotel-riverside-bangkok/,hotel-detail,no,hotel-detail,indexation-audit,P2,provisional,"Programmatic hoteldetail; controleer unieke waarde, actualiteit, canonical en affiliatekwaliteit. Taalpaar ontbreekt: bepaal of lokalisatie of bewust locale-specifiek gebruik nodig is."
en,https://go2-thailand.com/hotel/chiang-khan-gallery-resort/,/hotel/chiang-khan-gallery-resort/,/hotel/chiang-khan-gallery-resort/,hotel-detail,no,hotel-detail,indexation-audit,P2,provisional,"Programmatic hoteldetail; controleer unieke waarde, actualiteit, canonical en affiliatekwaliteit. Taalpaar ontbreekt: bepaal of lokalisatie of bewust locale-specifiek gebruik nodig is."
en,https://go2-thailand.com/hotel/chiang-khan-river-house/,/hotel/chiang-khan-river-house/,/hotel/chiang-khan-river-house/,hotel-detail,no,hotel-detail,indexation-audit,P2,provisional,"Programmatic hoteldetail; controleer unieke waarde, actualiteit, canonical en affiliatekwaliteit. Taalpaar ontbreekt: bepaal of lokalisatie of bewust locale-specifiek gebruik nodig is."
en,https://go2-thailand.com/hotel/chiang-khan-river-mountain-resort/,/hotel/chiang-khan-river-mountain-resort/,/hotel/chiang-khan-river-mountain-resort/,hotel-detail,no,hotel-detail,indexation-audit,P2,provisional,"Programmatic hoteldetail; controleer unieke waarde, actualiteit, canonical en affiliatekwaliteit. Taalpaar ontbreekt: bepaal of lokalisatie of bewust locale-specifiek gebruik nodig is."
en,https://go2-thailand.com/hotel/chiang-khong-hill-resort/,/hotel/chiang-khong-hill-resort/,/hotel/chiang-khong-hill-resort/,hotel-detail,no,hotel-detail,indexation-audit,P2,provisional,"Programmatic hoteldetail; controleer unieke waarde, actualiteit, canonical en affiliatekwaliteit. Taalpaar ontbreekt: bepaal of lokalisatie of bewust locale-specifiek gebruik nodig is."
en,https://go2-thailand.com/hotel/chill-d-river-boutique-hotel/,/hotel/chill-d-river-boutique-hotel/,/hotel/chill-d-river-boutique-hotel/,hotel-detail,no,hotel-detail,indexation-audit,P2,provisional,"Programmatic hoteldetail; controleer unieke waarde, actualiteit, canonical en affiliatekwaliteit. Taalpaar ontbreekt: bepaal of lokalisatie of bewust locale-specifiek gebruik nodig is."
en,https://go2-thailand.com/hotel/chiva-som-international-health-resort/,/hotel/chiva-som-international-health-resort/,/hotel/chiva-som-international-health-resort/,hotel-detail,no,hotel-detail,indexation-audit,P2,provisional,"Programmatic hoteldetail; controleer unieke waarde, actualiteit, canonical en affiliatekwaliteit. Taalpaar ontbreekt: bepaal of lokalisatie of bewust locale-specifiek gebruik nodig is."
en,https://go2-thailand.com/hotel/chomsurang-hotel/,/hotel/chomsurang-hotel/,/hotel/chomsurang-hotel/,hotel-detail,no,hotel-detail,indexation-audit,P2,provisional,"Programmatic hoteldetail; controleer unieke waarde, actualiteit, canonical en affiliatekwaliteit. Taalpaar ontbreekt: bepaal of lokalisatie of bewust locale-specifiek gebruik nodig is."
en,https://go2-thailand.com/hotel/chumphon-cabana-resort-dive-center/,/hotel/chumphon-cabana-resort-dive-center/,/hotel/chumphon-cabana-resort-dive-center/,hotel-detail,no,hotel-detail,indexation-audit,P2,provisional,"Programmatic hoteldetail; controleer unieke waarde, actualiteit, canonical en affiliatekwaliteit. Taalpaar ontbreekt: bepaal of lokalisatie of bewust locale-specifiek gebruik nodig is."
en,https://go2-thailand.com/hotel/citin-loft-hua-hin/,/hotel/citin-loft-hua-hin/,/hotel/citin-loft-hua-hin/,hotel-detail,no,hotel-detail,indexation-audit,P2,provisional,"Programmatic hoteldetail; controleer unieke waarde, actualiteit, canonical en affiliatekwaliteit. Taalpaar ontbreekt: bepaal of lokalisatie of bewust locale-specifiek gebruik nodig is."
en,https://go2-thailand.com/hotel/classic-kameo-hotel-serviced-apartments/,/hotel/classic-kameo-hotel-serviced-apartments/,/hotel/classic-kameo-hotel-serviced-apartments/,hotel-detail,no,hotel-detail,indexation-audit,P2,provisional,"Programmatic hoteldetail; controleer unieke waarde, actualiteit, canonical en affiliatekwaliteit. Taalpaar ontbreekt: bepaal of lokalisatie of bewust locale-specifiek gebruik nodig is."
en,https://go2-thailand.com/hotel/coco-tarutao-resort/,/hotel/coco-tarutao-resort/,/hotel/coco-tarutao-resort/,hotel-detail,no,hotel-detail,indexation-audit,P2,provisional,"Programmatic hoteldetail; controleer unieke waarde, actualiteit, canonical en affiliatekwaliteit. Taalpaar ontbreekt: bepaal of lokalisatie of bewust locale-specifiek gebruik nodig is."
en,https://go2-thailand.com/hotel/common-grounds-pai/,/hotel/common-grounds-pai/,/hotel/common-grounds-pai/,hotel-detail,no,hotel-detail,indexation-audit,P2,provisional,"Programmatic hoteldetail; controleer unieke waarde, actualiteit, canonical en affiliatekwaliteit. Taalpaar ontbreekt: bepaal of lokalisatie of bewust locale-specifiek gebruik nodig is."
en,https://go2-thailand.com/hotel/conrad-koh-samui/,/hotel/conrad-koh-samui/,/hotel/conrad-koh-samui/,hotel-detail,no,hotel-detail,indexation-audit,P2,provisional,"Programmatic hoteldetail; controleer unieke waarde, actualiteit, canonical en affiliatekwaliteit. Taalpaar ontbreekt: bepaal of lokalisatie of bewust locale-specifiek gebruik nodig is."
en,https://go2-thailand.com/hotel/core-khiri-hostel/,/hotel/core-khiri-hostel/,/hotel/core-khiri-hostel/,hotel-detail,no,hotel-detail,indexation-audit,P2,provisional,"Programmatic hoteldetail; controleer unieke waarde, actualiteit, canonical en affiliatekwaliteit. Taalpaar ontbreekt: bepaal of lokalisatie of bewust locale-specifiek gebruik nodig is."
en,https://go2-thailand.com/hotel/d-varee-jomtien-beach/,/hotel/d-varee-jomtien-beach/,/hotel/d-varee-jomtien-beach/,hotel-detail,no,hotel-detail,indexation-audit,P2,provisional,"Programmatic hoteldetail; controleer unieke waarde, actualiteit, canonical en affiliatekwaliteit. Taalpaar ontbreekt: bepaal of lokalisatie of bewust locale-specifiek gebruik nodig is."
en,https://go2-thailand.com/hotel/dadd-resort-by-lopburi-inn-resort/,/hotel/dadd-resort-by-lopburi-inn-resort/,/hotel/dadd-resort-by-lopburi-inn-resort/,hotel-detail,no,hotel-detail,indexation-audit,P2,provisional,"Programmatic hoteldetail; controleer unieke waarde, actualiteit, canonical en affiliatekwaliteit. Taalpaar ontbreekt: bepaal of lokalisatie of bewust locale-specifiek gebruik nodig is."
en,https://go2-thailand.com/hotel/day-waterfront-hotel/,/hotel/day-waterfront-hotel/,/hotel/day-waterfront-hotel/,hotel-detail,no,hotel-detail,indexation-audit,P2,provisional,"Programmatic hoteldetail; controleer unieke waarde, actualiteit, canonical en affiliatekwaliteit. Taalpaar ontbreekt: bepaal of lokalisatie of bewust locale-specifiek gebruik nodig is."
en,https://go2-thailand.com/hotel/devasom-hua-hin-resort/,/hotel/devasom-hua-hin-resort/,/hotel/devasom-hua-hin-resort/,hotel-detail,no,hotel-detail,indexation-audit,P2,provisional,"Programmatic hoteldetail; controleer unieke waarde, actualiteit, canonical en affiliatekwaliteit. Taalpaar ontbreekt: bepaal of lokalisatie of bewust locale-specifiek gebruik nodig is."
en,https://go2-thailand.com/hotel/dheva-mantra-resort-spa-kanchanaburi/,/hotel/dheva-mantra-resort-spa-kanchanaburi/,/hotel/dheva-mantra-resort-spa-kanchanaburi/,hotel-detail,no,hotel-detail,indexation-audit,P2,provisional,"Programmatic hoteldetail; controleer unieke waarde, actualiteit, canonical en affiliatekwaliteit. Taalpaar ontbreekt: bepaal of lokalisatie of bewust locale-specifiek gebruik nodig is."
en,https://go2-thailand.com/hotel/dheva-mantra-resort-spa-nan/,/hotel/dheva-mantra-resort-spa-nan/,/hotel/dheva-mantra-resort-spa-nan/,hotel-detail,no,hotel-detail,indexation-audit,P2,provisional,"Programmatic hoteldetail; controleer unieke waarde, actualiteit, canonical en affiliatekwaliteit. Taalpaar ontbreekt: bepaal of lokalisatie of bewust locale-specifiek gebruik nodig is."
en,https://go2-thailand.com/hotel/dorm-of-happiness-by-tharaburi/,/hotel/dorm-of-happiness-by-tharaburi/,/hotel/dorm-of-happiness-by-tharaburi/,hotel-detail,no,hotel-detail,indexation-audit,P2,provisional,"Programmatic hoteldetail; controleer unieke waarde, actualiteit, canonical en affiliatekwaliteit. Taalpaar ontbreekt: bepaal of lokalisatie of bewust locale-specifiek gebruik nodig is."
en,https://go2-thailand.com/hotel/dragon-river-avenue-hotel/,/hotel/dragon-river-avenue-hotel/,/hotel/dragon-river-avenue-hotel/,hotel-detail,no,hotel-detail,indexation-audit,P2,provisional,"Programmatic hoteldetail; controleer unieke waarde, actualiteit, canonical en affiliatekwaliteit. Taalpaar ontbreekt: bepaal of lokalisatie of bewust locale-specifiek gebruik nodig is."
en,https://go2-thailand.com/hotel/dream-d-residence/,/hotel/dream-d-residence/,/hotel/dream-d-residence/,hotel-detail,no,hotel-detail,indexation-audit,P2,provisional,"Programmatic hoteldetail; controleer unieke waarde, actualiteit, canonical en affiliatekwaliteit. Taalpaar ontbreekt: bepaal of lokalisatie of bewust locale-specifiek gebruik nodig is."
en,https://go2-thailand.com/hotel/dusit-d2-chiang-mai/,/hotel/dusit-d2-chiang-mai/,/hotel/dusit-d2-chiang-mai/,hotel-detail,no,hotel-detail,indexation-audit,P2,provisional,"Programmatic hoteldetail; controleer unieke waarde, actualiteit, canonical en affiliatekwaliteit. Taalpaar ontbreekt: bepaal of lokalisatie of bewust locale-specifiek gebruik nodig is."
en,https://go2-thailand.com/hotel/dusit-thani-krabi-beach-resort/,/hotel/dusit-thani-krabi-beach-resort/,/hotel/dusit-thani-krabi-beach-resort/,hotel-detail,no,hotel-detail,indexation-audit,P2,provisional,"Programmatic hoteldetail; controleer unieke waarde, actualiteit, canonical en affiliatekwaliteit. Taalpaar ontbreekt: bepaal of lokalisatie of bewust locale-specifiek gebruik nodig is."
en,https://go2-thailand.com/hotel/dusit-thani-pattaya/,/hotel/dusit-thani-pattaya/,/hotel/dusit-thani-pattaya/,hotel-detail,no,hotel-detail,indexation-audit,P2,provisional,"Programmatic hoteldetail; controleer unieke waarde, actualiteit, canonical en affiliatekwaliteit. Taalpaar ontbreekt: bepaal of lokalisatie of bewust locale-specifiek gebruik nodig is."
en,https://go2-thailand.com/hotel/easy-planet-hat-yai/,/hotel/easy-planet-hat-yai/,/hotel/easy-planet-hat-yai/,hotel-detail,no,hotel-detail,indexation-audit,P2,provisional,"Programmatic hoteldetail; controleer unieke waarde, actualiteit, canonical en affiliatekwaliteit. Taalpaar ontbreekt: bepaal of lokalisatie of bewust locale-specifiek gebruik nodig is."
en,https://go2-thailand.com/hotel/euro-hua-hin-city-hotel/,/hotel/euro-hua-hin-city-hotel/,/hotel/euro-hua-hin-city-hotel/,hotel-detail,no,hotel-detail,indexation-audit,P2,provisional,"Programmatic hoteldetail; controleer unieke waarde, actualiteit, canonical en affiliatekwaliteit. Taalpaar ontbreekt: bepaal of lokalisatie of bewust locale-specifiek gebruik nodig is."
en,https://go2-thailand.com/hotel/expat-hotel-patong/,/hotel/expat-hotel-patong/,/hotel/expat-hotel-patong/,hotel-detail,no,hotel-detail,indexation-audit,P2,provisional,"Programmatic hoteldetail; controleer unieke waarde, actualiteit, canonical en affiliatekwaliteit. Taalpaar ontbreekt: bepaal of lokalisatie of bewust locale-specifiek gebruik nodig is."
en,https://go2-thailand.com/hotel/faasai-resort-spa/,/hotel/faasai-resort-spa/,/hotel/faasai-resort-spa/,hotel-detail,no,hotel-detail,indexation-audit,P2,provisional,"Programmatic hoteldetail; controleer unieke waarde, actualiteit, canonical en affiliatekwaliteit. Taalpaar ontbreekt: bepaal of lokalisatie of bewust locale-specifiek gebruik nodig is."
en,https://go2-thailand.com/hotel/fah-place/,/hotel/fah-place/,/hotel/fah-place/,hotel-detail,no,hotel-detail,indexation-audit,P2,provisional,"Programmatic hoteldetail; controleer unieke waarde, actualiteit, canonical en affiliatekwaliteit. Taalpaar ontbreekt: bepaal of lokalisatie of bewust locale-specifiek gebruik nodig is."
en,https://go2-thailand.com/hotel/felix-river-kwai-resort/,/hotel/felix-river-kwai-resort/,/hotel/felix-river-kwai-resort/,hotel-detail,no,hotel-detail,indexation-audit,P2,provisional,"Programmatic hoteldetail; controleer unieke waarde, actualiteit, canonical en affiliatekwaliteit. Taalpaar ontbreekt: bepaal of lokalisatie of bewust locale-specifiek gebruik nodig is."
en,https://go2-thailand.com/hotel/fern-resort/,/hotel/fern-resort/,/hotel/fern-resort/,hotel-detail,no,hotel-detail,indexation-audit,P2,provisional,"Programmatic hoteldetail; controleer unieke waarde, actualiteit, canonical en affiliatekwaliteit. Taalpaar ontbreekt: bepaal of lokalisatie of bewust locale-specifiek gebruik nodig is."
en,https://go2-thailand.com/hotel/fishermans-resort-cha-am/,/hotel/fishermans-resort-cha-am/,/hotel/fishermans-resort-cha-am/,hotel-detail,no,hotel-detail,indexation-audit,P2,provisional,"Programmatic hoteldetail; controleer unieke waarde, actualiteit, canonical en affiliatekwaliteit. Taalpaar ontbreekt: bepaal of lokalisatie of bewust locale-specifiek gebruik nodig is."
en,https://go2-thailand.com/hotel/foresto-sukhothai-guest-house/,/hotel/foresto-sukhothai-guest-house/,/hotel/foresto-sukhothai-guest-house/,hotel-detail,no,hotel-detail,indexation-audit,P2,provisional,"Programmatic hoteldetail; controleer unieke waarde, actualiteit, canonical en affiliatekwaliteit. Taalpaar ontbreekt: bepaal of lokalisatie of bewust locale-specifiek gebruik nodig is."
en,https://go2-thailand.com/hotel/fortune-hotel-buriram/,/hotel/fortune-hotel-buriram/,/hotel/fortune-hotel-buriram/,hotel-detail,no,hotel-detail,indexation-audit,P2,provisional,"Programmatic hoteldetail; controleer unieke waarde, actualiteit, canonical en affiliatekwaliteit. Taalpaar ontbreekt: bepaal of lokalisatie of bewust locale-specifiek gebruik nodig is."
en,https://go2-thailand.com/hotel/fortune-riverview-hotel-chiang-khong/,/hotel/fortune-riverview-hotel-chiang-khong/,/hotel/fortune-riverview-hotel-chiang-khong/,hotel-detail,no,hotel-detail,indexation-audit,P2,provisional,"Programmatic hoteldetail; controleer unieke waarde, actualiteit, canonical en affiliatekwaliteit. Taalpaar ontbreekt: bepaal of lokalisatie of bewust locale-specifiek gebruik nodig is."
en,https://go2-thailand.com/hotel/four-seasons-resort-chiang-mai/,/hotel/four-seasons-resort-chiang-mai/,/hotel/four-seasons-resort-chiang-mai/,hotel-detail,no,hotel-detail,indexation-audit,P2,provisional,"Programmatic hoteldetail; controleer unieke waarde, actualiteit, canonical en affiliatekwaliteit. Taalpaar ontbreekt: bepaal of lokalisatie of bewust locale-specifiek gebruik nodig is."
en,https://go2-thailand.com/hotel/four-seasons-resort-koh-samui/,/hotel/four-seasons-resort-koh-samui/,/hotel/four-seasons-resort-koh-samui/,hotel-detail,no,hotel-detail,indexation-audit,P2,provisional,"Programmatic hoteldetail; controleer unieke waarde, actualiteit, canonical en affiliatekwaliteit. Taalpaar ontbreekt: bepaal of lokalisatie of bewust locale-specifiek gebruik nodig is."
en,https://go2-thailand.com/hotel/four-seasons-tented-camp-golden-triangle/,/hotel/four-seasons-tented-camp-golden-triangle/,/hotel/four-seasons-tented-camp-golden-triangle/,hotel-detail,no,hotel-detail,indexation-audit,P2,provisional,"Programmatic hoteldetail; controleer unieke waarde, actualiteit, canonical en affiliatekwaliteit. Taalpaar ontbreekt: bepaal of lokalisatie of bewust locale-specifiek gebruik nodig is."
en,https://go2-thailand.com/hotel/fulay-guesthouse/,/hotel/fulay-guesthouse/,/hotel/fulay-guesthouse/,hotel-detail,no,hotel-detail,indexation-audit,P2,provisional,"Programmatic hoteldetail; controleer unieke waarde, actualiteit, canonical en affiliatekwaliteit. Taalpaar ontbreekt: bepaal of lokalisatie of bewust locale-specifiek gebruik nodig is."
en,https://go2-thailand.com/hotel/fun-d-hostel/,/hotel/fun-d-hostel/,/hotel/fun-d-hostel/,hotel-detail,no,hotel-detail,indexation-audit,P2,provisional,"Programmatic hoteldetail; controleer unieke waarde, actualiteit, canonical en affiliatekwaliteit. Taalpaar ontbreekt: bepaal of lokalisatie of bewust locale-specifiek gebruik nodig is."
en,https://go2-thailand.com/hotel/gecko-villa-udon-thani/,/hotel/gecko-villa-udon-thani/,/hotel/gecko-villa-udon-thani/,hotel-detail,no,hotel-detail,indexation-audit,P2,provisional,"Programmatic hoteldetail; controleer unieke waarde, actualiteit, canonical en affiliatekwaliteit. Taalpaar ontbreekt: bepaal of lokalisatie of bewust locale-specifiek gebruik nodig is."
en,https://go2-thailand.com/hotel/glac-hotel-khon-kaen/,/hotel/glac-hotel-khon-kaen/,/hotel/glac-hotel-khon-kaen/,hotel-detail,no,hotel-detail,indexation-audit,P2,provisional,"Programmatic hoteldetail; controleer unieke waarde, actualiteit, canonical en affiliatekwaliteit. Taalpaar ontbreekt: bepaal of lokalisatie of bewust locale-specifiek gebruik nodig is."
en,https://go2-thailand.com/hotel/golden-triangle-inn-chiang-khong/,/hotel/golden-triangle-inn-chiang-khong/,/hotel/golden-triangle-inn-chiang-khong/,hotel-detail,no,hotel-detail,indexation-audit,P2,provisional,"Programmatic hoteldetail; controleer unieke waarde, actualiteit, canonical en affiliatekwaliteit. Taalpaar ontbreekt: bepaal of lokalisatie of bewust locale-specifiek gebruik nodig is."
en,https://go2-thailand.com/hotel/good-times-resort/,/hotel/good-times-resort/,/hotel/good-times-resort/,hotel-detail,no,hotel-detail,indexation-audit,P2,provisional,"Programmatic hoteldetail; controleer unieke waarde, actualiteit, canonical en affiliatekwaliteit. Taalpaar ontbreekt: bepaal of lokalisatie of bewust locale-specifiek gebruik nodig is."
en,https://go2-thailand.com/hotel/grand-fortune-hotel-nakhon-si-thammarat/,/hotel/grand-fortune-hotel-nakhon-si-thammarat/,/hotel/grand-fortune-hotel-nakhon-si-thammarat/,hotel-detail,no,hotel-detail,indexation-audit,P2,provisional,"Programmatic hoteldetail; controleer unieke waarde, actualiteit, canonical en affiliatekwaliteit. Taalpaar ontbreekt: bepaal of lokalisatie of bewust locale-specifiek gebruik nodig is."
en,https://go2-thailand.com/hotel/grand-hotel-buriram/,/hotel/grand-hotel-buriram/,/hotel/grand-hotel-buriram/,hotel-detail,no,hotel-detail,indexation-audit,P2,provisional,"Programmatic hoteldetail; controleer unieke waarde, actualiteit, canonical en affiliatekwaliteit. Taalpaar ontbreekt: bepaal of lokalisatie of bewust locale-specifiek gebruik nodig is."
en,https://go2-thailand.com/hotel/grand-hotel-nakhon-phanom/,/hotel/grand-hotel-nakhon-phanom/,/hotel/grand-hotel-nakhon-phanom/,hotel-detail,no,hotel-detail,indexation-audit,P2,provisional,"Programmatic hoteldetail; controleer unieke waarde, actualiteit, canonical en affiliatekwaliteit. Taalpaar ontbreekt: bepaal of lokalisatie of bewust locale-specifiek gebruik nodig is."
en,https://go2-thailand.com/hotel/grand-view-resort/,/hotel/grand-view-resort/,/hotel/grand-view-resort/,hotel-detail,no,hotel-detail,indexation-audit,P2,provisional,"Programmatic hoteldetail; controleer unieke waarde, actualiteit, canonical en affiliatekwaliteit. Taalpaar ontbreekt: bepaal of lokalisatie of bewust locale-specifiek gebruik nodig is."
en,https://go2-thailand.com/hotel/green-gecko-villa/,/hotel/green-gecko-villa/,/hotel/green-gecko-villa/,hotel-detail,no,hotel-detail,indexation-audit,P2,provisional,"Programmatic hoteldetail; controleer unieke waarde, actualiteit, canonical en affiliatekwaliteit. Taalpaar ontbreekt: bepaal of lokalisatie of bewust locale-specifiek gebruik nodig is."
en,https://go2-thailand.com/hotel/greenleaf-guesthouse-pak-chong/,/hotel/greenleaf-guesthouse-pak-chong/,/hotel/greenleaf-guesthouse-pak-chong/,hotel-detail,no,hotel-detail,indexation-audit,P2,provisional,"Programmatic hoteldetail; controleer unieke waarde, actualiteit, canonical en affiliatekwaliteit. Taalpaar ontbreekt: bepaal of lokalisatie of bewust locale-specifiek gebruik nodig is."
en,https://go2-thailand.com/hotel/hansa-jb-hotel/,/hotel/hansa-jb-hotel/,/hotel/hansa-jb-hotel/,hotel-detail,no,hotel-detail,indexation-audit,P2,provisional,"Programmatic hoteldetail; controleer unieke waarde, actualiteit, canonical en affiliatekwaliteit. Taalpaar ontbreekt: bepaal of lokalisatie of bewust locale-specifiek gebruik nodig is."
en,https://go2-thailand.com/hotel/hat-yai-signature-hotel/,/hotel/hat-yai-signature-hotel/,/hotel/hat-yai-signature-hotel/,hotel-detail,no,hotel-detail,indexation-audit,P2,provisional,"Programmatic hoteldetail; controleer unieke waarde, actualiteit, canonical en affiliatekwaliteit. Taalpaar ontbreekt: bepaal of lokalisatie of bewust locale-specifiek gebruik nodig is."
en,https://go2-thailand.com/hotel/hideout-koh-kood/,/hotel/hideout-koh-kood/,/hotel/hideout-koh-kood/,hotel-detail,no,hotel-detail,indexation-audit,P2,provisional,"Programmatic hoteldetail; controleer unieke waarde, actualiteit, canonical en affiliatekwaliteit. Taalpaar ontbreekt: bepaal of lokalisatie of bewust locale-specifiek gebruik nodig is."
en,https://go2-thailand.com/hotel/hilton-hua-hin-resort-spa/,/hotel/hilton-hua-hin-resort-spa/,/hotel/hilton-hua-hin-resort-spa/,hotel-detail,no,hotel-detail,indexation-audit,P2,provisional,"Programmatic hoteldetail; controleer unieke waarde, actualiteit, canonical en affiliatekwaliteit. Taalpaar ontbreekt: bepaal of lokalisatie of bewust locale-specifiek gebruik nodig is."
en,https://go2-thailand.com/hotel/hilton-pattaya/,/hotel/hilton-pattaya/,/hotel/hilton-pattaya/,hotel-detail,no,hotel-detail,indexation-audit,P2,provisional,"Programmatic hoteldetail; controleer unieke waarde, actualiteit, canonical en affiliatekwaliteit. Taalpaar ontbreekt: bepaal of lokalisatie of bewust locale-specifiek gebruik nodig is."
en,https://go2-thailand.com/hotel/hive-28/,/hotel/hive-28/,/hotel/hive-28/,hotel-detail,no,hotel-detail,indexation-audit,P2,provisional,"Programmatic hoteldetail; controleer unieke waarde, actualiteit, canonical en affiliatekwaliteit. Taalpaar ontbreekt: bepaal of lokalisatie of bewust locale-specifiek gebruik nodig is."
en,https://go2-thailand.com/hotel/holiday-inn-resort-krabi-ao-nang-beach/,/hotel/holiday-inn-resort-krabi-ao-nang-beach/,/hotel/holiday-inn-resort-krabi-ao-nang-beach/,hotel-detail,no,hotel-detail,indexation-audit,P2,provisional,"Programmatic hoteldetail; controleer unieke waarde, actualiteit, canonical en affiliatekwaliteit. Taalpaar ontbreekt: bepaal of lokalisatie of bewust locale-specifiek gebruik nodig is."
en,https://go2-thailand.com/hotel/holiday-inn-suites-rayong-city-centre/,/hotel/holiday-inn-suites-rayong-city-centre/,/hotel/holiday-inn-suites-rayong-city-centre/,hotel-detail,no,hotel-detail,indexation-audit,P2,provisional,"Programmatic hoteldetail; controleer unieke waarde, actualiteit, canonical en affiliatekwaliteit. Taalpaar ontbreekt: bepaal of lokalisatie of bewust locale-specifiek gebruik nodig is."
en,https://go2-thailand.com/hotel/home-phutoey-river-kwai-resort/,/hotel/home-phutoey-river-kwai-resort/,/hotel/home-phutoey-river-kwai-resort/,hotel-detail,no,hotel-detail,indexation-audit,P2,provisional,"Programmatic hoteldetail; controleer unieke waarde, actualiteit, canonical en affiliatekwaliteit. Taalpaar ontbreekt: bepaal of lokalisatie of bewust locale-specifiek gebruik nodig is."
en,https://go2-thailand.com/hotel/hop-inn-chumphon/,/hotel/hop-inn-chumphon/,/hotel/hop-inn-chumphon/,hotel-detail,no,hotel-detail,indexation-audit,P2,provisional,"Programmatic hoteldetail; controleer unieke waarde, actualiteit, canonical en affiliatekwaliteit. Taalpaar ontbreekt: bepaal of lokalisatie of bewust locale-specifiek gebruik nodig is."
en,https://go2-thailand.com/hotel/hop-inn-lopburi/,/hotel/hop-inn-lopburi/,/hotel/hop-inn-lopburi/,hotel-detail,no,hotel-detail,indexation-audit,P2,provisional,"Programmatic hoteldetail; controleer unieke waarde, actualiteit, canonical en affiliatekwaliteit. Taalpaar ontbreekt: bepaal of lokalisatie of bewust locale-specifiek gebruik nodig is."
en,https://go2-thailand.com/hotel/hop-inn-nakhon-si-thammarat/,/hotel/hop-inn-nakhon-si-thammarat/,/hotel/hop-inn-nakhon-si-thammarat/,hotel-detail,no,hotel-detail,indexation-audit,P2,provisional,"Programmatic hoteldetail; controleer unieke waarde, actualiteit, canonical en affiliatekwaliteit. Taalpaar ontbreekt: bepaal of lokalisatie of bewust locale-specifiek gebruik nodig is."
en,https://go2-thailand.com/hotel/hotel-scarlett-nakhon-si-thammarat/,/hotel/hotel-scarlett-nakhon-si-thammarat/,/hotel/hotel-scarlett-nakhon-si-thammarat/,hotel-detail,no,hotel-detail,indexation-audit,P2,provisional,"Programmatic hoteldetail; controleer unieke waarde, actualiteit, canonical en affiliatekwaliteit. Taalpaar ontbreekt: bepaal of lokalisatie of bewust locale-specifiek gebruik nodig is."
en,https://go2-thailand.com/hotel/huanam-hotel-mukdahan/,/hotel/huanam-hotel-mukdahan/,/hotel/huanam-hotel-mukdahan/,hotel-detail,no,hotel-detail,indexation-audit,P2,provisional,"Programmatic hoteldetail; controleer unieke waarde, actualiteit, canonical en affiliatekwaliteit. Taalpaar ontbreekt: bepaal of lokalisatie of bewust locale-specifiek gebruik nodig is."
en,https://go2-thailand.com/hotel/hug-pai-boutique/,/hotel/hug-pai-boutique/,/hotel/hug-pai-boutique/,hotel-detail,no,hotel-detail,indexation-audit,P2,provisional,"Programmatic hoteldetail; controleer unieke waarde, actualiteit, canonical en affiliatekwaliteit. Taalpaar ontbreekt: bepaal of lokalisatie of bewust locale-specifiek gebruik nodig is."
en,https://go2-thailand.com/hotel/hyatt-regency-hua-hin/,/hotel/hyatt-regency-hua-hin/,/hotel/hyatt-regency-hua-hin/,hotel-detail,no,hotel-detail,indexation-audit,P2,provisional,"Programmatic hoteldetail; controleer unieke waarde, actualiteit, canonical en affiliatekwaliteit. Taalpaar ontbreekt: bepaal of lokalisatie of bewust locale-specifiek gebruik nodig is."
en,https://go2-thailand.com/hotel/hyatt-regency-koh-samui/,/hotel/hyatt-regency-koh-samui/,/hotel/hyatt-regency-koh-samui/,hotel-detail,no,hotel-detail,indexation-audit,P2,provisional,"Programmatic hoteldetail; controleer unieke waarde, actualiteit, canonical en affiliatekwaliteit. Taalpaar ontbreekt: bepaal of lokalisatie of bewust locale-specifiek gebruik nodig is."
en,https://go2-thailand.com/hotel/i-hotel-khon-kaen/,/hotel/i-hotel-khon-kaen/,/hotel/i-hotel-khon-kaen/,hotel-detail,no,hotel-detail,indexation-audit,P2,provisional,"Programmatic hoteldetail; controleer unieke waarde, actualiteit, canonical en affiliatekwaliteit. Taalpaar ontbreekt: bepaal of lokalisatie of bewust locale-specifiek gebruik nodig is."
en,https://go2-thailand.com/hotel/ibis-bangkok-siam/,/hotel/ibis-bangkok-siam/,/hotel/ibis-bangkok-siam/,hotel-detail,no,hotel-detail,indexation-audit,P2,provisional,"Programmatic hoteldetail; controleer unieke waarde, actualiteit, canonical en affiliatekwaliteit. Taalpaar ontbreekt: bepaal of lokalisatie of bewust locale-specifiek gebruik nodig is."
en,https://go2-thailand.com/hotel/idyllic-concept-resort/,/hotel/idyllic-concept-resort/,/hotel/idyllic-concept-resort/,hotel-detail,no,hotel-detail,indexation-audit,P2,provisional,"Programmatic hoteldetail; controleer unieke waarde, actualiteit, canonical en affiliatekwaliteit. Taalpaar ontbreekt: bepaal of lokalisatie of bewust locale-specifiek gebruik nodig is."
en,https://go2-thailand.com/hotel/imperial-mae-hong-son-resort/,/hotel/imperial-mae-hong-son-resort/,/hotel/imperial-mae-hong-son-resort/,hotel-detail,no,hotel-detail,indexation-audit,P2,provisional,"Programmatic hoteldetail; controleer unieke waarde, actualiteit, canonical en affiliatekwaliteit. Taalpaar ontbreekt: bepaal of lokalisatie of bewust locale-specifiek gebruik nodig is."
en,https://go2-thailand.com/hotel/intercontinental-hua-hin-resort/,/hotel/intercontinental-hua-hin-resort/,/hotel/intercontinental-hua-hin-resort/,hotel-detail,no,hotel-detail,indexation-audit,P2,provisional,"Programmatic hoteldetail; controleer unieke waarde, actualiteit, canonical en affiliatekwaliteit. Taalpaar ontbreekt: bepaal of lokalisatie of bewust locale-specifiek gebruik nodig is."
en,https://go2-thailand.com/hotel/isaan-heritage-riverside/,/hotel/isaan-heritage-riverside/,/hotel/isaan-heritage-riverside/,hotel-detail,no,hotel-detail,indexation-audit,P2,provisional,"Programmatic hoteldetail; controleer unieke waarde, actualiteit, canonical en affiliatekwaliteit. Taalpaar ontbreekt: bepaal of lokalisatie of bewust locale-specifiek gebruik nodig is."
en,https://go2-thailand.com/hotel/iudia-on-the-river/,/hotel/iudia-on-the-river/,/hotel/iudia-on-the-river/,hotel-detail,no,hotel-detail,indexation-audit,P2,provisional,"Programmatic hoteldetail; controleer unieke waarde, actualiteit, canonical en affiliatekwaliteit. Taalpaar ontbreekt: bepaal of lokalisatie of bewust locale-specifiek gebruik nodig is."
en,https://go2-thailand.com/hotel/iyara-hotel-nongkhai/,/hotel/iyara-hotel-nongkhai/,/hotel/iyara-hotel-nongkhai/,hotel-detail,no,hotel-detail,indexation-audit,P2,provisional,"Programmatic hoteldetail; controleer unieke waarde, actualiteit, canonical en affiliatekwaliteit. Taalpaar ontbreekt: bepaal of lokalisatie of bewust locale-specifiek gebruik nodig is."
en,https://go2-thailand.com/hotel/jolly-frog-backpackers/,/hotel/jolly-frog-backpackers/,/hotel/jolly-frog-backpackers/,hotel-detail,no,hotel-detail,indexation-audit,P2,provisional,"Programmatic hoteldetail; controleer unieke waarde, actualiteit, canonical en affiliatekwaliteit. Taalpaar ontbreekt: bepaal of lokalisatie of bewust locale-specifiek gebruik nodig is."
en,https://go2-thailand.com/hotel/jongkham-place/,/hotel/jongkham-place/,/hotel/jongkham-place/,hotel-detail,no,hotel-detail,indexation-audit,P2,provisional,"Programmatic hoteldetail; controleer unieke waarde, actualiteit, canonical en affiliatekwaliteit. Taalpaar ontbreekt: bepaal of lokalisatie of bewust locale-specifiek gebruik nodig is."
en,https://go2-thailand.com/hotel/julie-guesthouse/,/hotel/julie-guesthouse/,/hotel/julie-guesthouse/,hotel-detail,no,hotel-detail,indexation-audit,P2,provisional,"Programmatic hoteldetail; controleer unieke waarde, actualiteit, canonical en affiliatekwaliteit. Taalpaar ontbreekt: bepaal of lokalisatie of bewust locale-specifiek gebruik nodig is."
en,https://go2-thailand.com/hotel/kabin-buri-resort/,/hotel/kabin-buri-resort/,/hotel/kabin-buri-resort/,hotel-detail,no,hotel-detail,indexation-audit,P2,provisional,"Programmatic hoteldetail; controleer unieke waarde, actualiteit, canonical en affiliatekwaliteit. Taalpaar ontbreekt: bepaal of lokalisatie of bewust locale-specifiek gebruik nodig is."
en,https://go2-thailand.com/hotel/kacha-resort-spa-koh-chang/,/hotel/kacha-resort-spa-koh-chang/,/hotel/kacha-resort-spa-koh-chang/,hotel-detail,no,hotel-detail,indexation-audit,P2,provisional,"Programmatic hoteldetail; controleer unieke waarde, actualiteit, canonical en affiliatekwaliteit. Taalpaar ontbreekt: bepaal of lokalisatie of bewust locale-specifiek gebruik nodig is."
en,https://go2-thailand.com/hotel/kaen-inn-hotel/,/hotel/kaen-inn-hotel/,/hotel/kaen-inn-hotel/,hotel-detail,no,hotel-detail,indexation-audit,P2,provisional,"Programmatic hoteldetail; controleer unieke waarde, actualiteit, canonical en affiliatekwaliteit. Taalpaar ontbreekt: bepaal of lokalisatie of bewust locale-specifiek gebruik nodig is."
en,https://go2-thailand.com/hotel/kamphaeng-phet-resort/,/hotel/kamphaeng-phet-resort/,/hotel/kamphaeng-phet-resort/,hotel-detail,no,hotel-detail,indexation-audit,P2,provisional,"Programmatic hoteldetail; controleer unieke waarde, actualiteit, canonical en affiliatekwaliteit. Taalpaar ontbreekt: bepaal of lokalisatie of bewust locale-specifiek gebruik nodig is."
en,https://go2-thailand.com/hotel/karma-resort/,/hotel/karma-resort/,/hotel/karma-resort/,hotel-detail,no,hotel-detail,indexation-audit,P2,provisional,"Programmatic hoteldetail; controleer unieke waarde, actualiteit, canonical en affiliatekwaliteit. Taalpaar ontbreekt: bepaal of lokalisatie of bewust locale-specifiek gebruik nodig is."
en,https://go2-thailand.com/hotel/karon-sea-sands-resort/,/hotel/karon-sea-sands-resort/,/hotel/karon-sea-sands-resort/,hotel-detail,no,hotel-detail,indexation-audit,P2,provisional,"Programmatic hoteldetail; controleer unieke waarde, actualiteit, canonical en affiliatekwaliteit. Taalpaar ontbreekt: bepaal of lokalisatie of bewust locale-specifiek gebruik nodig is."
en,https://go2-thailand.com/hotel/karpenter-lampang/,/hotel/karpenter-lampang/,/hotel/karpenter-lampang/,hotel-detail,no,hotel-detail,indexation-audit,P2,provisional,"Programmatic hoteldetail; controleer unieke waarde, actualiteit, canonical en affiliatekwaliteit. Taalpaar ontbreekt: bepaal of lokalisatie of bewust locale-specifiek gebruik nodig is."
en,https://go2-thailand.com/hotel/kasem-charoen-hotel/,/hotel/kasem-charoen-hotel/,/hotel/kasem-charoen-hotel/,hotel-detail,no,hotel-detail,indexation-audit,P2,provisional,"Programmatic hoteldetail; controleer unieke waarde, actualiteit, canonical en affiliatekwaliteit. Taalpaar ontbreekt: bepaal of lokalisatie of bewust locale-specifiek gebruik nodig is."
en,https://go2-thailand.com/hotel/kata-beach-resort-spa/,/hotel/kata-beach-resort-spa/,/hotel/kata-beach-resort-spa/,hotel-detail,no,hotel-detail,indexation-audit,P2,provisional,"Programmatic hoteldetail; controleer unieke waarde, actualiteit, canonical en affiliatekwaliteit. Taalpaar ontbreekt: bepaal of lokalisatie of bewust locale-specifiek gebruik nodig is."
en,https://go2-thailand.com/hotel/katiliya-mountain-resort-spa/,/hotel/katiliya-mountain-resort-spa/,/hotel/katiliya-mountain-resort-spa/,hotel-detail,no,hotel-detail,indexation-audit,P2,provisional,"Programmatic hoteldetail; controleer unieke waarde, actualiteit, canonical en affiliatekwaliteit. Taalpaar ontbreekt: bepaal of lokalisatie of bewust locale-specifiek gebruik nodig is."
en,https://go2-thailand.com/hotel/kc-grande-resort-spa/,/hotel/kc-grande-resort-spa/,/hotel/kc-grande-resort-spa/,hotel-detail,no,hotel-detail,indexation-audit,P2,provisional,"Programmatic hoteldetail; controleer unieke waarde, actualiteit, canonical en affiliatekwaliteit. Taalpaar ontbreekt: bepaal of lokalisatie of bewust locale-specifiek gebruik nodig is."
en,https://go2-thailand.com/hotel/keerawan-house-rim-khong/,/hotel/keerawan-house-rim-khong/,/hotel/keerawan-house-rim-khong/,hotel-detail,no,hotel-detail,indexation-audit,P2,provisional,"Programmatic hoteldetail; controleer unieke waarde, actualiteit, canonical en affiliatekwaliteit. Taalpaar ontbreekt: bepaal of lokalisatie of bewust locale-specifiek gebruik nodig is."
en,https://go2-thailand.com/hotel/khanom-hill-resort/,/hotel/khanom-hill-resort/,/hotel/khanom-hill-resort/,hotel-detail,no,hotel-detail,indexation-audit,P2,provisional,"Programmatic hoteldetail; controleer unieke waarde, actualiteit, canonical en affiliatekwaliteit. Taalpaar ontbreekt: bepaal of lokalisatie of bewust locale-specifiek gebruik nodig is."
en,https://go2-thailand.com/hotel/khaoyai-garden-lodge/,/hotel/khaoyai-garden-lodge/,/hotel/khaoyai-garden-lodge/,hotel-detail,no,hotel-detail,indexation-audit,P2,provisional,"Programmatic hoteldetail; controleer unieke waarde, actualiteit, canonical en affiliatekwaliteit. Taalpaar ontbreekt: bepaal of lokalisatie of bewust locale-specifiek gebruik nodig is."
en,https://go2-thailand.com/hotel/khelangnakorn-hotel/,/hotel/khelangnakorn-hotel/,/hotel/khelangnakorn-hotel/,hotel-detail,no,hotel-detail,indexation-audit,P2,provisional,"Programmatic hoteldetail; controleer unieke waarde, actualiteit, canonical en affiliatekwaliteit. Taalpaar ontbreekt: bepaal of lokalisatie of bewust locale-specifiek gebruik nodig is."
en,https://go2-thailand.com/hotel/khiang-hom-homestay/,/hotel/khiang-hom-homestay/,/hotel/khiang-hom-homestay/,hotel-detail,no,hotel-detail,indexation-audit,P2,provisional,"Programmatic hoteldetail; controleer unieke waarde, actualiteit, canonical en affiliatekwaliteit. Taalpaar ontbreekt: bepaal of lokalisatie of bewust locale-specifiek gebruik nodig is."
en,https://go2-thailand.com/hotel/khong-long-lake-resort/,/hotel/khong-long-lake-resort/,/hotel/khong-long-lake-resort/,hotel-detail,no,hotel-detail,indexation-audit,P2,provisional,"Programmatic hoteldetail; controleer unieke waarde, actualiteit, canonical en affiliatekwaliteit. Taalpaar ontbreekt: bepaal of lokalisatie of bewust locale-specifiek gebruik nodig is."
en,https://go2-thailand.com/hotel/kimpton-kitalay-samui/,/hotel/kimpton-kitalay-samui/,/hotel/kimpton-kitalay-samui/,hotel-detail,no,hotel-detail,indexation-audit,P2,provisional,"Programmatic hoteldetail; controleer unieke waarde, actualiteit, canonical en affiliatekwaliteit. Taalpaar ontbreekt: bepaal of lokalisatie of bewust locale-specifiek gebruik nodig is."
en,https://go2-thailand.com/hotel/kirimaya-golf-resort-spa/,/hotel/kirimaya-golf-resort-spa/,/hotel/kirimaya-golf-resort-spa/,hotel-detail,no,hotel-detail,indexation-audit,P2,provisional,"Programmatic hoteldetail; controleer unieke waarde, actualiteit, canonical en affiliatekwaliteit. Taalpaar ontbreekt: bepaal of lokalisatie of bewust locale-specifiek gebruik nodig is."
en,https://go2-thailand.com/hotel/klang-muang-nongkhai-hotel/,/hotel/klang-muang-nongkhai-hotel/,/hotel/klang-muang-nongkhai-hotel/,hotel-detail,no,hotel-detail,indexation-audit,P2,provisional,"Programmatic hoteldetail; controleer unieke waarde, actualiteit, canonical en affiliatekwaliteit. Taalpaar ontbreekt: bepaal of lokalisatie of bewust locale-specifiek gebruik nodig is."
en,https://go2-thailand.com/hotel/km-pool-spa-resort/,/hotel/km-pool-spa-resort/,/hotel/km-pool-spa-resort/,hotel-detail,no,hotel-detail,indexation-audit,P2,provisional,"Programmatic hoteldetail; controleer unieke waarde, actualiteit, canonical en affiliatekwaliteit. Taalpaar ontbreekt: bepaal of lokalisatie of bewust locale-specifiek gebruik nodig is."
en,https://go2-thailand.com/hotel/koh-kradan-paradise-beach-resort/,/hotel/koh-kradan-paradise-beach-resort/,/hotel/koh-kradan-paradise-beach-resort/,hotel-detail,no,hotel-detail,indexation-audit,P2,provisional,"Programmatic hoteldetail; controleer unieke waarde, actualiteit, canonical en affiliatekwaliteit. Taalpaar ontbreekt: bepaal of lokalisatie of bewust locale-specifiek gebruik nodig is."
en,https://go2-thailand.com/hotel/koh-mak-resort/,/hotel/koh-mak-resort/,/hotel/koh-mak-resort/,hotel-detail,no,hotel-detail,indexation-audit,P2,provisional,"Programmatic hoteldetail; controleer unieke waarde, actualiteit, canonical en affiliatekwaliteit. Taalpaar ontbreekt: bepaal of lokalisatie of bewust locale-specifiek gebruik nodig is."
en,https://go2-thailand.com/hotel/koh-ngai-thanya-resort/,/hotel/koh-ngai-thanya-resort/,/hotel/koh-ngai-thanya-resort/,hotel-detail,no,hotel-detail,indexation-audit,P2,provisional,"Programmatic hoteldetail; controleer unieke waarde, actualiteit, canonical en affiliatekwaliteit. Taalpaar ontbreekt: bepaal of lokalisatie of bewust locale-specifiek gebruik nodig is."
en,https://go2-thailand.com/hotel/koranaree-courtyard-boutique-hotel/,/hotel/koranaree-courtyard-boutique-hotel/,/hotel/koranaree-courtyard-boutique-hotel/,hotel-detail,no,hotel-detail,indexation-audit,P2,provisional,"Programmatic hoteldetail; controleer unieke waarde, actualiteit, canonical en affiliatekwaliteit. Taalpaar ontbreekt: bepaal of lokalisatie of bewust locale-specifiek gebruik nodig is."
en,https://go2-thailand.com/hotel/kosa-hotel-khon-kaen/,/hotel/kosa-hotel-khon-kaen/,/hotel/kosa-hotel-khon-kaen/,hotel-detail,no,hotel-detail,indexation-audit,P2,provisional,"Programmatic hoteldetail; controleer unieke waarde, actualiteit, canonical en affiliatekwaliteit. Taalpaar ontbreekt: bepaal of lokalisatie of bewust locale-specifiek gebruik nodig is."
en,https://go2-thailand.com/hotel/kp-grand-hotel/,/hotel/kp-grand-hotel/,/hotel/kp-grand-hotel/,hotel-detail,no,hotel-detail,indexation-audit,P2,provisional,"Programmatic hoteldetail; controleer unieke waarde, actualiteit, canonical en affiliatekwaliteit. Taalpaar ontbreekt: bepaal of lokalisatie of bewust locale-specifiek gebruik nodig is."
en,https://go2-thailand.com/hotel/kp-inn/,/hotel/kp-inn/,/hotel/kp-inn/,hotel-detail,no,hotel-detail,indexation-audit,P2,provisional,"Programmatic hoteldetail; controleer unieke waarde, actualiteit, canonical en affiliatekwaliteit. Taalpaar ontbreekt: bepaal of lokalisatie of bewust locale-specifiek gebruik nodig is."
en,https://go2-thailand.com/hotel/laithong-hotel/,/hotel/laithong-hotel/,/hotel/laithong-hotel/,hotel-detail,no,hotel-detail,indexation-audit,P2,provisional,"Programmatic hoteldetail; controleer unieke waarde, actualiteit, canonical en affiliatekwaliteit. Taalpaar ontbreekt: bepaal of lokalisatie of bewust locale-specifiek gebruik nodig is."
en,https://go2-thailand.com/hotel/laluna-hotel-resort/,/hotel/laluna-hotel-resort/,/hotel/laluna-hotel-resort/,hotel-detail,no,hotel-detail,indexation-audit,P2,provisional,"Programmatic hoteldetail; controleer unieke waarde, actualiteit, canonical en affiliatekwaliteit. Taalpaar ontbreekt: bepaal of lokalisatie of bewust locale-specifiek gebruik nodig is."
en,https://go2-thailand.com/hotel/lampang-river-lodge/,/hotel/lampang-river-lodge/,/hotel/lampang-river-lodge/,hotel-detail,no,hotel-detail,indexation-audit,P2,provisional,"Programmatic hoteldetail; controleer unieke waarde, actualiteit, canonical en affiliatekwaliteit. Taalpaar ontbreekt: bepaal of lokalisatie of bewust locale-specifiek gebruik nodig is."
en,https://go2-thailand.com/hotel/le-charme-sukhothai-resort/,/hotel/le-charme-sukhothai-resort/,/hotel/le-charme-sukhothai-resort/,hotel-detail,no,hotel-detail,indexation-audit,P2,provisional,"Programmatic hoteldetail; controleer unieke waarde, actualiteit, canonical en affiliatekwaliteit. Taalpaar ontbreekt: bepaal of lokalisatie of bewust locale-specifiek gebruik nodig is."
en,https://go2-thailand.com/hotel/le-meridien-chiang-rai-resort/,/hotel/le-meridien-chiang-rai-resort/,/hotel/le-meridien-chiang-rai-resort/,hotel-detail,no,hotel-detail,indexation-audit,P2,provisional,"Programmatic hoteldetail; controleer unieke waarde, actualiteit, canonical en affiliatekwaliteit. Taalpaar ontbreekt: bepaal of lokalisatie of bewust locale-specifiek gebruik nodig is."
en,https://go2-thailand.com/hotel/le-vimarn-cottages-spa/,/hotel/le-vimarn-cottages-spa/,/hotel/le-vimarn-cottages-spa/,hotel-detail,no,hotel-detail,indexation-audit,P2,provisional,"Programmatic hoteldetail; controleer unieke waarde, actualiteit, canonical en affiliatekwaliteit. Taalpaar ontbreekt: bepaal of lokalisatie of bewust locale-specifiek gebruik nodig is."
en,https://go2-thailand.com/hotel/lepont-riverfront-resort-nongkhai/,/hotel/lepont-riverfront-resort-nongkhai/,/hotel/lepont-riverfront-resort-nongkhai/,hotel-detail,no,hotel-detail,indexation-audit,P2,provisional,"Programmatic hoteldetail; controleer unieke waarde, actualiteit, canonical en affiliatekwaliteit. Taalpaar ontbreekt: bepaal of lokalisatie of bewust locale-specifiek gebruik nodig is."
en,https://go2-thailand.com/hotel/lithai-guesthouse/,/hotel/lithai-guesthouse/,/hotel/lithai-guesthouse/,hotel-detail,no,hotel-detail,indexation-audit,P2,provisional,"Programmatic hoteldetail; controleer unieke waarde, actualiteit, canonical en affiliatekwaliteit. Taalpaar ontbreekt: bepaal of lokalisatie of bewust locale-specifiek gebruik nodig is."
en,https://go2-thailand.com/hotel/loei-village-hostel/,/hotel/loei-village-hostel/,/hotel/loei-village-hostel/,hotel-detail,no,hotel-detail,indexation-audit,P2,provisional,"Programmatic hoteldetail; controleer unieke waarde, actualiteit, canonical en affiliatekwaliteit. Taalpaar ontbreekt: bepaal of lokalisatie of bewust locale-specifiek gebruik nodig is."
en,https://go2-thailand.com/hotel/long-beach-cha-am-hotel/,/hotel/long-beach-cha-am-hotel/,/hotel/long-beach-cha-am-hotel/,hotel-detail,no,hotel-detail,indexation-audit,P2,provisional,"Programmatic hoteldetail; controleer unieke waarde, actualiteit, canonical en affiliatekwaliteit. Taalpaar ontbreekt: bepaal of lokalisatie of bewust locale-specifiek gebruik nodig is."
en,https://go2-thailand.com/hotel/long-beach-garden-hotel-bungalows/,/hotel/long-beach-garden-hotel-bungalows/,/hotel/long-beach-garden-hotel-bungalows/,hotel-detail,no,hotel-detail,indexation-audit,P2,provisional,"Programmatic hoteldetail; controleer unieke waarde, actualiteit, canonical en affiliatekwaliteit. Taalpaar ontbreekt: bepaal of lokalisatie of bewust locale-specifiek gebruik nodig is."
en,https://go2-thailand.com/hotel/lopburi-inn-hotel/,/hotel/lopburi-inn-hotel/,/hotel/lopburi-inn-hotel/,hotel-detail,no,hotel-detail,indexation-audit,P2,provisional,"Programmatic hoteldetail; controleer unieke waarde, actualiteit, canonical en affiliatekwaliteit. Taalpaar ontbreekt: bepaal of lokalisatie of bewust locale-specifiek gebruik nodig is."
en,https://go2-thailand.com/hotel/lub-d-bangkok-siam/,/hotel/lub-d-bangkok-siam/,/hotel/lub-d-bangkok-siam/,hotel-detail,no,hotel-detail,indexation-audit,P2,provisional,"Programmatic hoteldetail; controleer unieke waarde, actualiteit, canonical en affiliatekwaliteit. Taalpaar ontbreekt: bepaal of lokalisatie of bewust locale-specifiek gebruik nodig is."
en,https://go2-thailand.com/hotel/lub-d-koh-samui-chaweng-beach/,/hotel/lub-d-koh-samui-chaweng-beach/,/hotel/lub-d-koh-samui-chaweng-beach/,hotel-detail,no,hotel-detail,indexation-audit,P2,provisional,"Programmatic hoteldetail; controleer unieke waarde, actualiteit, canonical en affiliatekwaliteit. Taalpaar ontbreekt: bepaal of lokalisatie of bewust locale-specifiek gebruik nodig is."
en,https://go2-thailand.com/hotel/lub-d-pattaya/,/hotel/lub-d-pattaya/,/hotel/lub-d-pattaya/,hotel-detail,no,hotel-detail,indexation-audit,P2,provisional,"Programmatic hoteldetail; controleer unieke waarde, actualiteit, canonical en affiliatekwaliteit. Taalpaar ontbreekt: bepaal of lokalisatie of bewust locale-specifiek gebruik nodig is."
en,https://go2-thailand.com/hotel/lub-d-phuket-patong/,/hotel/lub-d-phuket-patong/,/hotel/lub-d-phuket-patong/,hotel-detail,no,hotel-detail,indexation-audit,P2,provisional,"Programmatic hoteldetail; controleer unieke waarde, actualiteit, canonical en affiliatekwaliteit. Taalpaar ontbreekt: bepaal of lokalisatie of bewust locale-specifiek gebruik nodig is."
en,https://go2-thailand.com/hotel/mae-hong-son-mountain-inn-resort/,/hotel/mae-hong-son-mountain-inn-resort/,/hotel/mae-hong-son-mountain-inn-resort/,hotel-detail,no,hotel-detail,indexation-audit,P2,provisional,"Programmatic hoteldetail; controleer unieke waarde, actualiteit, canonical en affiliatekwaliteit. Taalpaar ontbreekt: bepaal of lokalisatie of bewust locale-specifiek gebruik nodig is."
en,https://go2-thailand.com/hotel/malibu-garden-resort/,/hotel/malibu-garden-resort/,/hotel/malibu-garden-resort/,hotel-detail,no,hotel-detail,indexation-audit,P2,provisional,"Programmatic hoteldetail; controleer unieke waarde, actualiteit, canonical en affiliatekwaliteit. Taalpaar ontbreekt: bepaal of lokalisatie of bewust locale-specifiek gebruik nodig is."
en,https://go2-thailand.com/hotel/mandarin-oriental-bangkok/,/hotel/mandarin-oriental-bangkok/,/hotel/mandarin-oriental-bangkok/,hotel-detail,yes,hotel-detail,indexation-audit,P1,provisional,"Programmatic hoteldetail; controleer unieke waarde, actualiteit, canonical en affiliatekwaliteit."
en,https://go2-thailand.com/hotel/maneechan-resort/,/hotel/maneechan-resort/,/hotel/maneechan-resort/,hotel-detail,no,hotel-detail,indexation-audit,P2,provisional,"Programmatic hoteldetail; controleer unieke waarde, actualiteit, canonical en affiliatekwaliteit. Taalpaar ontbreekt: bepaal of lokalisatie of bewust locale-specifiek gebruik nodig is."
en,https://go2-thailand.com/hotel/maneerote-hotel/,/hotel/maneerote-hotel/,/hotel/maneerote-hotel/,hotel-detail,no,hotel-detail,indexation-audit,P2,provisional,"Programmatic hoteldetail; controleer unieke waarde, actualiteit, canonical en affiliatekwaliteit. Taalpaar ontbreekt: bepaal of lokalisatie of bewust locale-specifiek gebruik nodig is."
en,https://go2-thailand.com/hotel/mayuu-ayutthaya-hotel/,/hotel/mayuu-ayutthaya-hotel/,/hotel/mayuu-ayutthaya-hotel/,hotel-detail,no,hotel-detail,indexation-audit,P2,provisional,"Programmatic hoteldetail; controleer unieke waarde, actualiteit, canonical en affiliatekwaliteit. Taalpaar ontbreekt: bepaal of lokalisatie of bewust locale-specifiek gebruik nodig is."
en,https://go2-thailand.com/hotel/mdr-hotel-lopburi/,/hotel/mdr-hotel-lopburi/,/hotel/mdr-hotel-lopburi/,hotel-detail,no,hotel-detail,indexation-audit,P2,provisional,"Programmatic hoteldetail; controleer unieke waarde, actualiteit, canonical en affiliatekwaliteit. Taalpaar ontbreekt: bepaal of lokalisatie of bewust locale-specifiek gebruik nodig is."
en,https://go2-thailand.com/hotel/mekong-mukdahan-hotel/,/hotel/mekong-mukdahan-hotel/,/hotel/mekong-mukdahan-hotel/,hotel-detail,no,hotel-detail,indexation-audit,P2,provisional,"Programmatic hoteldetail; controleer unieke waarde, actualiteit, canonical en affiliatekwaliteit. Taalpaar ontbreekt: bepaal of lokalisatie of bewust locale-specifiek gebruik nodig is."
en,https://go2-thailand.com/hotel/mekong-paradise-resort/,/hotel/mekong-paradise-resort/,/hotel/mekong-paradise-resort/,hotel-detail,no,hotel-detail,indexation-audit,P2,provisional,"Programmatic hoteldetail; controleer unieke waarde, actualiteit, canonical en affiliatekwaliteit. Taalpaar ontbreekt: bepaal of lokalisatie of bewust locale-specifiek gebruik nodig is."
en,https://go2-thailand.com/hotel/mekong-view-hotel/,/hotel/mekong-view-hotel/,/hotel/mekong-view-hotel/,hotel-detail,no,hotel-detail,indexation-audit,P2,provisional,"Programmatic hoteldetail; controleer unieke waarde, actualiteit, canonical en affiliatekwaliteit. Taalpaar ontbreekt: bepaal of lokalisatie of bewust locale-specifiek gebruik nodig is."
en,https://go2-thailand.com/hotel/melia-chiang-mai/,/hotel/melia-chiang-mai/,/hotel/melia-chiang-mai/,hotel-detail,no,hotel-detail,indexation-audit,P2,provisional,"Programmatic hoteldetail; controleer unieke waarde, actualiteit, canonical en affiliatekwaliteit. Taalpaar ontbreekt: bepaal of lokalisatie of bewust locale-specifiek gebruik nodig is."
en,https://go2-thailand.com/hotel/memory-guesthouse/,/hotel/memory-guesthouse/,/hotel/memory-guesthouse/,hotel-detail,no,hotel-detail,indexation-audit,P2,provisional,"Programmatic hoteldetail; controleer unieke waarde, actualiteit, canonical en affiliatekwaliteit. Taalpaar ontbreekt: bepaal of lokalisatie of bewust locale-specifiek gebruik nodig is."
en,https://go2-thailand.com/hotel/mercy-hostel/,/hotel/mercy-hostel/,/hotel/mercy-hostel/,hotel-detail,no,hotel-detail,indexation-audit,P2,provisional,"Programmatic hoteldetail; controleer unieke waarde, actualiteit, canonical en affiliatekwaliteit. Taalpaar ontbreekt: bepaal of lokalisatie of bewust locale-specifiek gebruik nodig is."
en,https://go2-thailand.com/hotel/millennium-resort-patong/,/hotel/millennium-resort-patong/,/hotel/millennium-resort-patong/,hotel-detail,no,hotel-detail,indexation-audit,P2,provisional,"Programmatic hoteldetail; controleer unieke waarde, actualiteit, canonical en affiliatekwaliteit. Taalpaar ontbreekt: bepaal of lokalisatie of bewust locale-specifiek gebruik nodig is."
en,https://go2-thailand.com/hotel/modena-by-fraser-buriram/,/hotel/modena-by-fraser-buriram/,/hotel/modena-by-fraser-buriram/,hotel-detail,no,hotel-detail,indexation-audit,P2,provisional,"Programmatic hoteldetail; controleer unieke waarde, actualiteit, canonical en affiliatekwaliteit. Taalpaar ontbreekt: bepaal of lokalisatie of bewust locale-specifiek gebruik nodig is."
en,https://go2-thailand.com/hotel/monkham-village-hat-yai/,/hotel/monkham-village-hat-yai/,/hotel/monkham-village-hat-yai/,hotel-detail,no,hotel-detail,indexation-audit,P2,provisional,"Programmatic hoteldetail; controleer unieke waarde, actualiteit, canonical en affiliatekwaliteit. Taalpaar ontbreekt: bepaal of lokalisatie of bewust locale-specifiek gebruik nodig is."
en,https://go2-thailand.com/hotel/mooban-talay-resort/,/hotel/mooban-talay-resort/,/hotel/mooban-talay-resort/,hotel-detail,no,hotel-detail,indexation-audit,P2,provisional,"Programmatic hoteldetail; controleer unieke waarde, actualiteit, canonical en affiliatekwaliteit. Taalpaar ontbreekt: bepaal of lokalisatie of bewust locale-specifiek gebruik nodig is."
en,https://go2-thailand.com/hotel/mook-lamai-resort-and-spa/,/hotel/mook-lamai-resort-and-spa/,/hotel/mook-lamai-resort-and-spa/,hotel-detail,no,hotel-detail,indexation-audit,P2,provisional,"Programmatic hoteldetail; controleer unieke waarde, actualiteit, canonical en affiliatekwaliteit. Taalpaar ontbreekt: bepaal of lokalisatie of bewust locale-specifiek gebruik nodig is."
en,https://go2-thailand.com/hotel/mountain-resort-koh-lipe/,/hotel/mountain-resort-koh-lipe/,/hotel/mountain-resort-koh-lipe/,hotel-detail,no,hotel-detail,indexation-audit,P2,provisional,"Programmatic hoteldetail; controleer unieke waarde, actualiteit, canonical en affiliatekwaliteit. Taalpaar ontbreekt: bepaal of lokalisatie of bewust locale-specifiek gebruik nodig is."
en,https://go2-thailand.com/hotel/muang-thong-hotel/,/hotel/muang-thong-hotel/,/hotel/muang-thong-hotel/,hotel-detail,no,hotel-detail,indexation-audit,P2,provisional,"Programmatic hoteldetail; controleer unieke waarde, actualiteit, canonical en affiliatekwaliteit. Taalpaar ontbreekt: bepaal of lokalisatie of bewust locale-specifiek gebruik nodig is."
en,https://go2-thailand.com/hotel/mukdahan-city-hotel/,/hotel/mukdahan-city-hotel/,/hotel/mukdahan-city-hotel/,hotel-detail,no,hotel-detail,indexation-audit,P2,provisional,"Programmatic hoteldetail; controleer unieke waarde, actualiteit, canonical en affiliatekwaliteit. Taalpaar ontbreekt: bepaal of lokalisatie of bewust locale-specifiek gebruik nodig is."
en,https://go2-thailand.com/hotel/mukdahan-grand-hotel/,/hotel/mukdahan-grand-hotel/,/hotel/mukdahan-grand-hotel/,hotel-detail,no,hotel-detail,indexation-audit,P2,provisional,"Programmatic hoteldetail; controleer unieke waarde, actualiteit, canonical en affiliatekwaliteit. Taalpaar ontbreekt: bepaal of lokalisatie of bewust locale-specifiek gebruik nodig is."
en,https://go2-thailand.com/hotel/mukdahan-river-view-boutique-hotel/,/hotel/mukdahan-river-view-boutique-hotel/,/hotel/mukdahan-river-view-boutique-hotel/,hotel-detail,no,hotel-detail,indexation-audit,P2,provisional,"Programmatic hoteldetail; controleer unieke waarde, actualiteit, canonical en affiliatekwaliteit. Taalpaar ontbreekt: bepaal of lokalisatie of bewust locale-specifiek gebruik nodig is."
en,https://go2-thailand.com/hotel/mut-mee-garden-guest-house/,/hotel/mut-mee-garden-guest-house/,/hotel/mut-mee-garden-guest-house/,hotel-detail,no,hotel-detail,indexation-audit,P2,provisional,"Programmatic hoteldetail; controleer unieke waarde, actualiteit, canonical en affiliatekwaliteit. Taalpaar ontbreekt: bepaal of lokalisatie of bewust locale-specifiek gebruik nodig is."
en,https://go2-thailand.com/hotel/mytt-beach-hotel/,/hotel/mytt-beach-hotel/,/hotel/mytt-beach-hotel/,hotel-detail,no,hotel-detail,indexation-audit,P2,provisional,"Programmatic hoteldetail; controleer unieke waarde, actualiteit, canonical en affiliatekwaliteit. Taalpaar ontbreekt: bepaal of lokalisatie of bewust locale-specifiek gebruik nodig is."
en,https://go2-thailand.com/hotel/na-di-forest-resort/,/hotel/na-di-forest-resort/,/hotel/na-di-forest-resort/,hotel-detail,no,hotel-detail,indexation-audit,P2,provisional,"Programmatic hoteldetail; controleer unieke waarde, actualiteit, canonical en affiliatekwaliteit. Taalpaar ontbreekt: bepaal of lokalisatie of bewust locale-specifiek gebruik nodig is."
en,https://go2-thailand.com/hotel/nadee-10-resort-hotel/,/hotel/nadee-10-resort-hotel/,/hotel/nadee-10-resort-hotel/,hotel-detail,no,hotel-detail,indexation-audit,P2,provisional,"Programmatic hoteldetail; controleer unieke waarde, actualiteit, canonical en affiliatekwaliteit. Taalpaar ontbreekt: bepaal of lokalisatie of bewust locale-specifiek gebruik nodig is."
en,https://go2-thailand.com/hotel/nadpob-hotel-phun-phin/,/hotel/nadpob-hotel-phun-phin/,/hotel/nadpob-hotel-phun-phin/,hotel-detail,no,hotel-detail,indexation-audit,P2,provisional,"Programmatic hoteldetail; controleer unieke waarde, actualiteit, canonical en affiliatekwaliteit. Taalpaar ontbreekt: bepaal of lokalisatie of bewust locale-specifiek gebruik nodig is."
en,https://go2-thailand.com/hotel/naga-guesthouse/,/hotel/naga-guesthouse/,/hotel/naga-guesthouse/,hotel-detail,no,hotel-detail,indexation-audit,P2,provisional,"Programmatic hoteldetail; controleer unieke waarde, actualiteit, canonical en affiliatekwaliteit. Taalpaar ontbreekt: bepaal of lokalisatie of bewust locale-specifiek gebruik nodig is."
en,https://go2-thailand.com/hotel/nai-ya-hotel/,/hotel/nai-ya-hotel/,/hotel/nai-ya-hotel/,hotel-detail,no,hotel-detail,indexation-audit,P2,provisional,"Programmatic hoteldetail; controleer unieke waarde, actualiteit, canonical en affiliatekwaliteit. Taalpaar ontbreekt: bepaal of lokalisatie of bewust locale-specifiek gebruik nodig is."
en,https://go2-thailand.com/hotel/nak-nakara-hotel/,/hotel/nak-nakara-hotel/,/hotel/nak-nakara-hotel/,hotel-detail,no,hotel-detail,indexation-audit,P2,provisional,"Programmatic hoteldetail; controleer unieke waarde, actualiteit, canonical en affiliatekwaliteit. Taalpaar ontbreekt: bepaal of lokalisatie of bewust locale-specifiek gebruik nodig is."
en,https://go2-thailand.com/hotel/nakhon-luang-hotel/,/hotel/nakhon-luang-hotel/,/hotel/nakhon-luang-hotel/,hotel-detail,no,hotel-detail,indexation-audit,P2,provisional,"Programmatic hoteldetail; controleer unieke waarde, actualiteit, canonical en affiliatekwaliteit. Taalpaar ontbreekt: bepaal of lokalisatie of bewust locale-specifiek gebruik nodig is."
en,https://go2-thailand.com/hotel/nakhon-phanom-river-hotel/,/hotel/nakhon-phanom-river-hotel/,/hotel/nakhon-phanom-river-hotel/,hotel-detail,no,hotel-detail,indexation-audit,P2,provisional,"Programmatic hoteldetail; controleer unieke waarde, actualiteit, canonical en affiliatekwaliteit. Taalpaar ontbreekt: bepaal of lokalisatie of bewust locale-specifiek gebruik nodig is."
en,https://go2-thailand.com/hotel/nakhon-phanom-villa-hotel/,/hotel/nakhon-phanom-villa-hotel/,/hotel/nakhon-phanom-villa-hotel/,hotel-detail,no,hotel-detail,indexation-audit,P2,provisional,"Programmatic hoteldetail; controleer unieke waarde, actualiteit, canonical en affiliatekwaliteit. Taalpaar ontbreekt: bepaal of lokalisatie of bewust locale-specifiek gebruik nodig is."
en,https://go2-thailand.com/hotel/namkhong-guesthouse-and-resort/,/hotel/namkhong-guesthouse-and-resort/,/hotel/namkhong-guesthouse-and-resort/,hotel-detail,no,hotel-detail,indexation-audit,P2,provisional,"Programmatic hoteldetail; controleer unieke waarde, actualiteit, canonical en affiliatekwaliteit. Taalpaar ontbreekt: bepaal of lokalisatie of bewust locale-specifiek gebruik nodig is."
en,https://go2-thailand.com/hotel/namkhong-riverside-hotel/,/hotel/namkhong-riverside-hotel/,/hotel/namkhong-riverside-hotel/,hotel-detail,no,hotel-detail,indexation-audit,P2,provisional,"Programmatic hoteldetail; controleer unieke waarde, actualiteit, canonical en affiliatekwaliteit. Taalpaar ontbreekt: bepaal of lokalisatie of bewust locale-specifiek gebruik nodig is."
en,https://go2-thailand.com/hotel/nan-boutique-hotel/,/hotel/nan-boutique-hotel/,/hotel/nan-boutique-hotel/,hotel-detail,no,hotel-detail,indexation-audit,P2,provisional,"Programmatic hoteldetail; controleer unieke waarde, actualiteit, canonical en affiliatekwaliteit. Taalpaar ontbreekt: bepaal of lokalisatie of bewust locale-specifiek gebruik nodig is."
en,https://go2-thailand.com/hotel/nan-guesthouse/,/hotel/nan-guesthouse/,/hotel/nan-guesthouse/,hotel-detail,no,hotel-detail,indexation-audit,P2,provisional,"Programmatic hoteldetail; controleer unieke waarde, actualiteit, canonical en affiliatekwaliteit. Taalpaar ontbreekt: bepaal of lokalisatie of bewust locale-specifiek gebruik nodig is."
en,https://go2-thailand.com/hotel/nan-homestay-ban-nong-bua-area/,/hotel/nan-homestay-ban-nong-bua-area/,/hotel/nan-homestay-ban-nong-bua-area/,hotel-detail,no,hotel-detail,indexation-audit,P2,provisional,"Programmatic hoteldetail; controleer unieke waarde, actualiteit, canonical en affiliatekwaliteit. Taalpaar ontbreekt: bepaal of lokalisatie of bewust locale-specifiek gebruik nodig is."
en,https://go2-thailand.com/hotel/nan-lanna-hotel/,/hotel/nan-lanna-hotel/,/hotel/nan-lanna-hotel/,hotel-detail,no,hotel-detail,indexation-audit,P2,provisional,"Programmatic hoteldetail; controleer unieke waarde, actualiteit, canonical en affiliatekwaliteit. Taalpaar ontbreekt: bepaal of lokalisatie of bewust locale-specifiek gebruik nodig is."
en,https://go2-thailand.com/hotel/nan-manonchai-hotel/,/hotel/nan-manonchai-hotel/,/hotel/nan-manonchai-hotel/,hotel-detail,no,hotel-detail,indexation-audit,P2,provisional,"Programmatic hoteldetail; controleer unieke waarde, actualiteit, canonical en affiliatekwaliteit. Taalpaar ontbreekt: bepaal of lokalisatie of bewust locale-specifiek gebruik nodig is."
en,https://go2-thailand.com/hotel/nan-river-hotel/,/hotel/nan-river-hotel/,/hotel/nan-river-hotel/,hotel-detail,no,hotel-detail,indexation-audit,P2,provisional,"Programmatic hoteldetail; controleer unieke waarde, actualiteit, canonical en affiliatekwaliteit. Taalpaar ontbreekt: bepaal of lokalisatie of bewust locale-specifiek gebruik nodig is."
en,https://go2-thailand.com/hotel/nana-beach-hotel-resort/,/hotel/nana-beach-hotel-resort/,/hotel/nana-beach-hotel-resort/,hotel-detail,no,hotel-detail,indexation-audit,P2,provisional,"Programmatic hoteldetail; controleer unieke waarde, actualiteit, canonical en affiliatekwaliteit. Taalpaar ontbreekt: bepaal of lokalisatie of bewust locale-specifiek gebruik nodig is."
en,https://go2-thailand.com/hotel/napalai-hotel-chanthaburi/,/hotel/napalai-hotel-chanthaburi/,/hotel/napalai-hotel-chanthaburi/,hotel-detail,no,hotel-detail,indexation-audit,P2,provisional,"Programmatic hoteldetail; controleer unieke waarde, actualiteit, canonical en affiliatekwaliteit. Taalpaar ontbreekt: bepaal of lokalisatie of bewust locale-specifiek gebruik nodig is."
en,https://go2-thailand.com/hotel/napalai-hotel-udon-thani/,/hotel/napalai-hotel-udon-thani/,/hotel/napalai-hotel-udon-thani/,hotel-detail,no,hotel-detail,indexation-audit,P2,provisional,"Programmatic hoteldetail; controleer unieke waarde, actualiteit, canonical en affiliatekwaliteit. Taalpaar ontbreekt: bepaal of lokalisatie of bewust locale-specifiek gebruik nodig is."
en,https://go2-thailand.com/hotel/nappark-hostel-khao-san/,/hotel/nappark-hostel-khao-san/,/hotel/nappark-hostel-khao-san/,hotel-detail,no,hotel-detail,indexation-audit,P2,provisional,"Programmatic hoteldetail; controleer unieke waarde, actualiteit, canonical en affiliatekwaliteit. Taalpaar ontbreekt: bepaal of lokalisatie of bewust locale-specifiek gebruik nodig is."
en,https://go2-thailand.com/hotel/narai-iyara-palace/,/hotel/narai-iyara-palace/,/hotel/narai-iyara-palace/,hotel-detail,no,hotel-detail,indexation-audit,P2,provisional,"Programmatic hoteldetail; controleer unieke waarde, actualiteit, canonical en affiliatekwaliteit. Taalpaar ontbreekt: bepaal of lokalisatie of bewust locale-specifiek gebruik nodig is."
en,https://go2-thailand.com/hotel/nature-beach-resort/,/hotel/nature-beach-resort/,/hotel/nature-beach-resort/,hotel-detail,no,hotel-detail,indexation-audit,P2,provisional,"Programmatic hoteldetail; controleer unieke waarde, actualiteit, canonical en affiliatekwaliteit. Taalpaar ontbreekt: bepaal of lokalisatie of bewust locale-specifiek gebruik nodig is."
en,https://go2-thailand.com/hotel/navakitel-design-hotel/,/hotel/navakitel-design-hotel/,/hotel/navakitel-design-hotel/,hotel-detail,no,hotel-detail,indexation-audit,P2,provisional,"Programmatic hoteldetail; controleer unieke waarde, actualiteit, canonical en affiliatekwaliteit. Taalpaar ontbreekt: bepaal of lokalisatie of bewust locale-specifiek gebruik nodig is."
en,https://go2-thailand.com/hotel/navarat-heritage-hotel/,/hotel/navarat-heritage-hotel/,/hotel/navarat-heritage-hotel/,hotel-detail,no,hotel-detail,indexation-audit,P2,provisional,"Programmatic hoteldetail; controleer unieke waarde, actualiteit, canonical en affiliatekwaliteit. Taalpaar ontbreekt: bepaal of lokalisatie of bewust locale-specifiek gebruik nodig is."
en,https://go2-thailand.com/hotel/new-season-hotel/,/hotel/new-season-hotel/,/hotel/new-season-hotel/,hotel-detail,no,hotel-detail,indexation-audit,P2,provisional,"Programmatic hoteldetail; controleer unieke waarde, actualiteit, canonical en affiliatekwaliteit. Taalpaar ontbreekt: bepaal of lokalisatie of bewust locale-specifiek gebruik nodig is."
en,https://go2-thailand.com/hotel/nolo-hub-pai/,/hotel/nolo-hub-pai/,/hotel/nolo-hub-pai/,hotel-detail,no,hotel-detail,indexation-audit,P2,provisional,"Programmatic hoteldetail; controleer unieke waarde, actualiteit, canonical en affiliatekwaliteit. Taalpaar ontbreekt: bepaal of lokalisatie of bewust locale-specifiek gebruik nodig is."
en,https://go2-thailand.com/hotel/nong-khai-grand-thani-hotel/,/hotel/nong-khai-grand-thani-hotel/,/hotel/nong-khai-grand-thani-hotel/,hotel-detail,no,hotel-detail,indexation-audit,P2,provisional,"Programmatic hoteldetail; controleer unieke waarde, actualiteit, canonical en affiliatekwaliteit. Taalpaar ontbreekt: bepaal of lokalisatie of bewust locale-specifiek gebruik nodig is."
en,https://go2-thailand.com/hotel/noom-guesthouse/,/hotel/noom-guesthouse/,/hotel/noom-guesthouse/,hotel-detail,no,hotel-detail,indexation-audit,P2,provisional,"Programmatic hoteldetail; controleer unieke waarde, actualiteit, canonical en affiliatekwaliteit. Taalpaar ontbreekt: bepaal of lokalisatie of bewust locale-specifiek gebruik nodig is."
en,https://go2-thailand.com/hotel/novotel-bangkok-ploenchit-sukhumvit/,/hotel/novotel-bangkok-ploenchit-sukhumvit/,/hotel/novotel-bangkok-ploenchit-sukhumvit/,hotel-detail,no,hotel-detail,indexation-audit,P2,provisional,"Programmatic hoteldetail; controleer unieke waarde, actualiteit, canonical en affiliatekwaliteit. Taalpaar ontbreekt: bepaal of lokalisatie of bewust locale-specifiek gebruik nodig is."
en,https://go2-thailand.com/hotel/nuchjaree-place/,/hotel/nuchjaree-place/,/hotel/nuchjaree-place/,hotel-detail,no,hotel-detail,indexation-audit,P2,provisional,"Programmatic hoteldetail; controleer unieke waarde, actualiteit, canonical en affiliatekwaliteit. Taalpaar ontbreekt: bepaal of lokalisatie of bewust locale-specifiek gebruik nodig is."
en,https://go2-thailand.com/hotel/o2-hotel-lopburi/,/hotel/o2-hotel-lopburi/,/hotel/o2-hotel-lopburi/,hotel-detail,no,hotel-detail,indexation-audit,P2,provisional,"Programmatic hoteldetail; controleer unieke waarde, actualiteit, canonical en affiliatekwaliteit. Taalpaar ontbreekt: bepaal of lokalisatie of bewust locale-specifiek gebruik nodig is."
en,https://go2-thailand.com/hotel/oasis-koh-chang/,/hotel/oasis-koh-chang/,/hotel/oasis-koh-chang/,hotel-detail,yes,hotel-detail,indexation-audit,P1,provisional,"Programmatic hoteldetail; controleer unieke waarde, actualiteit, canonical en affiliatekwaliteit."
en,https://go2-thailand.com/hotel/old-city-guest-house/,/hotel/old-city-guest-house/,/hotel/old-city-guest-house/,hotel-detail,no,hotel-detail,indexation-audit,P2,provisional,"Programmatic hoteldetail; controleer unieke waarde, actualiteit, canonical en affiliatekwaliteit. Taalpaar ontbreekt: bepaal of lokalisatie of bewust locale-specifiek gebruik nodig is."
en,https://go2-thailand.com/hotel/on-thapae-gate/,/hotel/on-thapae-gate/,/hotel/on-thapae-gate/,hotel-detail,no,hotel-detail,indexation-audit,P2,provisional,"Programmatic hoteldetail; controleer unieke waarde, actualiteit, canonical en affiliatekwaliteit. Taalpaar ontbreekt: bepaal of lokalisatie of bewust locale-specifiek gebruik nodig is."
en,https://go2-thailand.com/hotel/orchid-hibiscus-guest-house/,/hotel/orchid-hibiscus-guest-house/,/hotel/orchid-hibiscus-guest-house/,hotel-detail,no,hotel-detail,indexation-audit,P2,provisional,"Programmatic hoteldetail; controleer unieke waarde, actualiteit, canonical en affiliatekwaliteit. Taalpaar ontbreekt: bepaal of lokalisatie of bewust locale-specifiek gebruik nodig is."
en,https://go2-thailand.com/hotel/p-hostel-buriram/,/hotel/p-hostel-buriram/,/hotel/p-hostel-buriram/,hotel-detail,no,hotel-detail,indexation-audit,P2,provisional,"Programmatic hoteldetail; controleer unieke waarde, actualiteit, canonical en affiliatekwaliteit. Taalpaar ontbreekt: bepaal of lokalisatie of bewust locale-specifiek gebruik nodig is."
en,https://go2-thailand.com/hotel/p1-house/,/hotel/p1-house/,/hotel/p1-house/,hotel-detail,no,hotel-detail,indexation-audit,P2,provisional,"Programmatic hoteldetail; controleer unieke waarde, actualiteit, canonical en affiliatekwaliteit. Taalpaar ontbreekt: bepaal of lokalisatie of bewust locale-specifiek gebruik nodig is."
en,https://go2-thailand.com/hotel/pai-circus-hostel/,/hotel/pai-circus-hostel/,/hotel/pai-circus-hostel/,hotel-detail,no,hotel-detail,indexation-audit,P2,provisional,"Programmatic hoteldetail; controleer unieke waarde, actualiteit, canonical en affiliatekwaliteit. Taalpaar ontbreekt: bepaal of lokalisatie of bewust locale-specifiek gebruik nodig is."
en,https://go2-thailand.com/hotel/pai-island-resort/,/hotel/pai-island-resort/,/hotel/pai-island-resort/,hotel-detail,no,hotel-detail,indexation-audit,P2,provisional,"Programmatic hoteldetail; controleer unieke waarde, actualiteit, canonical en affiliatekwaliteit. Taalpaar ontbreekt: bepaal of lokalisatie of bewust locale-specifiek gebruik nodig is."
en,https://go2-thailand.com/hotel/pai-piranha-fishing-park/,/hotel/pai-piranha-fishing-park/,/hotel/pai-piranha-fishing-park/,hotel-detail,no,hotel-detail,indexation-audit,P2,provisional,"Programmatic hoteldetail; controleer unieke waarde, actualiteit, canonical en affiliatekwaliteit. Taalpaar ontbreekt: bepaal of lokalisatie of bewust locale-specifiek gebruik nodig is."
en,https://go2-thailand.com/hotel/pai-treehouse-resort/,/hotel/pai-treehouse-resort/,/hotel/pai-treehouse-resort/,hotel-detail,no,hotel-detail,indexation-audit,P2,provisional,"Programmatic hoteldetail; controleer unieke waarde, actualiteit, canonical en affiliatekwaliteit. Taalpaar ontbreekt: bepaal of lokalisatie of bewust locale-specifiek gebruik nodig is."
en,https://go2-thailand.com/hotel/pai-vieng-fah-resort/,/hotel/pai-vieng-fah-resort/,/hotel/pai-vieng-fah-resort/,hotel-detail,no,hotel-detail,indexation-audit,P2,provisional,"Programmatic hoteldetail; controleer unieke waarde, actualiteit, canonical en affiliatekwaliteit. Taalpaar ontbreekt: bepaal of lokalisatie of bewust locale-specifiek gebruik nodig is."
en,https://go2-thailand.com/hotel/pai-village-boutique-resort-farm/,/hotel/pai-village-boutique-resort-farm/,/hotel/pai-village-boutique-resort-farm/,hotel-detail,no,hotel-detail,indexation-audit,P2,provisional,"Programmatic hoteldetail; controleer unieke waarde, actualiteit, canonical en affiliatekwaliteit. Taalpaar ontbreekt: bepaal of lokalisatie of bewust locale-specifiek gebruik nodig is."
en,https://go2-thailand.com/hotel/pak-up-hostel/,/hotel/pak-up-hostel/,/hotel/pak-up-hostel/,hotel-detail,no,hotel-detail,indexation-audit,P2,provisional,"Programmatic hoteldetail; controleer unieke waarde, actualiteit, canonical en affiliatekwaliteit. Taalpaar ontbreekt: bepaal of lokalisatie of bewust locale-specifiek gebruik nodig is."
en,https://go2-thailand.com/hotel/pakbara-seaside-guesthouse/,/hotel/pakbara-seaside-guesthouse/,/hotel/pakbara-seaside-guesthouse/,hotel-detail,no,hotel-detail,indexation-audit,P2,provisional,"Programmatic hoteldetail; controleer unieke waarde, actualiteit, canonical en affiliatekwaliteit. Taalpaar ontbreekt: bepaal of lokalisatie of bewust locale-specifiek gebruik nodig is."
en,https://go2-thailand.com/hotel/paklop-resort/,/hotel/paklop-resort/,/hotel/paklop-resort/,hotel-detail,no,hotel-detail,indexation-audit,P2,provisional,"Programmatic hoteldetail; controleer unieke waarde, actualiteit, canonical en affiliatekwaliteit. Taalpaar ontbreekt: bepaal of lokalisatie of bewust locale-specifiek gebruik nodig is."
en,https://go2-thailand.com/hotel/palio-khao-yai-forest-villas/,/hotel/palio-khao-yai-forest-villas/,/hotel/palio-khao-yai-forest-villas/,hotel-detail,no,hotel-detail,indexation-audit,P2,provisional,"Programmatic hoteldetail; controleer unieke waarde, actualiteit, canonical en affiliatekwaliteit. Taalpaar ontbreekt: bepaal of lokalisatie of bewust locale-specifiek gebruik nodig is."
en,https://go2-thailand.com/hotel/panan-krabi-resort/,/hotel/panan-krabi-resort/,/hotel/panan-krabi-resort/,hotel-detail,no,hotel-detail,indexation-audit,P2,provisional,"Programmatic hoteldetail; controleer unieke waarde, actualiteit, canonical en affiliatekwaliteit. Taalpaar ontbreekt: bepaal of lokalisatie of bewust locale-specifiek gebruik nodig is."
en,https://go2-thailand.com/hotel/pang-sida-national-park-bungalows/,/hotel/pang-sida-national-park-bungalows/,/hotel/pang-sida-national-park-bungalows/,hotel-detail,no,hotel-detail,indexation-audit,P2,provisional,"Programmatic hoteldetail; controleer unieke waarde, actualiteit, canonical en affiliatekwaliteit. Taalpaar ontbreekt: bepaal of lokalisatie of bewust locale-specifiek gebruik nodig is."
en,https://go2-thailand.com/hotel/pang-ung-camping-tents-royal-forestry-department/,/hotel/pang-ung-camping-tents-royal-forestry-department/,/hotel/pang-ung-camping-tents-royal-forestry-department/,hotel-detail,no,hotel-detail,indexation-audit,P2,provisional,"Programmatic hoteldetail; controleer unieke waarde, actualiteit, canonical en affiliatekwaliteit. Taalpaar ontbreekt: bepaal of lokalisatie of bewust locale-specifiek gebruik nodig is."
en,https://go2-thailand.com/hotel/panlaan-boutique-resort/,/hotel/panlaan-boutique-resort/,/hotel/panlaan-boutique-resort/,hotel-detail,no,hotel-detail,indexation-audit,P2,provisional,"Programmatic hoteldetail; controleer unieke waarde, actualiteit, canonical en affiliatekwaliteit. Taalpaar ontbreekt: bepaal of lokalisatie of bewust locale-specifiek gebruik nodig is."
en,https://go2-thailand.com/hotel/pannara-hotel/,/hotel/pannara-hotel/,/hotel/pannara-hotel/,hotel-detail,no,hotel-detail,indexation-audit,P2,provisional,"Programmatic hoteldetail; controleer unieke waarde, actualiteit, canonical en affiliatekwaliteit. Taalpaar ontbreekt: bepaal of lokalisatie of bewust locale-specifiek gebruik nodig is."
en,https://go2-thailand.com/hotel/panorama-hotel/,/hotel/panorama-hotel/,/hotel/panorama-hotel/,hotel-detail,no,hotel-detail,indexation-audit,P2,provisional,"Programmatic hoteldetail; controleer unieke waarde, actualiteit, canonical en affiliatekwaliteit. Taalpaar ontbreekt: bepaal of lokalisatie of bewust locale-specifiek gebruik nodig is."
en,https://go2-thailand.com/hotel/pattara-resort-spa/,/hotel/pattara-resort-spa/,/hotel/pattara-resort-spa/,hotel-detail,no,hotel-detail,indexation-audit,P2,provisional,"Programmatic hoteldetail; controleer unieke waarde, actualiteit, canonical en affiliatekwaliteit. Taalpaar ontbreekt: bepaal of lokalisatie of bewust locale-specifiek gebruik nodig is."
en,https://go2-thailand.com/hotel/pawapi-beach-resort/,/hotel/pawapi-beach-resort/,/hotel/pawapi-beach-resort/,hotel-detail,no,hotel-detail,indexation-audit,P2,provisional,"Programmatic hoteldetail; controleer unieke waarde, actualiteit, canonical en affiliatekwaliteit. Taalpaar ontbreekt: bepaal of lokalisatie of bewust locale-specifiek gebruik nodig is."
en,https://go2-thailand.com/hotel/pb-grand-hotel/,/hotel/pb-grand-hotel/,/hotel/pb-grand-hotel/,hotel-detail,no,hotel-detail,indexation-audit,P2,provisional,"Programmatic hoteldetail; controleer unieke waarde, actualiteit, canonical en affiliatekwaliteit. Taalpaar ontbreekt: bepaal of lokalisatie of bewust locale-specifiek gebruik nodig is."
en,https://go2-thailand.com/hotel/peang-tara-cafe-resort/,/hotel/peang-tara-cafe-resort/,/hotel/peang-tara-cafe-resort/,hotel-detail,no,hotel-detail,indexation-audit,P2,provisional,"Programmatic hoteldetail; controleer unieke waarde, actualiteit, canonical en affiliatekwaliteit. Taalpaar ontbreekt: bepaal of lokalisatie of bewust locale-specifiek gebruik nodig is."
en,https://go2-thailand.com/hotel/phanomrung-hostel-linn-chan-cafe/,/hotel/phanomrung-hostel-linn-chan-cafe/,/hotel/phanomrung-hostel-linn-chan-cafe/,hotel-detail,no,hotel-detail,indexation-audit,P2,provisional,"Programmatic hoteldetail; controleer unieke waarde, actualiteit, canonical en affiliatekwaliteit. Taalpaar ontbreekt: bepaal of lokalisatie of bewust locale-specifiek gebruik nodig is."
en,https://go2-thailand.com/hotel/phanomrungpuri-boutique-hotel/,/hotel/phanomrungpuri-boutique-hotel/,/hotel/phanomrungpuri-boutique-hotel/,hotel-detail,no,hotel-detail,indexation-audit,P2,provisional,"Programmatic hoteldetail; controleer unieke waarde, actualiteit, canonical en affiliatekwaliteit. Taalpaar ontbreekt: bepaal of lokalisatie of bewust locale-specifiek gebruik nodig is."
en,https://go2-thailand.com/hotel/phet-hotel/,/hotel/phet-hotel/,/hotel/phet-hotel/,hotel-detail,no,hotel-detail,indexation-audit,P2,provisional,"Programmatic hoteldetail; controleer unieke waarde, actualiteit, canonical en affiliatekwaliteit. Taalpaar ontbreekt: bepaal of lokalisatie of bewust locale-specifiek gebruik nodig is."
en,https://go2-thailand.com/hotel/phiphu-art-and-gallery-boutique-sukhothai/,/hotel/phiphu-art-and-gallery-boutique-sukhothai/,/hotel/phiphu-art-and-gallery-boutique-sukhothai/,hotel-detail,no,hotel-detail,indexation-audit,P2,provisional,"Programmatic hoteldetail; controleer unieke waarde, actualiteit, canonical en affiliatekwaliteit. Taalpaar ontbreekt: bepaal of lokalisatie of bewust locale-specifiek gebruik nodig is."
en,https://go2-thailand.com/hotel/phu-pai-art-resort/,/hotel/phu-pai-art-resort/,/hotel/phu-pai-art-resort/,hotel-detail,no,hotel-detail,indexation-audit,P2,provisional,"Programmatic hoteldetail; controleer unieke waarde, actualiteit, canonical en affiliatekwaliteit. Taalpaar ontbreekt: bepaal of lokalisatie of bewust locale-specifiek gebruik nodig is."
en,https://go2-thailand.com/hotel/phu-tok-hill-resort/,/hotel/phu-tok-hill-resort/,/hotel/phu-tok-hill-resort/,hotel-detail,no,hotel-detail,indexation-audit,P2,provisional,"Programmatic hoteldetail; controleer unieke waarde, actualiteit, canonical en affiliatekwaliteit. Taalpaar ontbreekt: bepaal of lokalisatie of bewust locale-specifiek gebruik nodig is."
en,https://go2-thailand.com/hotel/phu-wua-forest-lodge/,/hotel/phu-wua-forest-lodge/,/hotel/phu-wua-forest-lodge/,hotel-detail,no,hotel-detail,indexation-audit,P2,provisional,"Programmatic hoteldetail; controleer unieke waarde, actualiteit, canonical en affiliatekwaliteit. Taalpaar ontbreekt: bepaal of lokalisatie of bewust locale-specifiek gebruik nodig is."
en,https://go2-thailand.com/hotel/phulay-bay-a-ritz-carlton-reserve/,/hotel/phulay-bay-a-ritz-carlton-reserve/,/hotel/phulay-bay-a-ritz-carlton-reserve/,hotel-detail,no,hotel-detail,indexation-audit,P2,provisional,"Programmatic hoteldetail; controleer unieke waarde, actualiteit, canonical en affiliatekwaliteit. Taalpaar ontbreekt: bepaal of lokalisatie of bewust locale-specifiek gebruik nodig is."
en,https://go2-thailand.com/hotel/pin-hotel-lampang/,/hotel/pin-hotel-lampang/,/hotel/pin-hotel-lampang/,hotel-detail,no,hotel-detail,indexation-audit,P2,provisional,"Programmatic hoteldetail; controleer unieke waarde, actualiteit, canonical en affiliatekwaliteit. Taalpaar ontbreekt: bepaal of lokalisatie of bewust locale-specifiek gebruik nodig is."
en,https://go2-thailand.com/hotel/ping-river-hostel/,/hotel/ping-river-hostel/,/hotel/ping-river-hostel/,hotel-detail,no,hotel-detail,indexation-audit,P2,provisional,"Programmatic hoteldetail; controleer unieke waarde, actualiteit, canonical en affiliatekwaliteit. Taalpaar ontbreekt: bepaal of lokalisatie of bewust locale-specifiek gebruik nodig is."
en,https://go2-thailand.com/hotel/ploy-palace-hotel-mukdahan/,/hotel/ploy-palace-hotel-mukdahan/,/hotel/ploy-palace-hotel-mukdahan/,hotel-detail,no,hotel-detail,indexation-audit,P2,provisional,"Programmatic hoteldetail; controleer unieke waarde, actualiteit, canonical en affiliatekwaliteit. Taalpaar ontbreekt: bepaal of lokalisatie of bewust locale-specifiek gebruik nodig is."
en,https://go2-thailand.com/hotel/poohs-bungalow/,/hotel/poohs-bungalow/,/hotel/poohs-bungalow/,hotel-detail,no,hotel-detail,indexation-audit,P2,provisional,"Programmatic hoteldetail; controleer unieke waarde, actualiteit, canonical en affiliatekwaliteit. Taalpaar ontbreekt: bepaal of lokalisatie of bewust locale-specifiek gebruik nodig is."
en,https://go2-thailand.com/hotel/poonsook-hotel/,/hotel/poonsook-hotel/,/hotel/poonsook-hotel/,hotel-detail,no,hotel-detail,indexation-audit,P2,provisional,"Programmatic hoteldetail; controleer unieke waarde, actualiteit, canonical en affiliatekwaliteit. Taalpaar ontbreekt: bepaal of lokalisatie of bewust locale-specifiek gebruik nodig is."
en,https://go2-thailand.com/hotel/portside-hotel/,/hotel/portside-hotel/,/hotel/portside-hotel/,hotel-detail,no,hotel-detail,indexation-audit,P2,provisional,"Programmatic hoteldetail; controleer unieke waarde, actualiteit, canonical en affiliatekwaliteit. Taalpaar ontbreekt: bepaal of lokalisatie of bewust locale-specifiek gebruik nodig is."
en,https://go2-thailand.com/hotel/prachinburi-riverview-guesthouse/,/hotel/prachinburi-riverview-guesthouse/,/hotel/prachinburi-riverview-guesthouse/,hotel-detail,no,hotel-detail,indexation-audit,P2,provisional,"Programmatic hoteldetail; controleer unieke waarde, actualiteit, canonical en affiliatekwaliteit. Taalpaar ontbreekt: bepaal of lokalisatie of bewust locale-specifiek gebruik nodig is."
en,https://go2-thailand.com/hotel/prana-resort-samui/,/hotel/prana-resort-samui/,/hotel/prana-resort-samui/,hotel-detail,no,hotel-detail,indexation-audit,P2,provisional,"Programmatic hoteldetail; controleer unieke waarde, actualiteit, canonical en affiliatekwaliteit. Taalpaar ontbreekt: bepaal of lokalisatie of bewust locale-specifiek gebruik nodig is."
en,https://go2-thailand.com/hotel/pukha-nanfa-hotel/,/hotel/pukha-nanfa-hotel/,/hotel/pukha-nanfa-hotel/,hotel-detail,no,hotel-detail,indexation-audit,P2,provisional,"Programmatic hoteldetail; controleer unieke waarde, actualiteit, canonical en affiliatekwaliteit. Taalpaar ontbreekt: bepaal of lokalisatie of bewust locale-specifiek gebruik nodig is."
en,https://go2-thailand.com/hotel/pullman-khon-kaen-raja-orchid/,/hotel/pullman-khon-kaen-raja-orchid/,/hotel/pullman-khon-kaen-raja-orchid/,hotel-detail,no,hotel-detail,indexation-audit,P2,provisional,"Programmatic hoteldetail; controleer unieke waarde, actualiteit, canonical en affiliatekwaliteit. Taalpaar ontbreekt: bepaal of lokalisatie of bewust locale-specifiek gebruik nodig is."
en,https://go2-thailand.com/hotel/pullman-phuket-arcadia-naithon-beach/,/hotel/pullman-phuket-arcadia-naithon-beach/,/hotel/pullman-phuket-arcadia-naithon-beach/,hotel-detail,no,hotel-detail,indexation-audit,P2,provisional,"Programmatic hoteldetail; controleer unieke waarde, actualiteit, canonical en affiliatekwaliteit. Taalpaar ontbreekt: bepaal of lokalisatie of bewust locale-specifiek gebruik nodig is."
en,https://go2-thailand.com/hotel/pullman-raja-orchid-khon-kaen-korat-alternative/,/hotel/pullman-raja-orchid-khon-kaen-korat-alternative/,/hotel/pullman-raja-orchid-khon-kaen-korat-alternative/,hotel-detail,no,hotel-detail,indexation-audit,P2,provisional,"Programmatic hoteldetail; controleer unieke waarde, actualiteit, canonical en affiliatekwaliteit. Taalpaar ontbreekt: bepaal of lokalisatie of bewust locale-specifiek gebruik nodig is."
en,https://go2-thailand.com/hotel/punruk-resort/,/hotel/punruk-resort/,/hotel/punruk-resort/,hotel-detail,no,hotel-detail,indexation-audit,P2,provisional,"Programmatic hoteldetail; controleer unieke waarde, actualiteit, canonical en affiliatekwaliteit. Taalpaar ontbreekt: bepaal of lokalisatie of bewust locale-specifiek gebruik nodig is."
en,https://go2-thailand.com/hotel/pura-nakhon-hotel/,/hotel/pura-nakhon-hotel/,/hotel/pura-nakhon-hotel/,hotel-detail,no,hotel-detail,indexation-audit,P2,provisional,"Programmatic hoteldetail; controleer unieke waarde, actualiteit, canonical en affiliatekwaliteit. Taalpaar ontbreekt: bepaal of lokalisatie of bewust locale-specifiek gebruik nodig is."
en,https://go2-thailand.com/hotel/puripunn-baby-grand-boutique-hotel-chiang-mai-standard-concept-ubon-location/,/hotel/puripunn-baby-grand-boutique-hotel-chiang-mai-standard-concept-ubon-location/,/hotel/puripunn-baby-grand-boutique-hotel-chiang-mai-standard-concept-ubon-location/,hotel-detail,no,hotel-detail,indexation-audit,P2,provisional,"Programmatic hoteldetail; controleer unieke waarde, actualiteit, canonical en affiliatekwaliteit. Taalpaar ontbreekt: bepaal of lokalisatie of bewust locale-specifiek gebruik nodig is."
en,https://go2-thailand.com/hotel/putahracsa-hua-hin/,/hotel/putahracsa-hua-hin/,/hotel/putahracsa-hua-hin/,hotel-detail,no,hotel-detail,indexation-audit,P2,provisional,"Programmatic hoteldetail; controleer unieke waarde, actualiteit, canonical en affiliatekwaliteit. Taalpaar ontbreekt: bepaal of lokalisatie of bewust locale-specifiek gebruik nodig is."
en,https://go2-thailand.com/hotel/rai-saeng-arun/,/hotel/rai-saeng-arun/,/hotel/rai-saeng-arun/,hotel-detail,no,hotel-detail,indexation-audit,P2,provisional,"Programmatic hoteldetail; controleer unieke waarde, actualiteit, canonical en affiliatekwaliteit. Taalpaar ontbreekt: bepaal of lokalisatie of bewust locale-specifiek gebruik nodig is."
en,https://go2-thailand.com/hotel/railay-bay-resort-spa/,/hotel/railay-bay-resort-spa/,/hotel/railay-bay-resort-spa/,hotel-detail,no,hotel-detail,indexation-audit,P2,provisional,"Programmatic hoteldetail; controleer unieke waarde, actualiteit, canonical en affiliatekwaliteit. Taalpaar ontbreekt: bepaal of lokalisatie of bewust locale-specifiek gebruik nodig is."
en,https://go2-thailand.com/hotel/rajthani-hotel/,/hotel/rajthani-hotel/,/hotel/rajthani-hotel/,hotel-detail,no,hotel-detail,indexation-audit,P2,provisional,"Programmatic hoteldetail; controleer unieke waarde, actualiteit, canonical en affiliatekwaliteit. Taalpaar ontbreekt: bepaal of lokalisatie of bewust locale-specifiek gebruik nodig is."
en,https://go2-thailand.com/hotel/rapeepan-ville-hotel/,/hotel/rapeepan-ville-hotel/,/hotel/rapeepan-ville-hotel/,hotel-detail,no,hotel-detail,indexation-audit,P2,provisional,"Programmatic hoteldetail; controleer unieke waarde, actualiteit, canonical en affiliatekwaliteit. Taalpaar ontbreekt: bepaal of lokalisatie of bewust locale-specifiek gebruik nodig is."
en,https://go2-thailand.com/hotel/ratchathani-hotel/,/hotel/ratchathani-hotel/,/hotel/ratchathani-hotel/,hotel-detail,no,hotel-detail,indexation-audit,P2,provisional,"Programmatic hoteldetail; controleer unieke waarde, actualiteit, canonical en affiliatekwaliteit. Taalpaar ontbreekt: bepaal of lokalisatie of bewust locale-specifiek gebruik nodig is."
en,https://go2-thailand.com/hotel/ray-hotel-buriram/,/hotel/ray-hotel-buriram/,/hotel/ray-hotel-buriram/,hotel-detail,no,hotel-detail,indexation-audit,P2,provisional,"Programmatic hoteldetail; controleer unieke waarde, actualiteit, canonical en affiliatekwaliteit. Taalpaar ontbreekt: bepaal of lokalisatie of bewust locale-specifiek gebruik nodig is."
en,https://go2-thailand.com/hotel/rayang-guesthouse/,/hotel/rayang-guesthouse/,/hotel/rayang-guesthouse/,hotel-detail,no,hotel-detail,indexation-audit,P2,provisional,"Programmatic hoteldetail; controleer unieke waarde, actualiteit, canonical en affiliatekwaliteit. Taalpaar ontbreekt: bepaal of lokalisatie of bewust locale-specifiek gebruik nodig is."
en,https://go2-thailand.com/hotel/rayavadee/,/hotel/rayavadee/,/hotel/rayavadee/,hotel-detail,no,hotel-detail,indexation-audit,P2,provisional,"Programmatic hoteldetail; controleer unieke waarde, actualiteit, canonical en affiliatekwaliteit. Taalpaar ontbreekt: bepaal of lokalisatie of bewust locale-specifiek gebruik nodig is."
en,https://go2-thailand.com/hotel/rayong-marriott-resort-spa/,/hotel/rayong-marriott-resort-spa/,/hotel/rayong-marriott-resort-spa/,hotel-detail,no,hotel-detail,indexation-audit,P2,provisional,"Programmatic hoteldetail; controleer unieke waarde, actualiteit, canonical en affiliatekwaliteit. Taalpaar ontbreekt: bepaal of lokalisatie of bewust locale-specifiek gebruik nodig is."
en,https://go2-thailand.com/hotel/retro-box-hotel-chumphon/,/hotel/retro-box-hotel-chumphon/,/hotel/retro-box-hotel-chumphon/,hotel-detail,no,hotel-detail,indexation-audit,P2,provisional,"Programmatic hoteldetail; controleer unieke waarde, actualiteit, canonical en affiliatekwaliteit. Taalpaar ontbreekt: bepaal of lokalisatie of bewust locale-specifiek gebruik nodig is."
en,https://go2-thailand.com/hotel/reverie-siam/,/hotel/reverie-siam/,/hotel/reverie-siam/,hotel-detail,no,hotel-detail,indexation-audit,P2,provisional,"Programmatic hoteldetail; controleer unieke waarde, actualiteit, canonical en affiliatekwaliteit. Taalpaar ontbreekt: bepaal of lokalisatie of bewust locale-specifiek gebruik nodig is."
en,https://go2-thailand.com/hotel/rim-khong-guesthouse/,/hotel/rim-khong-guesthouse/,/hotel/rim-khong-guesthouse/,hotel-detail,no,hotel-detail,indexation-audit,P2,provisional,"Programmatic hoteldetail; controleer unieke waarde, actualiteit, canonical en affiliatekwaliteit. Taalpaar ontbreekt: bepaal of lokalisatie of bewust locale-specifiek gebruik nodig is."
en,https://go2-thailand.com/hotel/rim-khong-resort/,/hotel/rim-khong-resort/,/hotel/rim-khong-resort/,hotel-detail,no,hotel-detail,indexation-audit,P2,provisional,"Programmatic hoteldetail; controleer unieke waarde, actualiteit, canonical en affiliatekwaliteit. Taalpaar ontbreekt: bepaal of lokalisatie of bewust locale-specifiek gebruik nodig is."
en,https://go2-thailand.com/hotel/rimklong-boutique-hotel/,/hotel/rimklong-boutique-hotel/,/hotel/rimklong-boutique-hotel/,hotel-detail,no,hotel-detail,indexation-audit,P2,provisional,"Programmatic hoteldetail; controleer unieke waarde, actualiteit, canonical en affiliatekwaliteit. Taalpaar ontbreekt: bepaal of lokalisatie of bewust locale-specifiek gebruik nodig is."
en,https://go2-thailand.com/hotel/river-inn-nakhon-phanom/,/hotel/river-inn-nakhon-phanom/,/hotel/river-inn-nakhon-phanom/,hotel-detail,no,hotel-detail,indexation-audit,P2,provisional,"Programmatic hoteldetail; controleer unieke waarde, actualiteit, canonical en affiliatekwaliteit. Taalpaar ontbreekt: bepaal of lokalisatie of bewust locale-specifiek gebruik nodig is."
en,https://go2-thailand.com/hotel/river-kwai-jungle-rafts-resort/,/hotel/river-kwai-jungle-rafts-resort/,/hotel/river-kwai-jungle-rafts-resort/,hotel-detail,no,hotel-detail,indexation-audit,P2,provisional,"Programmatic hoteldetail; controleer unieke waarde, actualiteit, canonical en affiliatekwaliteit. Taalpaar ontbreekt: bepaal of lokalisatie of bewust locale-specifiek gebruik nodig is."
en,https://go2-thailand.com/hotel/river-kwai-village-hotel/,/hotel/river-kwai-village-hotel/,/hotel/river-kwai-village-hotel/,hotel-detail,no,hotel-detail,indexation-audit,P2,provisional,"Programmatic hoteldetail; controleer unieke waarde, actualiteit, canonical en affiliatekwaliteit. Taalpaar ontbreekt: bepaal of lokalisatie of bewust locale-specifiek gebruik nodig is."
en,https://go2-thailand.com/hotel/roma-hotel-khon-kaen/,/hotel/roma-hotel-khon-kaen/,/hotel/roma-hotel-khon-kaen/,hotel-detail,no,hotel-detail,indexation-audit,P2,provisional,"Programmatic hoteldetail; controleer unieke waarde, actualiteit, canonical en affiliatekwaliteit. Taalpaar ontbreekt: bepaal of lokalisatie of bewust locale-specifiek gebruik nodig is."
en,https://go2-thailand.com/hotel/romyen-garden-place-hotel/,/hotel/romyen-garden-place-hotel/,/hotel/romyen-garden-place-hotel/,hotel-detail,no,hotel-detail,indexation-audit,P2,provisional,"Programmatic hoteldetail; controleer unieke waarde, actualiteit, canonical en affiliatekwaliteit. Taalpaar ontbreekt: bepaal of lokalisatie of bewust locale-specifiek gebruik nodig is."
en,https://go2-thailand.com/hotel/royal-cliff-grand-hotel/,/hotel/royal-cliff-grand-hotel/,/hotel/royal-cliff-grand-hotel/,hotel-detail,no,hotel-detail,indexation-audit,P2,provisional,"Programmatic hoteldetail; controleer unieke waarde, actualiteit, canonical en affiliatekwaliteit. Taalpaar ontbreekt: bepaal of lokalisatie of bewust locale-specifiek gebruik nodig is."
en,https://go2-thailand.com/hotel/royal-mekong-riverside-hotel/,/hotel/royal-mekong-riverside-hotel/,/hotel/royal-mekong-riverside-hotel/,hotel-detail,no,hotel-detail,indexation-audit,P2,provisional,"Programmatic hoteldetail; controleer unieke waarde, actualiteit, canonical en affiliatekwaliteit. Taalpaar ontbreekt: bepaal of lokalisatie of bewust locale-specifiek gebruik nodig is."
en,https://go2-thailand.com/hotel/rua-rasada-hotel/,/hotel/rua-rasada-hotel/,/hotel/rua-rasada-hotel/,hotel-detail,no,hotel-detail,indexation-audit,P2,provisional,"Programmatic hoteldetail; controleer unieke waarde, actualiteit, canonical en affiliatekwaliteit. Taalpaar ontbreekt: bepaal of lokalisatie of bewust locale-specifiek gebruik nodig is."
en,https://go2-thailand.com/hotel/ruang-nakhon-hotel/,/hotel/ruang-nakhon-hotel/,/hotel/ruang-nakhon-hotel/,hotel-detail,no,hotel-detail,indexation-audit,P2,provisional,"Programmatic hoteldetail; controleer unieke waarde, actualiteit, canonical en affiliatekwaliteit. Taalpaar ontbreekt: bepaal of lokalisatie of bewust locale-specifiek gebruik nodig is."
en,https://go2-thailand.com/hotel/ruean-thai-hotel/,/hotel/ruean-thai-hotel/,/hotel/ruean-thai-hotel/,hotel-detail,no,hotel-detail,indexation-audit,P2,provisional,"Programmatic hoteldetail; controleer unieke waarde, actualiteit, canonical en affiliatekwaliteit. Taalpaar ontbreekt: bepaal of lokalisatie of bewust locale-specifiek gebruik nodig is."
en,https://go2-thailand.com/hotel/ruysuk-mansion/,/hotel/ruysuk-mansion/,/hotel/ruysuk-mansion/,hotel-detail,no,hotel-detail,indexation-audit,P2,provisional,"Programmatic hoteldetail; controleer unieke waarde, actualiteit, canonical en affiliatekwaliteit. Taalpaar ontbreekt: bepaal of lokalisatie of bewust locale-specifiek gebruik nodig is."
en,https://go2-thailand.com/hotel/s22-hotel-suratthani/,/hotel/s22-hotel-suratthani/,/hotel/s22-hotel-suratthani/,hotel-detail,no,hotel-detail,indexation-audit,P2,provisional,"Programmatic hoteldetail; controleer unieke waarde, actualiteit, canonical en affiliatekwaliteit. Taalpaar ontbreekt: bepaal of lokalisatie of bewust locale-specifiek gebruik nodig is."
en,https://go2-thailand.com/hotel/s3-ayutthaya-hotel/,/hotel/s3-ayutthaya-hotel/,/hotel/s3-ayutthaya-hotel/,hotel-detail,no,hotel-detail,indexation-audit,P2,provisional,"Programmatic hoteldetail; controleer unieke waarde, actualiteit, canonical en affiliatekwaliteit. Taalpaar ontbreekt: bepaal of lokalisatie of bewust locale-specifiek gebruik nodig is."
en,https://go2-thailand.com/hotel/sala-ayutthaya/,/hotel/sala-ayutthaya/,/hotel/sala-ayutthaya/,hotel-detail,no,hotel-detail,indexation-audit,P2,provisional,"Programmatic hoteldetail; controleer unieke waarde, actualiteit, canonical en affiliatekwaliteit. Taalpaar ontbreekt: bepaal of lokalisatie of bewust locale-specifiek gebruik nodig is."
en,https://go2-thailand.com/hotel/sala-bang-pa-in/,/hotel/sala-bang-pa-in/,/hotel/sala-bang-pa-in/,hotel-detail,no,hotel-detail,indexation-audit,P2,provisional,"Programmatic hoteldetail; controleer unieke waarde, actualiteit, canonical en affiliatekwaliteit. Taalpaar ontbreekt: bepaal of lokalisatie of bewust locale-specifiek gebruik nodig is."
en,https://go2-thailand.com/hotel/sala-rattanakosin-bangkok/,/hotel/sala-rattanakosin-bangkok/,/hotel/sala-rattanakosin-bangkok/,hotel-detail,no,hotel-detail,indexation-audit,P2,provisional,"Programmatic hoteldetail; controleer unieke waarde, actualiteit, canonical en affiliatekwaliteit. Taalpaar ontbreekt: bepaal of lokalisatie of bewust locale-specifiek gebruik nodig is."
en,https://go2-thailand.com/hotel/samed-cabana-resort/,/hotel/samed-cabana-resort/,/hotel/samed-cabana-resort/,hotel-detail,no,hotel-detail,indexation-audit,P2,provisional,"Programmatic hoteldetail; controleer unieke waarde, actualiteit, canonical en affiliatekwaliteit. Taalpaar ontbreekt: bepaal of lokalisatie of bewust locale-specifiek gebruik nodig is."
en,https://go2-thailand.com/hotel/samui-hostel/,/hotel/samui-hostel/,/hotel/samui-hostel/,hotel-detail,no,hotel-detail,indexation-audit,P2,provisional,"Programmatic hoteldetail; controleer unieke waarde, actualiteit, canonical en affiliatekwaliteit. Taalpaar ontbreekt: bepaal of lokalisatie of bewust locale-specifiek gebruik nodig is."
en,https://go2-thailand.com/hotel/sang-tong-huts/,/hotel/sang-tong-huts/,/hotel/sang-tong-huts/,hotel-detail,no,hotel-detail,indexation-audit,P2,provisional,"Programmatic hoteldetail; controleer unieke waarde, actualiteit, canonical en affiliatekwaliteit. Taalpaar ontbreekt: bepaal of lokalisatie of bewust locale-specifiek gebruik nodig is."
en,https://go2-thailand.com/hotel/santhiya-koh-yao-yai-comparable-eastern-seaboard-luxury-alternative/,/hotel/santhiya-koh-yao-yai-comparable-eastern-seaboard-luxury-alternative/,/hotel/santhiya-koh-yao-yai-comparable-eastern-seaboard-luxury-alternative/,hotel-detail,no,hotel-detail,indexation-audit,P2,provisional,"Programmatic hoteldetail; controleer unieke waarde, actualiteit, canonical en affiliatekwaliteit. Taalpaar ontbreekt: bepaal of lokalisatie of bewust locale-specifiek gebruik nodig is."
en,https://go2-thailand.com/hotel/santhiya-tree-khaoyai-resort/,/hotel/santhiya-tree-khaoyai-resort/,/hotel/santhiya-tree-khaoyai-resort/,hotel-detail,no,hotel-detail,indexation-audit,P2,provisional,"Programmatic hoteldetail; controleer unieke waarde, actualiteit, canonical en affiliatekwaliteit. Taalpaar ontbreekt: bepaal of lokalisatie of bewust locale-specifiek gebruik nodig is."
en,https://go2-thailand.com/hotel/santhiya-tree-koh-chang-resort/,/hotel/santhiya-tree-koh-chang-resort/,/hotel/santhiya-tree-koh-chang-resort/,hotel-detail,no,hotel-detail,indexation-audit,P2,provisional,"Programmatic hoteldetail; controleer unieke waarde, actualiteit, canonical en affiliatekwaliteit. Taalpaar ontbreekt: bepaal of lokalisatie of bewust locale-specifiek gebruik nodig is."
en,https://go2-thailand.com/hotel/sawasdee-siam-pattaya/,/hotel/sawasdee-siam-pattaya/,/hotel/sawasdee-siam-pattaya/,hotel-detail,no,hotel-detail,indexation-audit,P2,provisional,"Programmatic hoteldetail; controleer unieke waarde, actualiteit, canonical en affiliatekwaliteit. Taalpaar ontbreekt: bepaal of lokalisatie of bewust locale-specifiek gebruik nodig is."
en,https://go2-thailand.com/hotel/sea-seeker-krabi-resort/,/hotel/sea-seeker-krabi-resort/,/hotel/sea-seeker-krabi-resort/,hotel-detail,no,hotel-detail,indexation-audit,P2,provisional,"Programmatic hoteldetail; controleer unieke waarde, actualiteit, canonical en affiliatekwaliteit. Taalpaar ontbreekt: bepaal of lokalisatie of bewust locale-specifiek gebruik nodig is."
en,https://go2-thailand.com/hotel/serendipity-beach-resort/,/hotel/serendipity-beach-resort/,/hotel/serendipity-beach-resort/,hotel-detail,no,hotel-detail,indexation-audit,P2,provisional,"Programmatic hoteldetail; controleer unieke waarde, actualiteit, canonical en affiliatekwaliteit. Taalpaar ontbreekt: bepaal of lokalisatie of bewust locale-specifiek gebruik nodig is."
en,https://go2-thailand.com/hotel/serene-at-chiang-khan/,/hotel/serene-at-chiang-khan/,/hotel/serene-at-chiang-khan/,hotel-detail,no,hotel-detail,indexation-audit,P2,provisional,"Programmatic hoteldetail; controleer unieke waarde, actualiteit, canonical en affiliatekwaliteit. Taalpaar ontbreekt: bepaal of lokalisatie of bewust locale-specifiek gebruik nodig is."
en,https://go2-thailand.com/hotel/siam-oriental-hotel/,/hotel/siam-oriental-hotel/,/hotel/siam-oriental-hotel/,hotel-detail,no,hotel-detail,indexation-audit,P2,provisional,"Programmatic hoteldetail; controleer unieke waarde, actualiteit, canonical en affiliatekwaliteit. Taalpaar ontbreekt: bepaal of lokalisatie of bewust locale-specifiek gebruik nodig is."
en,https://go2-thailand.com/hotel/siam-tara-resort-chiangkhong/,/hotel/siam-tara-resort-chiangkhong/,/hotel/siam-tara-resort-chiangkhong/,hotel-detail,no,hotel-detail,indexation-audit,P2,provisional,"Programmatic hoteldetail; controleer unieke waarde, actualiteit, canonical en affiliatekwaliteit. Taalpaar ontbreekt: bepaal of lokalisatie of bewust locale-specifiek gebruik nodig is."
en,https://go2-thailand.com/hotel/silver-reef-b-b/,/hotel/silver-reef-b-b/,/hotel/silver-reef-b-b/,hotel-detail,no,hotel-detail,indexation-audit,P2,provisional,"Programmatic hoteldetail; controleer unieke waarde, actualiteit, canonical en affiliatekwaliteit. Taalpaar ontbreekt: bepaal of lokalisatie of bewust locale-specifiek gebruik nodig is."
en,https://go2-thailand.com/hotel/sinkiat-thani-hotel/,/hotel/sinkiat-thani-hotel/,/hotel/sinkiat-thani-hotel/,hotel-detail,no,hotel-detail,indexation-audit,P2,provisional,"Programmatic hoteldetail; controleer unieke waarde, actualiteit, canonical en affiliatekwaliteit. Taalpaar ontbreekt: bepaal of lokalisatie of bewust locale-specifiek gebruik nodig is."
en,https://go2-thailand.com/hotel/sireeampan-boutique-resort-spa/,/hotel/sireeampan-boutique-resort-spa/,/hotel/sireeampan-boutique-resort-spa/,hotel-detail,no,hotel-detail,indexation-audit,P2,provisional,"Programmatic hoteldetail; controleer unieke waarde, actualiteit, canonical en affiliatekwaliteit. Taalpaar ontbreekt: bepaal of lokalisatie of bewust locale-specifiek gebruik nodig is."
en,https://go2-thailand.com/hotel/six-senses-samui/,/hotel/six-senses-samui/,/hotel/six-senses-samui/,hotel-detail,no,hotel-detail,indexation-audit,P2,provisional,"Programmatic hoteldetail; controleer unieke waarde, actualiteit, canonical en affiliatekwaliteit. Taalpaar ontbreekt: bepaal of lokalisatie of bewust locale-specifiek gebruik nodig is."
en,https://go2-thailand.com/hotel/sleep-box-hostel-suratthani/,/hotel/sleep-box-hostel-suratthani/,/hotel/sleep-box-hostel-suratthani/,hotel-detail,no,hotel-detail,indexation-audit,P2,provisional,"Programmatic hoteldetail; controleer unieke waarde, actualiteit, canonical en affiliatekwaliteit. Taalpaar ontbreekt: bepaal of lokalisatie of bewust locale-specifiek gebruik nodig is."
en,https://go2-thailand.com/hotel/so-bangkok/,/hotel/so-bangkok/,/hotel/so-bangkok/,hotel-detail,no,hotel-detail,indexation-audit,P2,provisional,"Programmatic hoteldetail; controleer unieke waarde, actualiteit, canonical en affiliatekwaliteit. Taalpaar ontbreekt: bepaal of lokalisatie of bewust locale-specifiek gebruik nodig is."
en,https://go2-thailand.com/hotel/sofitel-krabi-phokeethra-golf-spa-resort/,/hotel/sofitel-krabi-phokeethra-golf-spa-resort/,/hotel/sofitel-krabi-phokeethra-golf-spa-resort/,hotel-detail,no,hotel-detail,indexation-audit,P2,provisional,"Programmatic hoteldetail; controleer unieke waarde, actualiteit, canonical en affiliatekwaliteit. Taalpaar ontbreekt: bepaal of lokalisatie of bewust locale-specifiek gebruik nodig is."
en,https://go2-thailand.com/hotel/somerset-pattaya/,/hotel/somerset-pattaya/,/hotel/somerset-pattaya/,hotel-detail,no,hotel-detail,indexation-audit,P2,provisional,"Programmatic hoteldetail; controleer unieke waarde, actualiteit, canonical en affiliatekwaliteit. Taalpaar ontbreekt: bepaal of lokalisatie of bewust locale-specifiek gebruik nodig is."
en,https://go2-thailand.com/hotel/soneva-kiri/,/hotel/soneva-kiri/,/hotel/soneva-kiri/,hotel-detail,no,hotel-detail,indexation-audit,P2,provisional,"Programmatic hoteldetail; controleer unieke waarde, actualiteit, canonical en affiliatekwaliteit. Taalpaar ontbreekt: bepaal of lokalisatie of bewust locale-specifiek gebruik nodig is."
en,https://go2-thailand.com/hotel/sooksomboon-hotel/,/hotel/sooksomboon-hotel/,/hotel/sooksomboon-hotel/,hotel-detail,no,hotel-detail,indexation-audit,P2,provisional,"Programmatic hoteldetail; controleer unieke waarde, actualiteit, canonical en affiliatekwaliteit. Taalpaar ontbreekt: bepaal of lokalisatie of bewust locale-specifiek gebruik nodig is."
en,https://go2-thailand.com/hotel/sp-residence-bueng-kan/,/hotel/sp-residence-bueng-kan/,/hotel/sp-residence-bueng-kan/,hotel-detail,no,hotel-detail,indexation-audit,P2,provisional,"Programmatic hoteldetail; controleer unieke waarde, actualiteit, canonical en affiliatekwaliteit. Taalpaar ontbreekt: bepaal of lokalisatie of bewust locale-specifiek gebruik nodig is."
en,https://go2-thailand.com/hotel/springfield-sea-resort-spa/,/hotel/springfield-sea-resort-spa/,/hotel/springfield-sea-resort-spa/,hotel-detail,no,hotel-detail,indexation-audit,P2,provisional,"Programmatic hoteldetail; controleer unieke waarde, actualiteit, canonical en affiliatekwaliteit. Taalpaar ontbreekt: bepaal of lokalisatie of bewust locale-specifiek gebruik nodig is."
en,https://go2-thailand.com/hotel/sri-intra-hotel/,/hotel/sri-intra-hotel/,/hotel/sri-intra-hotel/,hotel-detail,no,hotel-detail,indexation-audit,P2,provisional,"Programmatic hoteldetail; controleer unieke waarde, actualiteit, canonical en affiliatekwaliteit. Taalpaar ontbreekt: bepaal of lokalisatie of bewust locale-specifiek gebruik nodig is."
en,https://go2-thailand.com/hotel/sri-isaan-hotel/,/hotel/sri-isaan-hotel/,/hotel/sri-isaan-hotel/,hotel-detail,no,hotel-detail,indexation-audit,P2,provisional,"Programmatic hoteldetail; controleer unieke waarde, actualiteit, canonical en affiliatekwaliteit. Taalpaar ontbreekt: bepaal of lokalisatie of bewust locale-specifiek gebruik nodig is."
en,https://go2-thailand.com/hotel/sri-trang-hotel/,/hotel/sri-trang-hotel/,/hotel/sri-trang-hotel/,hotel-detail,no,hotel-detail,indexation-audit,P2,provisional,"Programmatic hoteldetail; controleer unieke waarde, actualiteit, canonical en affiliatekwaliteit. Taalpaar ontbreekt: bepaal of lokalisatie of bewust locale-specifiek gebruik nodig is."
en,https://go2-thailand.com/hotel/sripatana-hotel/,/hotel/sripatana-hotel/,/hotel/sripatana-hotel/,hotel-detail,no,hotel-detail,indexation-audit,P2,provisional,"Programmatic hoteldetail; controleer unieke waarde, actualiteit, canonical en affiliatekwaliteit. Taalpaar ontbreekt: bepaal of lokalisatie of bewust locale-specifiek gebruik nodig is."
en,https://go2-thailand.com/hotel/sriwilai-sukhothai-resort-spa/,/hotel/sriwilai-sukhothai-resort-spa/,/hotel/sriwilai-sukhothai-resort-spa/,hotel-detail,no,hotel-detail,indexation-audit,P2,provisional,"Programmatic hoteldetail; controleer unieke waarde, actualiteit, canonical en affiliatekwaliteit. Taalpaar ontbreekt: bepaal of lokalisatie of bewust locale-specifiek gebruik nodig is."
en,https://go2-thailand.com/hotel/stamps-backpackers/,/hotel/stamps-backpackers/,/hotel/stamps-backpackers/,hotel-detail,no,hotel-detail,indexation-audit,P2,provisional,"Programmatic hoteldetail; controleer unieke waarde, actualiteit, canonical en affiliatekwaliteit. Taalpaar ontbreekt: bepaal of lokalisatie of bewust locale-specifiek gebruik nodig is."
en,https://go2-thailand.com/hotel/story-telling-house-prachinburi-herb-town/,/hotel/story-telling-house-prachinburi-herb-town/,/hotel/story-telling-house-prachinburi-herb-town/,hotel-detail,no,hotel-detail,indexation-audit,P2,provisional,"Programmatic hoteldetail; controleer unieke waarde, actualiteit, canonical en affiliatekwaliteit. Taalpaar ontbreekt: bepaal of lokalisatie of bewust locale-specifiek gebruik nodig is."
en,https://go2-thailand.com/hotel/sukhothai-heritage-resort/,/hotel/sukhothai-heritage-resort/,/hotel/sukhothai-heritage-resort/,hotel-detail,no,hotel-detail,indexation-audit,P2,provisional,"Programmatic hoteldetail; controleer unieke waarde, actualiteit, canonical en affiliatekwaliteit. Taalpaar ontbreekt: bepaal of lokalisatie of bewust locale-specifiek gebruik nodig is."
en,https://go2-thailand.com/hotel/sukhothai-treasure-resort-spa/,/hotel/sukhothai-treasure-resort-spa/,/hotel/sukhothai-treasure-resort-spa/,hotel-detail,no,hotel-detail,indexation-audit,P2,provisional,"Programmatic hoteldetail; controleer unieke waarde, actualiteit, canonical en affiliatekwaliteit. Taalpaar ontbreekt: bepaal of lokalisatie of bewust locale-specifiek gebruik nodig is."
en,https://go2-thailand.com/hotel/sun-hotel-phetchaburi/,/hotel/sun-hotel-phetchaburi/,/hotel/sun-hotel-phetchaburi/,hotel-detail,no,hotel-detail,indexation-audit,P2,provisional,"Programmatic hoteldetail; controleer unieke waarde, actualiteit, canonical en affiliatekwaliteit. Taalpaar ontbreekt: bepaal of lokalisatie of bewust locale-specifiek gebruik nodig is."
en,https://go2-thailand.com/hotel/sunee-grand-hotel/,/hotel/sunee-grand-hotel/,/hotel/sunee-grand-hotel/,hotel-detail,no,hotel-detail,indexation-audit,P2,provisional,"Programmatic hoteldetail; controleer unieke waarde, actualiteit, canonical en affiliatekwaliteit. Taalpaar ontbreekt: bepaal of lokalisatie of bewust locale-specifiek gebruik nodig is."
en,https://go2-thailand.com/hotel/swiss-palazzo-hotel/,/hotel/swiss-palazzo-hotel/,/hotel/swiss-palazzo-hotel/,hotel-detail,no,hotel-detail,indexation-audit,P2,provisional,"Programmatic hoteldetail; controleer unieke waarde, actualiteit, canonical en affiliatekwaliteit. Taalpaar ontbreekt: bepaal of lokalisatie of bewust locale-specifiek gebruik nodig is."
en,https://go2-thailand.com/hotel/tamajun-hotel/,/hotel/tamajun-hotel/,/hotel/tamajun-hotel/,hotel-detail,no,hotel-detail,indexation-audit,P2,provisional,"Programmatic hoteldetail; controleer unieke waarde, actualiteit, canonical en affiliatekwaliteit. Taalpaar ontbreekt: bepaal of lokalisatie of bewust locale-specifiek gebruik nodig is."
en,https://go2-thailand.com/hotel/tanisa-resort/,/hotel/tanisa-resort/,/hotel/tanisa-resort/,hotel-detail,no,hotel-detail,indexation-audit,P2,provisional,"Programmatic hoteldetail; controleer unieke waarde, actualiteit, canonical en affiliatekwaliteit. Taalpaar ontbreekt: bepaal of lokalisatie of bewust locale-specifiek gebruik nodig is."
en,https://go2-thailand.com/hotel/tawan-resort/,/hotel/tawan-resort/,/hotel/tawan-resort/,hotel-detail,no,hotel-detail,indexation-audit,P2,provisional,"Programmatic hoteldetail; controleer unieke waarde, actualiteit, canonical en affiliatekwaliteit. Taalpaar ontbreekt: bepaal of lokalisatie of bewust locale-specifiek gebruik nodig is."
en,https://go2-thailand.com/hotel/tharaburi-resort-sukhothai/,/hotel/tharaburi-resort-sukhothai/,/hotel/tharaburi-resort-sukhothai/,hotel-detail,no,hotel-detail,indexation-audit,P2,provisional,"Programmatic hoteldetail; controleer unieke waarde, actualiteit, canonical en affiliatekwaliteit. Taalpaar ontbreekt: bepaal of lokalisatie of bewust locale-specifiek gebruik nodig is."
en,https://go2-thailand.com/hotel/that-phanom-river-guesthouse/,/hotel/that-phanom-river-guesthouse/,/hotel/that-phanom-river-guesthouse/,hotel-detail,no,hotel-detail,indexation-audit,P2,provisional,"Programmatic hoteldetail; controleer unieke waarde, actualiteit, canonical en affiliatekwaliteit. Taalpaar ontbreekt: bepaal of lokalisatie of bewust locale-specifiek gebruik nodig is."
en,https://go2-thailand.com/hotel/the-avail-ayutthaya/,/hotel/the-avail-ayutthaya/,/hotel/the-avail-ayutthaya/,hotel-detail,no,hotel-detail,indexation-audit,P2,provisional,"Programmatic hoteldetail; controleer unieke waarde, actualiteit, canonical en affiliatekwaliteit. Taalpaar ontbreekt: bepaal of lokalisatie of bewust locale-specifiek gebruik nodig is."
en,https://go2-thailand.com/hotel/the-coconut-hotel/,/hotel/the-coconut-hotel/,/hotel/the-coconut-hotel/,hotel-detail,no,hotel-detail,indexation-audit,P2,provisional,"Programmatic hoteldetail; controleer unieke waarde, actualiteit, canonical en affiliatekwaliteit. Taalpaar ontbreekt: bepaal of lokalisatie of bewust locale-specifiek gebruik nodig is."
en,https://go2-thailand.com/hotel/the-cross-nan/,/hotel/the-cross-nan/,/hotel/the-cross-nan/,hotel-detail,no,hotel-detail,indexation-audit,P2,provisional,"Programmatic hoteldetail; controleer unieke waarde, actualiteit, canonical en affiliatekwaliteit. Taalpaar ontbreekt: bepaal of lokalisatie of bewust locale-specifiek gebruik nodig is."
en,https://go2-thailand.com/hotel/the-crystal-hotel-buriram/,/hotel/the-crystal-hotel-buriram/,/hotel/the-crystal-hotel-buriram/,hotel-detail,no,hotel-detail,indexation-audit,P2,provisional,"Programmatic hoteldetail; controleer unieke waarde, actualiteit, canonical en affiliatekwaliteit. Taalpaar ontbreekt: bepaal of lokalisatie of bewust locale-specifiek gebruik nodig is."
en,https://go2-thailand.com/hotel/the-floathouse-river-kwai/,/hotel/the-floathouse-river-kwai/,/hotel/the-floathouse-river-kwai/,hotel-detail,no,hotel-detail,indexation-audit,P2,provisional,"Programmatic hoteldetail; controleer unieke waarde, actualiteit, canonical en affiliatekwaliteit. Taalpaar ontbreekt: bepaal of lokalisatie of bewust locale-specifiek gebruik nodig is."
en,https://go2-thailand.com/hotel/the-grand-riverside-hotel/,/hotel/the-grand-riverside-hotel/,/hotel/the-grand-riverside-hotel/,hotel-detail,no,hotel-detail,indexation-audit,P2,provisional,"Programmatic hoteldetail; controleer unieke waarde, actualiteit, canonical en affiliatekwaliteit. Taalpaar ontbreekt: bepaal of lokalisatie of bewust locale-specifiek gebruik nodig is."
en,https://go2-thailand.com/hotel/the-greenery-resort-kamphaeng-phet/,/hotel/the-greenery-resort-kamphaeng-phet/,/hotel/the-greenery-resort-kamphaeng-phet/,hotel-detail,no,hotel-detail,indexation-audit,P2,provisional,"Programmatic hoteldetail; controleer unieke waarde, actualiteit, canonical en affiliatekwaliteit. Taalpaar ontbreekt: bepaal of lokalisatie of bewust locale-specifiek gebruik nodig is."
en,https://go2-thailand.com/hotel/the-heritage-nakhon-phanom/,/hotel/the-heritage-nakhon-phanom/,/hotel/the-heritage-nakhon-phanom/,hotel-detail,no,hotel-detail,indexation-audit,P2,provisional,"Programmatic hoteldetail; controleer unieke waarde, actualiteit, canonical en affiliatekwaliteit. Taalpaar ontbreekt: bepaal of lokalisatie of bewust locale-specifiek gebruik nodig is."
en,https://go2-thailand.com/hotel/the-imperial-hotel-convention-centre-korat/,/hotel/the-imperial-hotel-convention-centre-korat/,/hotel/the-imperial-hotel-convention-centre-korat/,hotel-detail,no,hotel-detail,indexation-audit,P2,provisional,"Programmatic hoteldetail; controleer unieke waarde, actualiteit, canonical en affiliatekwaliteit. Taalpaar ontbreekt: bepaal of lokalisatie of bewust locale-specifiek gebruik nodig is."
en,https://go2-thailand.com/hotel/the-imperial-hotel-convention-centre-phitsanulok/,/hotel/the-imperial-hotel-convention-centre-phitsanulok/,/hotel/the-imperial-hotel-convention-centre-phitsanulok/,hotel-detail,no,hotel-detail,indexation-audit,P2,provisional,"Programmatic hoteldetail; controleer unieke waarde, actualiteit, canonical en affiliatekwaliteit. Taalpaar ontbreekt: bepaal of lokalisatie of bewust locale-specifiek gebruik nodig is."
en,https://go2-thailand.com/hotel/the-inside-house/,/hotel/the-inside-house/,/hotel/the-inside-house/,hotel-detail,no,hotel-detail,indexation-audit,P2,provisional,"Programmatic hoteldetail; controleer unieke waarde, actualiteit, canonical en affiliatekwaliteit. Taalpaar ontbreekt: bepaal of lokalisatie of bewust locale-specifiek gebruik nodig is."
en,https://go2-thailand.com/hotel/the-legendha-sukhothai-resort/,/hotel/the-legendha-sukhothai-resort/,/hotel/the-legendha-sukhothai-resort/,hotel-detail,no,hotel-detail,indexation-audit,P2,provisional,"Programmatic hoteldetail; controleer unieke waarde, actualiteit, canonical en affiliatekwaliteit. Taalpaar ontbreekt: bepaal of lokalisatie of bewust locale-specifiek gebruik nodig is."
en,https://go2-thailand.com/hotel/the-nai-harn/,/hotel/the-nai-harn/,/hotel/the-nai-harn/,hotel-detail,no,hotel-detail,indexation-audit,P2,provisional,"Programmatic hoteldetail; controleer unieke waarde, actualiteit, canonical en affiliatekwaliteit. Taalpaar ontbreekt: bepaal of lokalisatie of bewust locale-specifiek gebruik nodig is."
en,https://go2-thailand.com/hotel/the-one-chiang-khan/,/hotel/the-one-chiang-khan/,/hotel/the-one-chiang-khan/,hotel-detail,no,hotel-detail,indexation-audit,P2,provisional,"Programmatic hoteldetail; controleer unieke waarde, actualiteit, canonical en affiliatekwaliteit. Taalpaar ontbreekt: bepaal of lokalisatie of bewust locale-specifiek gebruik nodig is."
en,https://go2-thailand.com/hotel/the-one-hotel-bueng-kan/,/hotel/the-one-hotel-bueng-kan/,/hotel/the-one-hotel-bueng-kan/,hotel-detail,no,hotel-detail,indexation-audit,P2,provisional,"Programmatic hoteldetail; controleer unieke waarde, actualiteit, canonical en affiliatekwaliteit. Taalpaar ontbreekt: bepaal of lokalisatie of bewust locale-specifiek gebruik nodig is."
en,https://go2-thailand.com/hotel/the-original-orange-hotel/,/hotel/the-original-orange-hotel/,/hotel/the-original-orange-hotel/,hotel-detail,no,hotel-detail,indexation-audit,P2,provisional,"Programmatic hoteldetail; controleer unieke waarde, actualiteit, canonical en affiliatekwaliteit. Taalpaar ontbreekt: bepaal of lokalisatie of bewust locale-specifiek gebruik nodig is."
en,https://go2-thailand.com/hotel/the-pannarai-hotel/,/hotel/the-pannarai-hotel/,/hotel/the-pannarai-hotel/,hotel-detail,no,hotel-detail,indexation-audit,P2,provisional,"Programmatic hoteldetail; controleer unieke waarde, actualiteit, canonical en affiliatekwaliteit. Taalpaar ontbreekt: bepaal of lokalisatie of bewust locale-specifiek gebruik nodig is."
en,https://go2-thailand.com/hotel/the-peninsula-bangkok/,/hotel/the-peninsula-bangkok/,/hotel/the-peninsula-bangkok/,hotel-detail,no,hotel-detail,indexation-audit,P2,provisional,"Programmatic hoteldetail; controleer unieke waarde, actualiteit, canonical en affiliatekwaliteit. Taalpaar ontbreekt: bepaal of lokalisatie of bewust locale-specifiek gebruik nodig is."
en,https://go2-thailand.com/hotel/the-riverie-by-katathani/,/hotel/the-riverie-by-katathani/,/hotel/the-riverie-by-katathani/,hotel-detail,no,hotel-detail,indexation-audit,P2,provisional,"Programmatic hoteldetail; controleer unieke waarde, actualiteit, canonical en affiliatekwaliteit. Taalpaar ontbreekt: bepaal of lokalisatie of bewust locale-specifiek gebruik nodig is."
en,https://go2-thailand.com/hotel/the-riverside-guest-house/,/hotel/the-riverside-guest-house/,/hotel/the-riverside-guest-house/,hotel-detail,no,hotel-detail,indexation-audit,P2,provisional,"Programmatic hoteldetail; controleer unieke waarde, actualiteit, canonical en affiliatekwaliteit. Taalpaar ontbreekt: bepaal of lokalisatie of bewust locale-specifiek gebruik nodig is."
en,https://go2-thailand.com/hotel/the-space-hotel-lampang/,/hotel/the-space-hotel-lampang/,/hotel/the-space-hotel-lampang/,hotel-detail,no,hotel-detail,indexation-audit,P2,provisional,"Programmatic hoteldetail; controleer unieke waarde, actualiteit, canonical en affiliatekwaliteit. Taalpaar ontbreekt: bepaal of lokalisatie of bewust locale-specifiek gebruik nodig is."
en,https://go2-thailand.com/hotel/the-sylvan-koh-chang/,/hotel/the-sylvan-koh-chang/,/hotel/the-sylvan-koh-chang/,hotel-detail,no,hotel-detail,indexation-audit,P2,provisional,"Programmatic hoteldetail; controleer unieke waarde, actualiteit, canonical en affiliatekwaliteit. Taalpaar ontbreekt: bepaal of lokalisatie of bewust locale-specifiek gebruik nodig is."
en,https://go2-thailand.com/hotel/the-wooden-house-chanthaburi/,/hotel/the-wooden-house-chanthaburi/,/hotel/the-wooden-house-chanthaburi/,hotel-detail,no,hotel-detail,indexation-audit,P2,provisional,"Programmatic hoteldetail; controleer unieke waarde, actualiteit, canonical en affiliatekwaliteit. Taalpaar ontbreekt: bepaal of lokalisatie of bewust locale-specifiek gebruik nodig is."
en,https://go2-thailand.com/hotel/three-j-guesthouse/,/hotel/three-j-guesthouse/,/hotel/three-j-guesthouse/,hotel-detail,no,hotel-detail,indexation-audit,P2,provisional,"Programmatic hoteldetail; controleer unieke waarde, actualiteit, canonical en affiliatekwaliteit. Taalpaar ontbreekt: bepaal of lokalisatie of bewust locale-specifiek gebruik nodig is."
en,https://go2-thailand.com/hotel/tohsang-khongjiam-resort/,/hotel/tohsang-khongjiam-resort/,/hotel/tohsang-khongjiam-resort/,hotel-detail,no,hotel-detail,indexation-audit,P2,provisional,"Programmatic hoteldetail; controleer unieke waarde, actualiteit, canonical en affiliatekwaliteit. Taalpaar ontbreekt: bepaal of lokalisatie of bewust locale-specifiek gebruik nodig is."
en,https://go2-thailand.com/hotel/tong-mee-house/,/hotel/tong-mee-house/,/hotel/tong-mee-house/,hotel-detail,no,hotel-detail,indexation-audit,P2,provisional,"Programmatic hoteldetail; controleer unieke waarde, actualiteit, canonical en affiliatekwaliteit. Taalpaar ontbreekt: bepaal of lokalisatie of bewust locale-specifiek gebruik nodig is."
en,https://go2-thailand.com/hotel/tonsai-bay-resort/,/hotel/tonsai-bay-resort/,/hotel/tonsai-bay-resort/,hotel-detail,yes,hotel-detail,indexation-audit,P1,provisional,"Programmatic hoteldetail; controleer unieke waarde, actualiteit, canonical en affiliatekwaliteit."
en,https://go2-thailand.com/hotel/topland-hotel-convention-centre/,/hotel/topland-hotel-convention-centre/,/hotel/topland-hotel-convention-centre/,hotel-detail,no,hotel-detail,indexation-audit,P2,provisional,"Programmatic hoteldetail; controleer unieke waarde, actualiteit, canonical en affiliatekwaliteit. Taalpaar ontbreekt: bepaal of lokalisatie of bewust locale-specifiek gebruik nodig is."
en,https://go2-thailand.com/hotel/trang-hotel/,/hotel/trang-hotel/,/hotel/trang-hotel/,hotel-detail,no,hotel-detail,indexation-audit,P2,provisional,"Programmatic hoteldetail; controleer unieke waarde, actualiteit, canonical en affiliatekwaliteit. Taalpaar ontbreekt: bepaal of lokalisatie of bewust locale-specifiek gebruik nodig is."
en,https://go2-thailand.com/hotel/trat-101-hotel/,/hotel/trat-101-hotel/,/hotel/trat-101-hotel/,hotel-detail,no,hotel-detail,indexation-audit,P2,provisional,"Programmatic hoteldetail; controleer unieke waarde, actualiteit, canonical en affiliatekwaliteit. Taalpaar ontbreekt: bepaal of lokalisatie of bewust locale-specifiek gebruik nodig is."
en,https://go2-thailand.com/hotel/twin-lotus-hotel/,/hotel/twin-lotus-hotel/,/hotel/twin-lotus-hotel/,hotel-detail,no,hotel-detail,indexation-audit,P2,provisional,"Programmatic hoteldetail; controleer unieke waarde, actualiteit, canonical en affiliatekwaliteit. Taalpaar ontbreekt: bepaal of lokalisatie of bewust locale-specifiek gebruik nodig is."
en,https://go2-thailand.com/hotel/twinpalms-phuket/,/hotel/twinpalms-phuket/,/hotel/twinpalms-phuket/,hotel-detail,no,hotel-detail,indexation-audit,P2,provisional,"Programmatic hoteldetail; controleer unieke waarde, actualiteit, canonical en affiliatekwaliteit. Taalpaar ontbreekt: bepaal of lokalisatie of bewust locale-specifiek gebruik nodig is."
en,https://go2-thailand.com/hotel/u-chiang-mai/,/hotel/u-chiang-mai/,/hotel/u-chiang-mai/,hotel-detail,no,hotel-detail,indexation-audit,P2,provisional,"Programmatic hoteldetail; controleer unieke waarde, actualiteit, canonical en affiliatekwaliteit. Taalpaar ontbreekt: bepaal of lokalisatie of bewust locale-specifiek gebruik nodig is."
en,https://go2-thailand.com/hotel/u-inchantree-kanchanaburi/,/hotel/u-inchantree-kanchanaburi/,/hotel/u-inchantree-kanchanaburi/,hotel-detail,no,hotel-detail,indexation-audit,P2,provisional,"Programmatic hoteldetail; controleer unieke waarde, actualiteit, canonical en affiliatekwaliteit. Taalpaar ontbreekt: bepaal of lokalisatie of bewust locale-specifiek gebruik nodig is."
en,https://go2-thailand.com/hotel/up2u-guesthouse/,/hotel/up2u-guesthouse/,/hotel/up2u-guesthouse/,hotel-detail,no,hotel-detail,indexation-audit,P2,provisional,"Programmatic hoteldetail; controleer unieke waarde, actualiteit, canonical en affiliatekwaliteit. Taalpaar ontbreekt: bepaal of lokalisatie of bewust locale-specifiek gebruik nodig is."
en,https://go2-thailand.com/hotel/vana-wellness-resort-nongkhai/,/hotel/vana-wellness-resort-nongkhai/,/hotel/vana-wellness-resort-nongkhai/,hotel-detail,no,hotel-detail,indexation-audit,P2,provisional,"Programmatic hoteldetail; controleer unieke waarde, actualiteit, canonical en affiliatekwaliteit. Taalpaar ontbreekt: bepaal of lokalisatie of bewust locale-specifiek gebruik nodig is."
en,https://go2-thailand.com/hotel/veranda-resort-villas-hua-hin---cha-am/,/hotel/veranda-resort-villas-hua-hin---cha-am/,/hotel/veranda-resort-villas-hua-hin---cha-am/,hotel-detail,no,hotel-detail,indexation-audit,P2,provisional,"Programmatic hoteldetail; controleer unieke waarde, actualiteit, canonical en affiliatekwaliteit. Taalpaar ontbreekt: bepaal of lokalisatie of bewust locale-specifiek gebruik nodig is."
en,https://go2-thailand.com/hotel/wan-wang-resort/,/hotel/wan-wang-resort/,/hotel/wan-wang-resort/,hotel-detail,no,hotel-detail,indexation-audit,P2,provisional,"Programmatic hoteldetail; controleer unieke waarde, actualiteit, canonical en affiliatekwaliteit. Taalpaar ontbreekt: bepaal of lokalisatie of bewust locale-specifiek gebruik nodig is."
en,https://go2-thailand.com/hotel/wanderinn-surat-thani/,/hotel/wanderinn-surat-thani/,/hotel/wanderinn-surat-thani/,hotel-detail,no,hotel-detail,indexation-audit,P2,provisional,"Programmatic hoteldetail; controleer unieke waarde, actualiteit, canonical en affiliatekwaliteit. Taalpaar ontbreekt: bepaal of lokalisatie of bewust locale-specifiek gebruik nodig is."
en,https://go2-thailand.com/hotel/wang-gaew-resort/,/hotel/wang-gaew-resort/,/hotel/wang-gaew-resort/,hotel-detail,no,hotel-detail,indexation-audit,P2,provisional,"Programmatic hoteldetail; controleer unieke waarde, actualiteit, canonical en affiliatekwaliteit. Taalpaar ontbreekt: bepaal of lokalisatie of bewust locale-specifiek gebruik nodig is."
en,https://go2-thailand.com/hotel/white-wall-riverfront-hotel/,/hotel/white-wall-riverfront-hotel/,/hotel/white-wall-riverfront-hotel/,hotel-detail,no,hotel-detail,indexation-audit,P2,provisional,"Programmatic hoteldetail; controleer unieke waarde, actualiteit, canonical en affiliatekwaliteit. Taalpaar ontbreekt: bepaal of lokalisatie of bewust locale-specifiek gebruik nodig is."
en,https://go2-thailand.com/hotel/wiang-inn-hotel/,/hotel/wiang-inn-hotel/,/hotel/wiang-inn-hotel/,hotel-detail,no,hotel-detail,indexation-audit,P2,provisional,"Programmatic hoteldetail; controleer unieke waarde, actualiteit, canonical en affiliatekwaliteit. Taalpaar ontbreekt: bepaal of lokalisatie of bewust locale-specifiek gebruik nodig is."
en,https://go2-thailand.com/hotel/wienglakor-hotel/,/hotel/wienglakor-hotel/,/hotel/wienglakor-hotel/,hotel-detail,no,hotel-detail,indexation-audit,P2,provisional,"Programmatic hoteldetail; controleer unieke waarde, actualiteit, canonical en affiliatekwaliteit. Taalpaar ontbreekt: bepaal of lokalisatie of bewust locale-specifiek gebruik nodig is."
en,https://go2-thailand.com/hotel/x2-river-kwai-resort/,/hotel/x2-river-kwai-resort/,/hotel/x2-river-kwai-resort/,hotel-detail,no,hotel-detail,indexation-audit,P2,provisional,"Programmatic hoteldetail; controleer unieke waarde, actualiteit, canonical en affiliatekwaliteit. Taalpaar ontbreekt: bepaal of lokalisatie of bewust locale-specifiek gebruik nodig is."
en,https://go2-thailand.com/hotel/yak-boutique-hostel/,/hotel/yak-boutique-hostel/,/hotel/yak-boutique-hostel/,hotel-detail,no,hotel-detail,indexation-audit,P2,provisional,"Programmatic hoteldetail; controleer unieke waarde, actualiteit, canonical en affiliatekwaliteit. Taalpaar ontbreekt: bepaal of lokalisatie of bewust locale-specifiek gebruik nodig is."
en,https://go2-thailand.com/hotel/yamawa-guesthouse/,/hotel/yamawa-guesthouse/,/hotel/yamawa-guesthouse/,hotel-detail,no,hotel-detail,indexation-audit,P2,provisional,"Programmatic hoteldetail; controleer unieke waarde, actualiteit, canonical en affiliatekwaliteit. Taalpaar ontbreekt: bepaal of lokalisatie of bewust locale-specifiek gebruik nodig is."
en,https://go2-thailand.com/hotel/yis-garden-villa/,/hotel/yis-garden-villa/,/hotel/yis-garden-villa/,hotel-detail,no,hotel-detail,indexation-audit,P2,provisional,"Programmatic hoteldetail; controleer unieke waarde, actualiteit, canonical en affiliatekwaliteit. Taalpaar ontbreekt: bepaal of lokalisatie of bewust locale-specifiek gebruik nodig is."
en,https://go2-thailand.com/hotel/yodia-heritage-hotel/,/hotel/yodia-heritage-hotel/,/hotel/yodia-heritage-hotel/,hotel-detail,no,hotel-detail,indexation-audit,P2,provisional,"Programmatic hoteldetail; controleer unieke waarde, actualiteit, canonical en affiliatekwaliteit. Taalpaar ontbreekt: bepaal of lokalisatie of bewust locale-specifiek gebruik nodig is."
en,https://go2-thailand.com/hotel/zazen-boutique-resort-spa/,/hotel/zazen-boutique-resort-spa/,/hotel/zazen-boutique-resort-spa/,hotel-detail,no,hotel-detail,indexation-audit,P2,provisional,"Programmatic hoteldetail; controleer unieke waarde, actualiteit, canonical en affiliatekwaliteit. Taalpaar ontbreekt: bepaal of lokalisatie of bewust locale-specifiek gebruik nodig is."
en,https://go2-thailand.com/transport/ayutthaya-to-bangkok/,/transport/ayutthaya-to-bangkok/,/transport/ayutthaya-to-bangkok/,transport,no,transport,template-improve,P2,provisional,Schaalbare familie; onderzoek en verbeter eerst het gedeelde template en een pilot-URL. Taalpaar ontbreekt: bepaal of lokalisatie of bewust locale-specifiek gebruik nodig is.
en,https://go2-thailand.com/transport/ayutthaya-to-chiang-mai/,/transport/ayutthaya-to-chiang-mai/,/transport/ayutthaya-to-chiang-mai/,transport,no,transport,template-improve,P2,provisional,Schaalbare familie; onderzoek en verbeter eerst het gedeelde template en een pilot-URL. Taalpaar ontbreekt: bepaal of lokalisatie of bewust locale-specifiek gebruik nodig is.
en,https://go2-thailand.com/transport/ayutthaya-to-hua-hin/,/transport/ayutthaya-to-hua-hin/,/transport/ayutthaya-to-hua-hin/,transport,no,transport,template-improve,P2,provisional,Schaalbare familie; onderzoek en verbeter eerst het gedeelde template en een pilot-URL. Taalpaar ontbreekt: bepaal of lokalisatie of bewust locale-specifiek gebruik nodig is.
en,https://go2-thailand.com/transport/ayutthaya-to-kanchanaburi/,/transport/ayutthaya-to-kanchanaburi/,/transport/ayutthaya-to-kanchanaburi/,transport,no,transport,template-improve,P2,provisional,Schaalbare familie; onderzoek en verbeter eerst het gedeelde template en een pilot-URL. Taalpaar ontbreekt: bepaal of lokalisatie of bewust locale-specifiek gebruik nodig is.
en,https://go2-thailand.com/transport/ayutthaya-to-pattaya/,/transport/ayutthaya-to-pattaya/,/transport/ayutthaya-to-pattaya/,transport,no,transport,template-improve,P2,provisional,Schaalbare familie; onderzoek en verbeter eerst het gedeelde template en een pilot-URL. Taalpaar ontbreekt: bepaal of lokalisatie of bewust locale-specifiek gebruik nodig is.
en,https://go2-thailand.com/transport/ayutthaya-to-phuket/,/transport/ayutthaya-to-phuket/,/transport/ayutthaya-to-phuket/,transport,no,transport,template-improve,P2,provisional,Schaalbare familie; onderzoek en verbeter eerst het gedeelde template en een pilot-URL. Taalpaar ontbreekt: bepaal of lokalisatie of bewust locale-specifiek gebruik nodig is.
en,https://go2-thailand.com/transport/bangkok-to-ayutthaya/,/transport/bangkok-to-ayutthaya/,/transport/bangkok-to-ayutthaya/,transport,no,transport,template-improve,P2,provisional,Schaalbare familie; onderzoek en verbeter eerst het gedeelde template en een pilot-URL. Taalpaar ontbreekt: bepaal of lokalisatie of bewust locale-specifiek gebruik nodig is.
en,https://go2-thailand.com/transport/bangkok-to-chiang-mai/,/transport/bangkok-to-chiang-mai/,/transport/bangkok-to-chiang-mai/,transport,no,transport,template-improve,P2,provisional,Schaalbare familie; onderzoek en verbeter eerst het gedeelde template en een pilot-URL. Taalpaar ontbreekt: bepaal of lokalisatie of bewust locale-specifiek gebruik nodig is.
en,https://go2-thailand.com/transport/bangkok-to-chiang-rai/,/transport/bangkok-to-chiang-rai/,/transport/bangkok-to-chiang-rai/,transport,no,transport,template-improve,P2,provisional,Schaalbare familie; onderzoek en verbeter eerst het gedeelde template en een pilot-URL. Taalpaar ontbreekt: bepaal of lokalisatie of bewust locale-specifiek gebruik nodig is.
en,https://go2-thailand.com/transport/bangkok-to-hua-hin/,/transport/bangkok-to-hua-hin/,/transport/bangkok-to-hua-hin/,transport,no,transport,template-improve,P2,provisional,Schaalbare familie; onderzoek en verbeter eerst het gedeelde template en een pilot-URL. Taalpaar ontbreekt: bepaal of lokalisatie of bewust locale-specifiek gebruik nodig is.
en,https://go2-thailand.com/transport/bangkok-to-kanchanaburi/,/transport/bangkok-to-kanchanaburi/,/transport/bangkok-to-kanchanaburi/,transport,no,transport,template-improve,P2,provisional,Schaalbare familie; onderzoek en verbeter eerst het gedeelde template en een pilot-URL. Taalpaar ontbreekt: bepaal of lokalisatie of bewust locale-specifiek gebruik nodig is.
en,https://go2-thailand.com/transport/bangkok-to-koh-samui/,/transport/bangkok-to-koh-samui/,/transport/bangkok-to-koh-samui/,transport,no,transport,template-improve,P2,provisional,Schaalbare familie; onderzoek en verbeter eerst het gedeelde template en een pilot-URL. Taalpaar ontbreekt: bepaal of lokalisatie of bewust locale-specifiek gebruik nodig is.
en,https://go2-thailand.com/transport/bangkok-to-krabi/,/transport/bangkok-to-krabi/,/transport/bangkok-to-krabi/,transport,no,transport,template-improve,P2,provisional,Schaalbare familie; onderzoek en verbeter eerst het gedeelde template en een pilot-URL. Taalpaar ontbreekt: bepaal of lokalisatie of bewust locale-specifiek gebruik nodig is.
en,https://go2-thailand.com/transport/bangkok-to-pai/,/transport/bangkok-to-pai/,/transport/bangkok-to-pai/,transport,no,transport,template-improve,P2,provisional,Schaalbare familie; onderzoek en verbeter eerst het gedeelde template en een pilot-URL. Taalpaar ontbreekt: bepaal of lokalisatie of bewust locale-specifiek gebruik nodig is.
en,https://go2-thailand.com/transport/bangkok-to-pattaya/,/transport/bangkok-to-pattaya/,/transport/bangkok-to-pattaya/,transport,no,transport,template-improve,P2,provisional,Schaalbare familie; onderzoek en verbeter eerst het gedeelde template en een pilot-URL. Taalpaar ontbreekt: bepaal of lokalisatie of bewust locale-specifiek gebruik nodig is.
en,https://go2-thailand.com/transport/bangkok-to-phuket/,/transport/bangkok-to-phuket/,/transport/bangkok-to-phuket/,transport,no,transport,template-improve,P2,provisional,Schaalbare familie; onderzoek en verbeter eerst het gedeelde template en een pilot-URL. Taalpaar ontbreekt: bepaal of lokalisatie of bewust locale-specifiek gebruik nodig is.
en,https://go2-thailand.com/transport/chiang-mai-to-ayutthaya/,/transport/chiang-mai-to-ayutthaya/,/transport/chiang-mai-to-ayutthaya/,transport,no,transport,template-improve,P2,provisional,Schaalbare familie; onderzoek en verbeter eerst het gedeelde template en een pilot-URL. Taalpaar ontbreekt: bepaal of lokalisatie of bewust locale-specifiek gebruik nodig is.
en,https://go2-thailand.com/transport/chiang-mai-to-bangkok/,/transport/chiang-mai-to-bangkok/,/transport/chiang-mai-to-bangkok/,transport,no,transport,template-improve,P2,provisional,Schaalbare familie; onderzoek en verbeter eerst het gedeelde template en een pilot-URL. Taalpaar ontbreekt: bepaal of lokalisatie of bewust locale-specifiek gebruik nodig is.
en,https://go2-thailand.com/transport/chiang-mai-to-chiang-rai/,/transport/chiang-mai-to-chiang-rai/,/transport/chiang-mai-to-chiang-rai/,transport,no,transport,template-improve,P2,provisional,Schaalbare familie; onderzoek en verbeter eerst het gedeelde template en een pilot-URL. Taalpaar ontbreekt: bepaal of lokalisatie of bewust locale-specifiek gebruik nodig is.
en,https://go2-thailand.com/transport/chiang-mai-to-hua-hin/,/transport/chiang-mai-to-hua-hin/,/transport/chiang-mai-to-hua-hin/,transport,no,transport,template-improve,P2,provisional,Schaalbare familie; onderzoek en verbeter eerst het gedeelde template en een pilot-URL. Taalpaar ontbreekt: bepaal of lokalisatie of bewust locale-specifiek gebruik nodig is.
en,https://go2-thailand.com/transport/chiang-mai-to-kanchanaburi/,/transport/chiang-mai-to-kanchanaburi/,/transport/chiang-mai-to-kanchanaburi/,transport,no,transport,template-improve,P2,provisional,Schaalbare familie; onderzoek en verbeter eerst het gedeelde template en een pilot-URL. Taalpaar ontbreekt: bepaal of lokalisatie of bewust locale-specifiek gebruik nodig is.
en,https://go2-thailand.com/transport/chiang-mai-to-koh-samui/,/transport/chiang-mai-to-koh-samui/,/transport/chiang-mai-to-koh-samui/,transport,no,transport,template-improve,P2,provisional,Schaalbare familie; onderzoek en verbeter eerst het gedeelde template en een pilot-URL. Taalpaar ontbreekt: bepaal of lokalisatie of bewust locale-specifiek gebruik nodig is.
en,https://go2-thailand.com/transport/chiang-mai-to-krabi/,/transport/chiang-mai-to-krabi/,/transport/chiang-mai-to-krabi/,transport,no,transport,template-improve,P2,provisional,Schaalbare familie; onderzoek en verbeter eerst het gedeelde template en een pilot-URL. Taalpaar ontbreekt: bepaal of lokalisatie of bewust locale-specifiek gebruik nodig is.
en,https://go2-thailand.com/transport/chiang-mai-to-pai/,/transport/chiang-mai-to-pai/,/transport/chiang-mai-to-pai/,transport,no,transport,template-improve,P2,provisional,Schaalbare familie; onderzoek en verbeter eerst het gedeelde template en een pilot-URL. Taalpaar ontbreekt: bepaal of lokalisatie of bewust locale-specifiek gebruik nodig is.
en,https://go2-thailand.com/transport/chiang-mai-to-pattaya/,/transport/chiang-mai-to-pattaya/,/transport/chiang-mai-to-pattaya/,transport,no,transport,template-improve,P2,provisional,Schaalbare familie; onderzoek en verbeter eerst het gedeelde template en een pilot-URL. Taalpaar ontbreekt: bepaal of lokalisatie of bewust locale-specifiek gebruik nodig is.
en,https://go2-thailand.com/transport/chiang-rai-to-bangkok/,/transport/chiang-rai-to-bangkok/,/transport/chiang-rai-to-bangkok/,transport,no,transport,template-improve,P2,provisional,Schaalbare familie; onderzoek en verbeter eerst het gedeelde template en een pilot-URL. Taalpaar ontbreekt: bepaal of lokalisatie of bewust locale-specifiek gebruik nodig is.
en,https://go2-thailand.com/transport/chiang-rai-to-chiang-mai/,/transport/chiang-rai-to-chiang-mai/,/transport/chiang-rai-to-chiang-mai/,transport,no,transport,template-improve,P2,provisional,Schaalbare familie; onderzoek en verbeter eerst het gedeelde template en een pilot-URL. Taalpaar ontbreekt: bepaal of lokalisatie of bewust locale-specifiek gebruik nodig is.
en,https://go2-thailand.com/transport/chiang-rai-to-pai/,/transport/chiang-rai-to-pai/,/transport/chiang-rai-to-pai/,transport,no,transport,template-improve,P2,provisional,Schaalbare familie; onderzoek en verbeter eerst het gedeelde template en een pilot-URL. Taalpaar ontbreekt: bepaal of lokalisatie of bewust locale-specifiek gebruik nodig is.
en,https://go2-thailand.com/transport/chiang-rai-to-phuket/,/transport/chiang-rai-to-phuket/,/transport/chiang-rai-to-phuket/,transport,no,transport,template-improve,P2,provisional,Schaalbare familie; onderzoek en verbeter eerst het gedeelde template en een pilot-URL. Taalpaar ontbreekt: bepaal of lokalisatie of bewust locale-specifiek gebruik nodig is.
en,https://go2-thailand.com/transport/hua-hin-to-ayutthaya/,/transport/hua-hin-to-ayutthaya/,/transport/hua-hin-to-ayutthaya/,transport,no,transport,template-improve,P2,provisional,Schaalbare familie; onderzoek en verbeter eerst het gedeelde template en een pilot-URL. Taalpaar ontbreekt: bepaal of lokalisatie of bewust locale-specifiek gebruik nodig is.
en,https://go2-thailand.com/transport/hua-hin-to-bangkok/,/transport/hua-hin-to-bangkok/,/transport/hua-hin-to-bangkok/,transport,no,transport,template-improve,P2,provisional,Schaalbare familie; onderzoek en verbeter eerst het gedeelde template en een pilot-URL. Taalpaar ontbreekt: bepaal of lokalisatie of bewust locale-specifiek gebruik nodig is.
en,https://go2-thailand.com/transport/hua-hin-to-chiang-mai/,/transport/hua-hin-to-chiang-mai/,/transport/hua-hin-to-chiang-mai/,transport,no,transport,template-improve,P2,provisional,Schaalbare familie; onderzoek en verbeter eerst het gedeelde template en een pilot-URL. Taalpaar ontbreekt: bepaal of lokalisatie of bewust locale-specifiek gebruik nodig is.
en,https://go2-thailand.com/transport/hua-hin-to-kanchanaburi/,/transport/hua-hin-to-kanchanaburi/,/transport/hua-hin-to-kanchanaburi/,transport,no,transport,template-improve,P2,provisional,Schaalbare familie; onderzoek en verbeter eerst het gedeelde template en een pilot-URL. Taalpaar ontbreekt: bepaal of lokalisatie of bewust locale-specifiek gebruik nodig is.
en,https://go2-thailand.com/transport/hua-hin-to-krabi/,/transport/hua-hin-to-krabi/,/transport/hua-hin-to-krabi/,transport,no,transport,template-improve,P2,provisional,Schaalbare familie; onderzoek en verbeter eerst het gedeelde template en een pilot-URL. Taalpaar ontbreekt: bepaal of lokalisatie of bewust locale-specifiek gebruik nodig is.
en,https://go2-thailand.com/transport/hua-hin-to-pattaya/,/transport/hua-hin-to-pattaya/,/transport/hua-hin-to-pattaya/,transport,no,transport,template-improve,P2,provisional,Schaalbare familie; onderzoek en verbeter eerst het gedeelde template en een pilot-URL. Taalpaar ontbreekt: bepaal of lokalisatie of bewust locale-specifiek gebruik nodig is.
en,https://go2-thailand.com/transport/hua-hin-to-phuket/,/transport/hua-hin-to-phuket/,/transport/hua-hin-to-phuket/,transport,no,transport,template-improve,P2,provisional,Schaalbare familie; onderzoek en verbeter eerst het gedeelde template en een pilot-URL. Taalpaar ontbreekt: bepaal of lokalisatie of bewust locale-specifiek gebruik nodig is.
en,https://go2-thailand.com/transport/kanchanaburi-to-ayutthaya/,/transport/kanchanaburi-to-ayutthaya/,/transport/kanchanaburi-to-ayutthaya/,transport,no,transport,template-improve,P2,provisional,Schaalbare familie; onderzoek en verbeter eerst het gedeelde template en een pilot-URL. Taalpaar ontbreekt: bepaal of lokalisatie of bewust locale-specifiek gebruik nodig is.
en,https://go2-thailand.com/transport/kanchanaburi-to-bangkok/,/transport/kanchanaburi-to-bangkok/,/transport/kanchanaburi-to-bangkok/,transport,no,transport,template-improve,P2,provisional,Schaalbare familie; onderzoek en verbeter eerst het gedeelde template en een pilot-URL. Taalpaar ontbreekt: bepaal of lokalisatie of bewust locale-specifiek gebruik nodig is.
en,https://go2-thailand.com/transport/kanchanaburi-to-chiang-mai/,/transport/kanchanaburi-to-chiang-mai/,/transport/kanchanaburi-to-chiang-mai/,transport,no,transport,template-improve,P2,provisional,Schaalbare familie; onderzoek en verbeter eerst het gedeelde template en een pilot-URL. Taalpaar ontbreekt: bepaal of lokalisatie of bewust locale-specifiek gebruik nodig is.
en,https://go2-thailand.com/transport/kanchanaburi-to-hua-hin/,/transport/kanchanaburi-to-hua-hin/,/transport/kanchanaburi-to-hua-hin/,transport,no,transport,template-improve,P2,provisional,Schaalbare familie; onderzoek en verbeter eerst het gedeelde template en een pilot-URL. Taalpaar ontbreekt: bepaal of lokalisatie of bewust locale-specifiek gebruik nodig is.
en,https://go2-thailand.com/transport/kanchanaburi-to-pattaya/,/transport/kanchanaburi-to-pattaya/,/transport/kanchanaburi-to-pattaya/,transport,no,transport,template-improve,P2,provisional,Schaalbare familie; onderzoek en verbeter eerst het gedeelde template en een pilot-URL. Taalpaar ontbreekt: bepaal of lokalisatie of bewust locale-specifiek gebruik nodig is.
en,https://go2-thailand.com/transport/kanchanaburi-to-phuket/,/transport/kanchanaburi-to-phuket/,/transport/kanchanaburi-to-phuket/,transport,no,transport,template-improve,P2,provisional,Schaalbare familie; onderzoek en verbeter eerst het gedeelde template en een pilot-URL. Taalpaar ontbreekt: bepaal of lokalisatie of bewust locale-specifiek gebruik nodig is.
en,https://go2-thailand.com/transport/koh-samui-to-bangkok/,/transport/koh-samui-to-bangkok/,/transport/koh-samui-to-bangkok/,transport,no,transport,template-improve,P2,provisional,Schaalbare familie; onderzoek en verbeter eerst het gedeelde template en een pilot-URL. Taalpaar ontbreekt: bepaal of lokalisatie of bewust locale-specifiek gebruik nodig is.
en,https://go2-thailand.com/transport/koh-samui-to-chiang-mai/,/transport/koh-samui-to-chiang-mai/,/transport/koh-samui-to-chiang-mai/,transport,no,transport,template-improve,P2,provisional,Schaalbare familie; onderzoek en verbeter eerst het gedeelde template en een pilot-URL. Taalpaar ontbreekt: bepaal of lokalisatie of bewust locale-specifiek gebruik nodig is.
en,https://go2-thailand.com/transport/koh-samui-to-krabi/,/transport/koh-samui-to-krabi/,/transport/koh-samui-to-krabi/,transport,no,transport,template-improve,P2,provisional,Schaalbare familie; onderzoek en verbeter eerst het gedeelde template en een pilot-URL. Taalpaar ontbreekt: bepaal of lokalisatie of bewust locale-specifiek gebruik nodig is.
en,https://go2-thailand.com/transport/koh-samui-to-phuket/,/transport/koh-samui-to-phuket/,/transport/koh-samui-to-phuket/,transport,no,transport,template-improve,P2,provisional,Schaalbare familie; onderzoek en verbeter eerst het gedeelde template en een pilot-URL. Taalpaar ontbreekt: bepaal of lokalisatie of bewust locale-specifiek gebruik nodig is.
en,https://go2-thailand.com/transport/krabi-to-bangkok/,/transport/krabi-to-bangkok/,/transport/krabi-to-bangkok/,transport,no,transport,template-improve,P2,provisional,Schaalbare familie; onderzoek en verbeter eerst het gedeelde template en een pilot-URL. Taalpaar ontbreekt: bepaal of lokalisatie of bewust locale-specifiek gebruik nodig is.
en,https://go2-thailand.com/transport/krabi-to-chiang-mai/,/transport/krabi-to-chiang-mai/,/transport/krabi-to-chiang-mai/,transport,no,transport,template-improve,P2,provisional,Schaalbare familie; onderzoek en verbeter eerst het gedeelde template en een pilot-URL. Taalpaar ontbreekt: bepaal of lokalisatie of bewust locale-specifiek gebruik nodig is.
en,https://go2-thailand.com/transport/krabi-to-hua-hin/,/transport/krabi-to-hua-hin/,/transport/krabi-to-hua-hin/,transport,no,transport,template-improve,P2,provisional,Schaalbare familie; onderzoek en verbeter eerst het gedeelde template en een pilot-URL. Taalpaar ontbreekt: bepaal of lokalisatie of bewust locale-specifiek gebruik nodig is.
en,https://go2-thailand.com/transport/krabi-to-koh-samui/,/transport/krabi-to-koh-samui/,/transport/krabi-to-koh-samui/,transport,no,transport,template-improve,P2,provisional,Schaalbare familie; onderzoek en verbeter eerst het gedeelde template en een pilot-URL. Taalpaar ontbreekt: bepaal of lokalisatie of bewust locale-specifiek gebruik nodig is.
en,https://go2-thailand.com/transport/krabi-to-pattaya/,/transport/krabi-to-pattaya/,/transport/krabi-to-pattaya/,transport,no,transport,template-improve,P2,provisional,Schaalbare familie; onderzoek en verbeter eerst het gedeelde template en een pilot-URL. Taalpaar ontbreekt: bepaal of lokalisatie of bewust locale-specifiek gebruik nodig is.
en,https://go2-thailand.com/transport/krabi-to-phuket/,/transport/krabi-to-phuket/,/transport/krabi-to-phuket/,transport,no,transport,template-improve,P2,provisional,Schaalbare familie; onderzoek en verbeter eerst het gedeelde template en een pilot-URL. Taalpaar ontbreekt: bepaal of lokalisatie of bewust locale-specifiek gebruik nodig is.
en,https://go2-thailand.com/transport/pai-to-bangkok/,/transport/pai-to-bangkok/,/transport/pai-to-bangkok/,transport,no,transport,template-improve,P2,provisional,Schaalbare familie; onderzoek en verbeter eerst het gedeelde template en een pilot-URL. Taalpaar ontbreekt: bepaal of lokalisatie of bewust locale-specifiek gebruik nodig is.
en,https://go2-thailand.com/transport/pai-to-chiang-mai/,/transport/pai-to-chiang-mai/,/transport/pai-to-chiang-mai/,transport,no,transport,template-improve,P2,provisional,Schaalbare familie; onderzoek en verbeter eerst het gedeelde template en een pilot-URL. Taalpaar ontbreekt: bepaal of lokalisatie of bewust locale-specifiek gebruik nodig is.
en,https://go2-thailand.com/transport/pai-to-chiang-rai/,/transport/pai-to-chiang-rai/,/transport/pai-to-chiang-rai/,transport,no,transport,template-improve,P2,provisional,Schaalbare familie; onderzoek en verbeter eerst het gedeelde template en een pilot-URL. Taalpaar ontbreekt: bepaal of lokalisatie of bewust locale-specifiek gebruik nodig is.
en,https://go2-thailand.com/transport/pattaya-to-ayutthaya/,/transport/pattaya-to-ayutthaya/,/transport/pattaya-to-ayutthaya/,transport,no,transport,template-improve,P2,provisional,Schaalbare familie; onderzoek en verbeter eerst het gedeelde template en een pilot-URL. Taalpaar ontbreekt: bepaal of lokalisatie of bewust locale-specifiek gebruik nodig is.
en,https://go2-thailand.com/transport/pattaya-to-bangkok/,/transport/pattaya-to-bangkok/,/transport/pattaya-to-bangkok/,transport,no,transport,template-improve,P2,provisional,Schaalbare familie; onderzoek en verbeter eerst het gedeelde template en een pilot-URL. Taalpaar ontbreekt: bepaal of lokalisatie of bewust locale-specifiek gebruik nodig is.
en,https://go2-thailand.com/transport/pattaya-to-chiang-mai/,/transport/pattaya-to-chiang-mai/,/transport/pattaya-to-chiang-mai/,transport,no,transport,template-improve,P2,provisional,Schaalbare familie; onderzoek en verbeter eerst het gedeelde template en een pilot-URL. Taalpaar ontbreekt: bepaal of lokalisatie of bewust locale-specifiek gebruik nodig is.
en,https://go2-thailand.com/transport/pattaya-to-hua-hin/,/transport/pattaya-to-hua-hin/,/transport/pattaya-to-hua-hin/,transport,no,transport,template-improve,P2,provisional,Schaalbare familie; onderzoek en verbeter eerst het gedeelde template en een pilot-URL. Taalpaar ontbreekt: bepaal of lokalisatie of bewust locale-specifiek gebruik nodig is.
en,https://go2-thailand.com/transport/pattaya-to-kanchanaburi/,/transport/pattaya-to-kanchanaburi/,/transport/pattaya-to-kanchanaburi/,transport,no,transport,template-improve,P2,provisional,Schaalbare familie; onderzoek en verbeter eerst het gedeelde template en een pilot-URL. Taalpaar ontbreekt: bepaal of lokalisatie of bewust locale-specifiek gebruik nodig is.
en,https://go2-thailand.com/transport/pattaya-to-krabi/,/transport/pattaya-to-krabi/,/transport/pattaya-to-krabi/,transport,no,transport,template-improve,P2,provisional,Schaalbare familie; onderzoek en verbeter eerst het gedeelde template en een pilot-URL. Taalpaar ontbreekt: bepaal of lokalisatie of bewust locale-specifiek gebruik nodig is.
en,https://go2-thailand.com/transport/phuket-to-ayutthaya/,/transport/phuket-to-ayutthaya/,/transport/phuket-to-ayutthaya/,transport,no,transport,template-improve,P2,provisional,Schaalbare familie; onderzoek en verbeter eerst het gedeelde template en een pilot-URL. Taalpaar ontbreekt: bepaal of lokalisatie of bewust locale-specifiek gebruik nodig is.
en,https://go2-thailand.com/transport/phuket-to-bangkok/,/transport/phuket-to-bangkok/,/transport/phuket-to-bangkok/,transport,no,transport,template-improve,P2,provisional,Schaalbare familie; onderzoek en verbeter eerst het gedeelde template en een pilot-URL. Taalpaar ontbreekt: bepaal of lokalisatie of bewust locale-specifiek gebruik nodig is.
en,https://go2-thailand.com/transport/phuket-to-chiang-mai/,/transport/phuket-to-chiang-mai/,/transport/phuket-to-chiang-mai/,transport,no,transport,template-improve,P2,provisional,Schaalbare familie; onderzoek en verbeter eerst het gedeelde template en een pilot-URL. Taalpaar ontbreekt: bepaal of lokalisatie of bewust locale-specifiek gebruik nodig is.
en,https://go2-thailand.com/transport/phuket-to-chiang-rai/,/transport/phuket-to-chiang-rai/,/transport/phuket-to-chiang-rai/,transport,no,transport,template-improve,P2,provisional,Schaalbare familie; onderzoek en verbeter eerst het gedeelde template en een pilot-URL. Taalpaar ontbreekt: bepaal of lokalisatie of bewust locale-specifiek gebruik nodig is.
en,https://go2-thailand.com/transport/phuket-to-hua-hin/,/transport/phuket-to-hua-hin/,/transport/phuket-to-hua-hin/,transport,no,transport,template-improve,P2,provisional,Schaalbare familie; onderzoek en verbeter eerst het gedeelde template en een pilot-URL. Taalpaar ontbreekt: bepaal of lokalisatie of bewust locale-specifiek gebruik nodig is.
en,https://go2-thailand.com/transport/phuket-to-kanchanaburi/,/transport/phuket-to-kanchanaburi/,/transport/phuket-to-kanchanaburi/,transport,no,transport,template-improve,P2,provisional,Schaalbare familie; onderzoek en verbeter eerst het gedeelde template en een pilot-URL. Taalpaar ontbreekt: bepaal of lokalisatie of bewust locale-specifiek gebruik nodig is.
en,https://go2-thailand.com/transport/phuket-to-koh-samui/,/transport/phuket-to-koh-samui/,/transport/phuket-to-koh-samui/,transport,no,transport,template-improve,P2,provisional,Schaalbare familie; onderzoek en verbeter eerst het gedeelde template en een pilot-URL. Taalpaar ontbreekt: bepaal of lokalisatie of bewust locale-specifiek gebruik nodig is.
en,https://go2-thailand.com/transport/phuket-to-krabi/,/transport/phuket-to-krabi/,/transport/phuket-to-krabi/,transport,no,transport,template-improve,P2,provisional,Schaalbare familie; onderzoek en verbeter eerst het gedeelde template en een pilot-URL. Taalpaar ontbreekt: bepaal of lokalisatie of bewust locale-specifiek gebruik nodig is.
en,https://go2-thailand.com/blog/best-thai-islands-rainy-season/,/blog/best-thai-islands-rainy-season/,/blog/best-thai-islands-rainy-season/,blog,no,editorial,freshness-audit,P2,provisional,"Controleer zoekintentie, feiten, datumclaims, interne links en consolidatiekansen. Taalpaar ontbreekt: bepaal of lokalisatie of bewust locale-specifiek gebruik nodig is."
en,https://go2-thailand.com/blog/airport-to-city-transfer-options-bangkok-phuket-chiang-mai/,/blog/airport-to-city-transfer-options-bangkok-phuket-chiang-mai/,/blog/airport-to-city-transfer-options-bangkok-phuket-chiang-mai/,blog,no,editorial,freshness-audit,P2,provisional,"Controleer zoekintentie, feiten, datumclaims, interne links en consolidatiekansen. Taalpaar ontbreekt: bepaal of lokalisatie of bewust locale-specifiek gebruik nodig is."
en,https://go2-thailand.com/blog/thailand-health-vaccinations-doctors-recommend/,/blog/thailand-health-vaccinations-doctors-recommend/,/blog/thailand-health-vaccinations-doctors-recommend/,blog,no,editorial,freshness-audit,P2,provisional,"Controleer zoekintentie, feiten, datumclaims, interne links en consolidatiekansen. Taalpaar ontbreekt: bepaal of lokalisatie of bewust locale-specifiek gebruik nodig is."
en,https://go2-thailand.com/blog/bangkok-beyond-temples-local-guide/,/blog/bangkok-beyond-temples-local-guide/,/blog/bangkok-beyond-temples-local-guide/,blog,no,editorial,freshness-audit,P2,provisional,"Controleer zoekintentie, feiten, datumclaims, interne links en consolidatiekansen. Taalpaar ontbreekt: bepaal of lokalisatie of bewust locale-specifiek gebruik nodig is."
en,https://go2-thailand.com/blog/must-try-thai-dishes-first-time-visitors/,/blog/must-try-thai-dishes-first-time-visitors/,/blog/must-try-thai-dishes-first-time-visitors/,blog,no,editorial,freshness-audit,P2,provisional,"Controleer zoekintentie, feiten, datumclaims, interne links en consolidatiekansen. Taalpaar ontbreekt: bepaal of lokalisatie of bewust locale-specifiek gebruik nodig is."
en,https://go2-thailand.com/blog/best-snorkeling-spots-thailand-water-clarity/,/blog/best-snorkeling-spots-thailand-water-clarity/,/blog/best-snorkeling-spots-thailand-water-clarity/,blog,no,editorial,freshness-audit,P2,provisional,"Controleer zoekintentie, feiten, datumclaims, interne links en consolidatiekansen. Taalpaar ontbreekt: bepaal of lokalisatie of bewust locale-specifiek gebruik nodig is."
en,https://go2-thailand.com/blog/hidden-gems-chiang-mai/,/blog/hidden-gems-chiang-mai/,/blog/hidden-gems-chiang-mai/,blog,no,editorial,freshness-audit,P2,provisional,"Controleer zoekintentie, feiten, datumclaims, interne links en consolidatiekansen. Taalpaar ontbreekt: bepaal of lokalisatie of bewust locale-specifiek gebruik nodig is."
en,https://go2-thailand.com/blog/thailand-visa-changes-2026/,/blog/thailand-visa-changes-2026/,/blog/thailand-visa-changes-2026/,blog,no,editorial,freshness-audit,P2,provisional,"Controleer zoekintentie, feiten, datumclaims, interne links en consolidatiekansen. Taalpaar ontbreekt: bepaal of lokalisatie of bewust locale-specifiek gebruik nodig is."
en,https://go2-thailand.com/blog/christmas-new-year-thailand-celebrate/,/blog/christmas-new-year-thailand-celebrate/,/blog/christmas-new-year-thailand-celebrate/,blog,no,editorial,freshness-audit,P2,provisional,"Controleer zoekintentie, feiten, datumclaims, interne links en consolidatiekansen. Taalpaar ontbreekt: bepaal of lokalisatie of bewust locale-specifiek gebruik nodig is."
en,https://go2-thailand.com/blog/chiang-rai-day-trip-white-temple-golden-triangle/,/blog/chiang-rai-day-trip-white-temple-golden-triangle/,/blog/chiang-rai-day-trip-white-temple-golden-triangle/,blog,no,editorial,freshness-audit,P2,provisional,"Controleer zoekintentie, feiten, datumclaims, interne links en consolidatiekansen. Taalpaar ontbreekt: bepaal of lokalisatie of bewust locale-specifiek gebruik nodig is."
en,https://go2-thailand.com/blog/ayutthaya-day-trip-bangkok-ancient-ruins/,/blog/ayutthaya-day-trip-bangkok-ancient-ruins/,/blog/ayutthaya-day-trip-bangkok-ancient-ruins/,blog,no,editorial,freshness-audit,P2,provisional,"Controleer zoekintentie, feiten, datumclaims, interne links en consolidatiekansen. Taalpaar ontbreekt: bepaal of lokalisatie of bewust locale-specifiek gebruik nodig is."
en,https://go2-thailand.com/blog/thailand-health-vaccinations/,/blog/thailand-health-vaccinations/,/blog/thailand-health-vaccinations/,blog,no,editorial,freshness-audit,P2,provisional,"Controleer zoekintentie, feiten, datumclaims, interne links en consolidatiekansen. Taalpaar ontbreekt: bepaal of lokalisatie of bewust locale-specifiek gebruik nodig is."
en,https://go2-thailand.com/blog/money-atms-exchange-rates-tipping-thailand/,/blog/money-atms-exchange-rates-tipping-thailand/,/blog/money-atms-exchange-rates-tipping-thailand/,blog,no,editorial,freshness-audit,P2,provisional,"Controleer zoekintentie, feiten, datumclaims, interne links en consolidatiekansen. Taalpaar ontbreekt: bepaal of lokalisatie of bewust locale-specifiek gebruik nodig is."
en,https://go2-thailand.com/blog/hua-hin-travel-guide/,/blog/hua-hin-travel-guide/,/blog/hua-hin-travel-guide/,blog,no,editorial,freshness-audit,P2,provisional,"Controleer zoekintentie, feiten, datumclaims, interne links en consolidatiekansen. Taalpaar ontbreekt: bepaal of lokalisatie of bewust locale-specifiek gebruik nodig is."
en,https://go2-thailand.com/blog/vegan-vegetarian-food-guide-thailand/,/blog/vegan-vegetarian-food-guide-thailand/,/blog/vegan-vegetarian-food-guide-thailand/,blog,no,editorial,freshness-audit,P2,provisional,"Controleer zoekintentie, feiten, datumclaims, interne links en consolidatiekansen. Taalpaar ontbreekt: bepaal of lokalisatie of bewust locale-specifiek gebruik nodig is."
en,https://go2-thailand.com/blog/loy-krathong-festival-lantern-release/,/blog/loy-krathong-festival-lantern-release/,/blog/loy-krathong-festival-lantern-release/,blog,no,editorial,freshness-audit,P2,provisional,"Controleer zoekintentie, feiten, datumclaims, interne links en consolidatiekansen. Taalpaar ontbreekt: bepaal of lokalisatie of bewust locale-specifiek gebruik nodig is."
en,https://go2-thailand.com/blog/thailand-king-cobra-season-travelers-guide/,/blog/thailand-king-cobra-season-travelers-guide/,/blog/thailand-king-cobra-season-travelers-guide/,blog,no,editorial,freshness-audit,P2,provisional,"Controleer zoekintentie, feiten, datumclaims, interne links en consolidatiekansen. Taalpaar ontbreekt: bepaal of lokalisatie of bewust locale-specifiek gebruik nodig is."
en,https://go2-thailand.com/blog/koh-chang-underrated-eastern-island/,/blog/koh-chang-underrated-eastern-island/,/blog/koh-chang-underrated-eastern-island/,blog,no,editorial,freshness-audit,P2,provisional,"Controleer zoekintentie, feiten, datumclaims, interne links en consolidatiekansen. Taalpaar ontbreekt: bepaal of lokalisatie of bewust locale-specifiek gebruik nodig is."
en,https://go2-thailand.com/blog/rock-climbing-in-railay-thailands-most-dramatic-setting/,/blog/rock-climbing-in-railay-thailands-most-dramatic-setting/,/blog/rock-climbing-in-railay-thailands-most-dramatic-setting/,blog,no,editorial,freshness-audit,P2,provisional,"Controleer zoekintentie, feiten, datumclaims, interne links en consolidatiekansen. Taalpaar ontbreekt: bepaal of lokalisatie of bewust locale-specifiek gebruik nodig is."
en,https://go2-thailand.com/blog/thailand-dry-season-vs-wet-season-month-by-month-guide/,/blog/thailand-dry-season-vs-wet-season-month-by-month-guide/,/blog/thailand-dry-season-vs-wet-season-month-by-month-guide/,blog,no,editorial,freshness-audit,P2,provisional,"Controleer zoekintentie, feiten, datumclaims, interne links en consolidatiekansen. Taalpaar ontbreekt: bepaal of lokalisatie of bewust locale-specifiek gebruik nodig is."
en,https://go2-thailand.com/blog/koh-lipe-vs-koh-lanta-which-island-is-right-for-you/,/blog/koh-lipe-vs-koh-lanta-which-island-is-right-for-you/,/blog/koh-lipe-vs-koh-lanta-which-island-is-right-for-you/,blog,no,editorial,freshness-audit,P2,provisional,"Controleer zoekintentie, feiten, datumclaims, interne links en consolidatiekansen. Taalpaar ontbreekt: bepaal of lokalisatie of bewust locale-specifiek gebruik nodig is."
en,https://go2-thailand.com/blog/muay-thai-in-thailand-where-to-watch-and-where-to-train/,/blog/muay-thai-in-thailand-where-to-watch-and-where-to-train/,/blog/muay-thai-in-thailand-where-to-watch-and-where-to-train/,blog,no,editorial,freshness-audit,P2,provisional,"Controleer zoekintentie, feiten, datumclaims, interne links en consolidatiekansen. Taalpaar ontbreekt: bepaal of lokalisatie of bewust locale-specifiek gebruik nodig is."
en,https://go2-thailand.com/blog/thai-massage-guide-authentic-treatments-prices/,/blog/thai-massage-guide-authentic-treatments-prices/,/blog/thai-massage-guide-authentic-treatments-prices/,blog,no,editorial,freshness-audit,P2,provisional,"Controleer zoekintentie, feiten, datumclaims, interne links en consolidatiekansen. Taalpaar ontbreekt: bepaal of lokalisatie of bewust locale-specifiek gebruik nodig is."
en,https://go2-thailand.com/blog/tom-yum-vs-tom-kha-understanding-thailands-iconic-soups/,/blog/tom-yum-vs-tom-kha-understanding-thailands-iconic-soups/,/blog/tom-yum-vs-tom-kha-understanding-thailands-iconic-soups/,blog,no,editorial,freshness-audit,P2,provisional,"Controleer zoekintentie, feiten, datumclaims, interne links en consolidatiekansen. Taalpaar ontbreekt: bepaal of lokalisatie of bewust locale-specifiek gebruik nodig is."
en,https://go2-thailand.com/blog/thailand-for-seniors-retirees-everything-you-need-to-know/,/blog/thailand-for-seniors-retirees-everything-you-need-to-know/,/blog/thailand-for-seniors-retirees-everything-you-need-to-know/,blog,no,editorial,freshness-audit,P2,provisional,"Controleer zoekintentie, feiten, datumclaims, interne links en consolidatiekansen. Taalpaar ontbreekt: bepaal of lokalisatie of bewust locale-specifiek gebruik nodig is."
en,https://go2-thailand.com/blog/thailand-vs-philippines-which-southeast-asian-paradise-to-choose/,/blog/thailand-vs-philippines-which-southeast-asian-paradise-to-choose/,/blog/thailand-vs-philippines-which-southeast-asian-paradise-to-choose/,blog,no,editorial,freshness-audit,P2,provisional,"Controleer zoekintentie, feiten, datumclaims, interne links en consolidatiekansen. Taalpaar ontbreekt: bepaal of lokalisatie of bewust locale-specifiek gebruik nodig is."
en,https://go2-thailand.com/blog/khao-san-road-bangkok-is-it-still-worth-visiting-2026-guide/,/blog/khao-san-road-bangkok-is-it-still-worth-visiting-2026-guide/,/blog/khao-san-road-bangkok-is-it-still-worth-visiting-2026-guide/,blog,no,editorial,freshness-audit,P2,provisional,"Controleer zoekintentie, feiten, datumclaims, interne links en consolidatiekansen. Taalpaar ontbreekt: bepaal of lokalisatie of bewust locale-specifiek gebruik nodig is."
en,https://go2-thailand.com/blog/best-thai-islands-which-one-is-right-for-you-2026-guide/,/blog/best-thai-islands-which-one-is-right-for-you-2026-guide/,/blog/best-thai-islands-which-one-is-right-for-you-2026-guide/,blog,no,editorial,freshness-audit,P2,provisional,"Controleer zoekintentie, feiten, datumclaims, interne links en consolidatiekansen. Taalpaar ontbreekt: bepaal of lokalisatie of bewust locale-specifiek gebruik nodig is."
en,https://go2-thailand.com/blog/20-most-beautiful-temples-in-thailand-photographers-guide/,/blog/20-most-beautiful-temples-in-thailand-photographers-guide/,/blog/20-most-beautiful-temples-in-thailand-photographers-guide/,blog,no,editorial,freshness-audit,P2,provisional,"Controleer zoekintentie, feiten, datumclaims, interne links en consolidatiekansen. Taalpaar ontbreekt: bepaal of lokalisatie of bewust locale-specifiek gebruik nodig is."
en,https://go2-thailand.com/blog/thailand-visa-requirements-2026-do-you-need-a-visa/,/blog/thailand-visa-requirements-2026-do-you-need-a-visa/,/blog/thailand-visa-requirements-2026-do-you-need-a-visa/,blog,no,editorial,freshness-audit,P2,provisional,"Controleer zoekintentie, feiten, datumclaims, interne links en consolidatiekansen. Taalpaar ontbreekt: bepaal of lokalisatie of bewust locale-specifiek gebruik nodig is."
en,https://go2-thailand.com/blog/bangkok-airport-transfer-guide-2026/,/blog/bangkok-airport-transfer-guide-2026/,/blog/bangkok-airport-transfer-guide-2026/,blog,no,editorial,freshness-audit,P2,provisional,"Controleer zoekintentie, feiten, datumclaims, interne links en consolidatiekansen. Taalpaar ontbreekt: bepaal of lokalisatie of bewust locale-specifiek gebruik nodig is."
en,https://go2-thailand.com/blog/chiang-rai-vs-chiang-mai-for-tourists/,/blog/chiang-rai-vs-chiang-mai-for-tourists/,/blog/chiang-rai-vs-chiang-mai-for-tourists/,blog,no,editorial,freshness-audit,P2,provisional,"Controleer zoekintentie, feiten, datumclaims, interne links en consolidatiekansen. Taalpaar ontbreekt: bepaal of lokalisatie of bewust locale-specifiek gebruik nodig is."
en,https://go2-thailand.com/blog/is-3-days-enough-for-thailand/,/blog/is-3-days-enough-for-thailand/,/blog/is-3-days-enough-for-thailand/,blog,no,editorial,freshness-audit,P2,provisional,"Controleer zoekintentie, feiten, datumclaims, interne links en consolidatiekansen. Taalpaar ontbreekt: bepaal of lokalisatie of bewust locale-specifiek gebruik nodig is."
en,https://go2-thailand.com/blog/is-full-moon-party-worth-it-2026/,/blog/is-full-moon-party-worth-it-2026/,/blog/is-full-moon-party-worth-it-2026/,blog,no,editorial,freshness-audit,P2,provisional,"Controleer zoekintentie, feiten, datumclaims, interne links en consolidatiekansen. Taalpaar ontbreekt: bepaal of lokalisatie of bewust locale-specifiek gebruik nodig is."
en,https://go2-thailand.com/blog/is-koh-lipe-worth-it-2026/,/blog/is-koh-lipe-worth-it-2026/,/blog/is-koh-lipe-worth-it-2026/,blog,no,editorial,freshness-audit,P2,provisional,"Controleer zoekintentie, feiten, datumclaims, interne links en consolidatiekansen. Taalpaar ontbreekt: bepaal of lokalisatie of bewust locale-specifiek gebruik nodig is."
en,https://go2-thailand.com/blog/meditation-retreats-in-thailand-a-beginners-guide-2026/,/blog/meditation-retreats-in-thailand-a-beginners-guide-2026/,/blog/meditation-retreats-in-thailand-a-beginners-guide-2026/,blog,no,editorial,freshness-audit,P2,provisional,"Controleer zoekintentie, feiten, datumclaims, interne links en consolidatiekansen. Taalpaar ontbreekt: bepaal of lokalisatie of bewust locale-specifiek gebruik nodig is."
en,https://go2-thailand.com/blog/phuket-vs-koh-samui-for-tourists/,/blog/phuket-vs-koh-samui-for-tourists/,/blog/phuket-vs-koh-samui-for-tourists/,blog,no,editorial,freshness-audit,P2,provisional,"Controleer zoekintentie, feiten, datumclaims, interne links en consolidatiekansen. Taalpaar ontbreekt: bepaal of lokalisatie of bewust locale-specifiek gebruik nodig is."
en,https://go2-thailand.com/blog/thailand-in-april-songkran-worth-it-2026/,/blog/thailand-in-april-songkran-worth-it-2026/,/blog/thailand-in-april-songkran-worth-it-2026/,blog,no,editorial,freshness-audit,P2,provisional,"Controleer zoekintentie, feiten, datumclaims, interne links en consolidatiekansen. Taalpaar ontbreekt: bepaal of lokalisatie of bewust locale-specifiek gebruik nodig is."
en,https://go2-thailand.com/blog/15-best-day-trips-from-phuket-islands-nature-adventures/,/blog/15-best-day-trips-from-phuket-islands-nature-adventures/,/blog/15-best-day-trips-from-phuket-islands-nature-adventures/,blog,no,editorial,freshness-audit,P2,provisional,"Controleer zoekintentie, feiten, datumclaims, interne links en consolidatiekansen. Taalpaar ontbreekt: bepaal of lokalisatie of bewust locale-specifiek gebruik nodig is."
en,https://go2-thailand.com/blog/12-best-day-trips-from-chiang-mai-temples-waterfalls-mountains/,/blog/12-best-day-trips-from-chiang-mai-temples-waterfalls-mountains/,/blog/12-best-day-trips-from-chiang-mai-temples-waterfalls-mountains/,blog,no,editorial,freshness-audit,P2,provisional,"Controleer zoekintentie, feiten, datumclaims, interne links en consolidatiekansen. Taalpaar ontbreekt: bepaal of lokalisatie of bewust locale-specifiek gebruik nodig is."
en,https://go2-thailand.com/blog/ayutthaya-weekend-trip-from-bangkok-2026/,/blog/ayutthaya-weekend-trip-from-bangkok-2026/,/blog/ayutthaya-weekend-trip-from-bangkok-2026/,blog,no,editorial,freshness-audit,P2,provisional,"Controleer zoekintentie, feiten, datumclaims, interne links en consolidatiekansen. Taalpaar ontbreekt: bepaal of lokalisatie of bewust locale-specifiek gebruik nodig is."
en,https://go2-thailand.com/blog/where-to-stay-phuket-beaches-areas-budget/,/blog/where-to-stay-phuket-beaches-areas-budget/,/blog/where-to-stay-phuket-beaches-areas-budget/,blog,yes,editorial,freshness-audit,P2,provisional,"Controleer zoekintentie, feiten, datumclaims, interne links en consolidatiekansen."
en,https://go2-thailand.com/blog/ban-krut-beach-guide-hidden-gem-prachuap-2026/,/blog/ban-krut-beach-guide-hidden-gem-prachuap-2026/,/blog/ban-krut-beach-guide-hidden-gem-prachuap-2026/,blog,yes,editorial,freshness-audit,P2,provisional,"Controleer zoekintentie, feiten, datumclaims, interne links en consolidatiekansen."
en,https://go2-thailand.com/blog/songkran-2026-survival-guide-what-to-know/,/blog/songkran-2026-survival-guide-what-to-know/,/blog/songkran-2026-survival-guide-what-to-know/,blog,yes,editorial,freshness-audit,P2,provisional,"Controleer zoekintentie, feiten, datumclaims, interne links en consolidatiekansen."
en,https://go2-thailand.com/blog/where-to-stay-chiang-mai-neighborhoods/,/blog/where-to-stay-chiang-mai-neighborhoods/,/blog/where-to-stay-chiang-mai-neighborhoods/,blog,yes,editorial,freshness-audit,P2,provisional,"Controleer zoekintentie, feiten, datumclaims, interne links en consolidatiekansen."
en,https://go2-thailand.com/blog/grand-palace-bangkok-complete-guide-2026/,/blog/grand-palace-bangkok-complete-guide-2026/,/blog/grand-palace-bangkok-complete-guide-2026/,blog,yes,editorial,freshness-audit,P2,provisional,"Controleer zoekintentie, feiten, datumclaims, interne links en consolidatiekansen."
en,https://go2-thailand.com/blog/bangkok-samyan-street-food-tour-review-klook-2026/,/blog/bangkok-samyan-street-food-tour-review-klook-2026/,/blog/bangkok-samyan-street-food-tour-review-klook-2026/,blog,yes,editorial,freshness-audit,P2,provisional,"Controleer zoekintentie, feiten, datumclaims, interne links en consolidatiekansen."
en,https://go2-thailand.com/blog/doi-inthanon-national-park-thailand-highest-peak/,/blog/doi-inthanon-national-park-thailand-highest-peak/,/blog/doi-inthanon-national-park-thailand-highest-peak/,blog,yes,editorial,freshness-audit,P2,provisional,"Controleer zoekintentie, feiten, datumclaims, interne links en consolidatiekansen."
en,https://go2-thailand.com/blog/southern-thai-food-fiery-flavors/,/blog/southern-thai-food-fiery-flavors/,/blog/southern-thai-food-fiery-flavors/,blog,yes,editorial,freshness-audit,P2,provisional,"Controleer zoekintentie, feiten, datumclaims, interne links en consolidatiekansen."
en,https://go2-thailand.com/blog/sanctuary-of-truth-pattaya-wooden-temple/,/blog/sanctuary-of-truth-pattaya-wooden-temple/,/blog/sanctuary-of-truth-pattaya-wooden-temple/,blog,yes,editorial,freshness-audit,P2,provisional,"Controleer zoekintentie, feiten, datumclaims, interne links en consolidatiekansen."
en,https://go2-thailand.com/blog/anantara-siam-bangkok-50-million-renovation-garden-suites-2026/,/blog/anantara-siam-bangkok-50-million-renovation-garden-suites-2026/,/blog/anantara-siam-bangkok-50-million-renovation-garden-suites-2026/,blog,yes,editorial,freshness-audit,P2,provisional,"Controleer zoekintentie, feiten, datumclaims, interne links en consolidatiekansen."
en,https://go2-thailand.com/blog/andaz-one-bangkok-luxury-hotel-lumphini-guide-2026/,/blog/andaz-one-bangkok-luxury-hotel-lumphini-guide-2026/,/blog/andaz-one-bangkok-luxury-hotel-lumphini-guide-2026/,blog,yes,editorial,freshness-audit,P2,provisional,"Controleer zoekintentie, feiten, datumclaims, interne links en consolidatiekansen."
en,https://go2-thailand.com/blog/ayutthaya-day-trip-train-bangkok-temples-guide-2026/,/blog/ayutthaya-day-trip-train-bangkok-temples-guide-2026/,/blog/ayutthaya-day-trip-train-bangkok-temples-guide-2026/,blog,yes,editorial,freshness-audit,P2,provisional,"Controleer zoekintentie, feiten, datumclaims, interne links en consolidatiekansen."
en,https://go2-thailand.com/blog/bangkok-chiang-mai-sleeper-train-guide-2026/,/blog/bangkok-chiang-mai-sleeper-train-guide-2026/,/blog/bangkok-chiang-mai-sleeper-train-guide-2026/,blog,yes,editorial,freshness-audit,P2,provisional,"Controleer zoekintentie, feiten, datumclaims, interne links en consolidatiekansen."
en,https://go2-thailand.com/blog/bangkok-craft-beer-scene-2026-bars-festivals-guide/,/blog/bangkok-craft-beer-scene-2026-bars-festivals-guide/,/blog/bangkok-craft-beer-scene-2026-bars-festivals-guide/,blog,yes,editorial,freshness-audit,P2,provisional,"Controleer zoekintentie, feiten, datumclaims, interne links en consolidatiekansen."
en,https://go2-thailand.com/blog/bangkok-public-transport-bts-mrt-tourist-guide-2026/,/blog/bangkok-public-transport-bts-mrt-tourist-guide-2026/,/blog/bangkok-public-transport-bts-mrt-tourist-guide-2026/,blog,yes,editorial,freshness-audit,P2,provisional,"Controleer zoekintentie, feiten, datumclaims, interne links en consolidatiekansen."
en,https://go2-thailand.com/blog/bangkok-specialty-coffee-cafe-guide-2026/,/blog/bangkok-specialty-coffee-cafe-guide-2026/,/blog/bangkok-specialty-coffee-cafe-guide-2026/,blog,yes,editorial,freshness-audit,P2,provisional,"Controleer zoekintentie, feiten, datumclaims, interne links en consolidatiekansen."
en,https://go2-thailand.com/blog/bangkok-spectacular-2026-awc-thainosaur-museum-chao-phraya/,/blog/bangkok-spectacular-2026-awc-thainosaur-museum-chao-phraya/,/blog/bangkok-spectacular-2026-awc-thainosaur-museum-chao-phraya/,blog,yes,editorial,freshness-audit,P2,provisional,"Controleer zoekintentie, feiten, datumclaims, interne links en consolidatiekansen."
en,https://go2-thailand.com/blog/bangkok-top-tables-2026-best-restaurants-awards/,/blog/bangkok-top-tables-2026-best-restaurants-awards/,/blog/bangkok-top-tables-2026-best-restaurants-awards/,blog,yes,editorial,freshness-audit,P2,provisional,"Controleer zoekintentie, feiten, datumclaims, interne links en consolidatiekansen."
en,https://go2-thailand.com/blog/best-cooking-classes-bangkok-market-tour-2026/,/blog/best-cooking-classes-bangkok-market-tour-2026/,/blog/best-cooking-classes-bangkok-market-tour-2026/,blog,yes,editorial,freshness-audit,P2,provisional,"Controleer zoekintentie, feiten, datumclaims, interne links en consolidatiekansen."
en,https://go2-thailand.com/blog/best-kayaking-paddleboarding-spots-thailand-2026/,/blog/best-kayaking-paddleboarding-spots-thailand-2026/,/blog/best-kayaking-paddleboarding-spots-thailand-2026/,blog,yes,editorial,freshness-audit,P2,provisional,"Controleer zoekintentie, feiten, datumclaims, interne links en consolidatiekansen."
en,https://go2-thailand.com/blog/best-party-hostels-thailand-2026-bangkok-islands-chiang-mai/,/blog/best-party-hostels-thailand-2026-bangkok-islands-chiang-mai/,/blog/best-party-hostels-thailand-2026-bangkok-islands-chiang-mai/,blog,yes,editorial,freshness-audit,P2,provisional,"Controleer zoekintentie, feiten, datumclaims, interne links en consolidatiekansen."
en,https://go2-thailand.com/blog/best-sim-card-esim-thailand-tourist-guide-2026/,/blog/best-sim-card-esim-thailand-tourist-guide-2026/,/blog/best-sim-card-esim-thailand-tourist-guide-2026/,blog,yes,editorial,freshness-audit,P2,provisional,"Controleer zoekintentie, feiten, datumclaims, interne links en consolidatiekansen."
en,https://go2-thailand.com/blog/bts-world-tour-bangkok-december-2026-tickets-guide/,/blog/bts-world-tour-bangkok-december-2026-tickets-guide/,/blog/bts-world-tour-bangkok-december-2026-tickets-guide/,blog,yes,editorial,freshness-audit,P2,provisional,"Controleer zoekintentie, feiten, datumclaims, interne links en consolidatiekansen."
en,https://go2-thailand.com/blog/camping-thailand-national-parks-guide-2026/,/blog/camping-thailand-national-parks-guide-2026/,/blog/camping-thailand-national-parks-guide-2026/,blog,yes,editorial,freshness-audit,P2,provisional,"Controleer zoekintentie, feiten, datumclaims, interne links en consolidatiekansen."
en,https://go2-thailand.com/blog/cape-fahn-hotel-koh-samui-private-island-luxury-2026/,/blog/cape-fahn-hotel-koh-samui-private-island-luxury-2026/,/blog/cape-fahn-hotel-koh-samui-private-island-luxury-2026/,blog,yes,editorial,freshness-audit,P2,provisional,"Controleer zoekintentie, feiten, datumclaims, interne links en consolidatiekansen."
en,https://go2-thailand.com/blog/chanthaburi-gem-market-old-town-eastern-thailand-guide-2026/,/blog/chanthaburi-gem-market-old-town-eastern-thailand-guide-2026/,/blog/chanthaburi-gem-market-old-town-eastern-thailand-guide-2026/,blog,yes,editorial,freshness-audit,P2,provisional,"Controleer zoekintentie, feiten, datumclaims, interne links en consolidatiekansen."
en,https://go2-thailand.com/blog/chiang-dao-stargazing-eco-lodges-mountain-retreat-2026/,/blog/chiang-dao-stargazing-eco-lodges-mountain-retreat-2026/,/blog/chiang-dao-stargazing-eco-lodges-mountain-retreat-2026/,blog,yes,editorial,freshness-audit,P2,provisional,"Controleer zoekintentie, feiten, datumclaims, interne links en consolidatiekansen."
en,https://go2-thailand.com/blog/chiang-mai-lanna-temple-walking-trail-hidden-gems-2026/,/blog/chiang-mai-lanna-temple-walking-trail-hidden-gems-2026/,/blog/chiang-mai-lanna-temple-walking-trail-hidden-gems-2026/,blog,yes,editorial,freshness-audit,P2,provisional,"Controleer zoekintentie, feiten, datumclaims, interne links en consolidatiekansen."
en,https://go2-thailand.com/blog/chiang-mai-street-art-walking-guide-old-city-nimman-2026/,/blog/chiang-mai-street-art-walking-guide-old-city-nimman-2026/,/blog/chiang-mai-street-art-walking-guide-old-city-nimman-2026/,blog,yes,editorial,freshness-audit,P2,provisional,"Controleer zoekintentie, feiten, datumclaims, interne links en consolidatiekansen."
en,https://go2-thailand.com/blog/dib-bangkok-contemporary-art-museum-khlong-toei-2026/,/blog/dib-bangkok-contemporary-art-museum-khlong-toei-2026/,/blog/dib-bangkok-contemporary-art-museum-khlong-toei-2026/,blog,yes,editorial,freshness-audit,P2,provisional,"Controleer zoekintentie, feiten, datumclaims, interne links en consolidatiekansen."
en,https://go2-thailand.com/blog/durian-season-thailand-2026-where-to-eat-buy-guide/,/blog/durian-season-thailand-2026-where-to-eat-buy-guide/,/blog/durian-season-thailand-2026-where-to-eat-buy-guide/,blog,yes,editorial,freshness-audit,P2,provisional,"Controleer zoekintentie, feiten, datumclaims, interne links en consolidatiekansen."
en,https://go2-thailand.com/blog/earth-hour-2026-bangkok-thailand-landmarks-lights-off/,/blog/earth-hour-2026-bangkok-thailand-landmarks-lights-off/,/blog/earth-hour-2026-bangkok-thailand-landmarks-lights-off/,blog,yes,editorial,freshness-audit,P2,provisional,"Controleer zoekintentie, feiten, datumclaims, interne links en consolidatiekansen."
en,https://go2-thailand.com/blog/el-nino-2026-thailand-weather-heatwave-travel-tips/,/blog/el-nino-2026-thailand-weather-heatwave-travel-tips/,/blog/el-nino-2026-thailand-weather-heatwave-travel-tips/,blog,yes,editorial,freshness-audit,P2,provisional,"Controleer zoekintentie, feiten, datumclaims, interne links en consolidatiekansen."
en,https://go2-thailand.com/blog/erawan-falls-kanchanaburi-day-trip-guide-2026/,/blog/erawan-falls-kanchanaburi-day-trip-guide-2026/,/blog/erawan-falls-kanchanaburi-day-trip-guide-2026/,blog,yes,editorial,freshness-audit,P2,provisional,"Controleer zoekintentie, feiten, datumclaims, interne links en consolidatiekansen."
en,https://go2-thailand.com/blog/fairmont-bangkok-sukhumvit-first-fairmont-thailand-2026/,/blog/fairmont-bangkok-sukhumvit-first-fairmont-thailand-2026/,/blog/fairmont-bangkok-sukhumvit-first-fairmont-thailand-2026/,blog,yes,editorial,freshness-audit,P2,provisional,"Controleer zoekintentie, feiten, datumclaims, interne links en consolidatiekansen."
en,https://go2-thailand.com/blog/foreign-investors-buying-thai-hotels-12-billion-baht-2026/,/blog/foreign-investors-buying-thai-hotels-12-billion-baht-2026/,/blog/foreign-investors-buying-thai-hotels-12-billion-baht-2026/,blog,yes,editorial,freshness-audit,P2,provisional,"Controleer zoekintentie, feiten, datumclaims, interne links en consolidatiekansen."
en,https://go2-thailand.com/blog/hyrox-bangkok-2026-fitness-racing-bitec-guide/,/blog/hyrox-bangkok-2026-fitness-racing-bitec-guide/,/blog/hyrox-bangkok-2026-fitness-racing-bitec-guide/,blog,yes,editorial,freshness-audit,P2,provisional,"Controleer zoekintentie, feiten, datumclaims, interne links en consolidatiekansen."
en,https://go2-thailand.com/blog/kahavadi-chiang-rai-curio-collection-hilton-river-retreat-2026/,/blog/kahavadi-chiang-rai-curio-collection-hilton-river-retreat-2026/,/blog/kahavadi-chiang-rai-curio-collection-hilton-river-retreat-2026/,blog,yes,editorial,freshness-audit,P2,provisional,"Controleer zoekintentie, feiten, datumclaims, interne links en consolidatiekansen."
en,https://go2-thailand.com/blog/kaia-koh-phangan-eco-luxury-tented-resort-2026/,/blog/kaia-koh-phangan-eco-luxury-tented-resort-2026/,/blog/kaia-koh-phangan-eco-luxury-tented-resort-2026/,blog,yes,editorial,freshness-audit,P2,provisional,"Controleer zoekintentie, feiten, datumclaims, interne links en consolidatiekansen."
en,https://go2-thailand.com/blog/khao-yai-food-wine-festival-2026-vineyard-day-trip/,/blog/khao-yai-food-wine-festival-2026-vineyard-day-trip/,/blog/khao-yai-food-wine-festival-2026-vineyard-day-trip/,blog,yes,editorial,freshness-audit,P2,provisional,"Controleer zoekintentie, feiten, datumclaims, interne links en consolidatiekansen."
en,https://go2-thailand.com/blog/khao-yai-national-park-day-trip-guide-2026/,/blog/khao-yai-national-park-day-trip-guide-2026/,/blog/khao-yai-national-park-day-trip-guide-2026/,blog,yes,editorial,freshness-audit,P2,provisional,"Controleer zoekintentie, feiten, datumclaims, interne links en consolidatiekansen."
en,https://go2-thailand.com/blog/koh-kood-quiet-island-guide-trat-2026/,/blog/koh-kood-quiet-island-guide-trat-2026/,/blog/koh-kood-quiet-island-guide-trat-2026/,blog,yes,editorial,freshness-audit,P2,provisional,"Controleer zoekintentie, feiten, datumclaims, interne links en consolidatiekansen."
en,https://go2-thailand.com/blog/koh-larn-island-day-trip-pattaya-beaches-ferry-guide-2026/,/blog/koh-larn-island-day-trip-pattaya-beaches-ferry-guide-2026/,/blog/koh-larn-island-day-trip-pattaya-beaches-ferry-guide-2026/,blog,yes,editorial,freshness-audit,P2,provisional,"Controleer zoekintentie, feiten, datumclaims, interne links en consolidatiekansen."
en,https://go2-thailand.com/blog/koh-lipe-maldives-of-thailand-travel-guide-2026/,/blog/koh-lipe-maldives-of-thailand-travel-guide-2026/,/blog/koh-lipe-maldives-of-thailand-travel-guide-2026/,blog,yes,editorial,freshness-audit,P2,provisional,"Controleer zoekintentie, feiten, datumclaims, interne links en consolidatiekansen."
en,https://go2-thailand.com/blog/koh-samui-airport-international-hub-bangkok-airways-2026/,/blog/koh-samui-airport-international-hub-bangkok-airways-2026/,/blog/koh-samui-airport-international-hub-bangkok-airways-2026/,blog,yes,editorial,freshness-audit,P2,provisional,"Controleer zoekintentie, feiten, datumclaims, interne links en consolidatiekansen."
en,https://go2-thailand.com/blog/kpop-concerts-bangkok-2026-seventeen-treasure-bts-guide/,/blog/kpop-concerts-bangkok-2026-seventeen-treasure-bts-guide/,/blog/kpop-concerts-bangkok-2026-seventeen-treasure-bts-guide/,blog,yes,editorial,freshness-audit,P2,provisional,"Controleer zoekintentie, feiten, datumclaims, interne links en consolidatiekansen."
en,https://go2-thailand.com/blog/kraftwerk-multimedia-tour-bangkok-may-2026-concert-guide/,/blog/kraftwerk-multimedia-tour-bangkok-may-2026-concert-guide/,/blog/kraftwerk-multimedia-tour-bangkok-may-2026-concert-guide/,blog,yes,editorial,freshness-audit,P2,provisional,"Controleer zoekintentie, feiten, datumclaims, interne links en consolidatiekansen."
en,https://go2-thailand.com/blog/mahanakhon-skywalk-i-tilt-bangkok-worlds-highest-tilt-2026/,/blog/mahanakhon-skywalk-i-tilt-bangkok-worlds-highest-tilt-2026/,/blog/mahanakhon-skywalk-i-tilt-bangkok-worlds-highest-tilt-2026/,blog,yes,editorial,freshness-audit,P2,provisional,"Controleer zoekintentie, feiten, datumclaims, interne links en consolidatiekansen."
en,https://go2-thailand.com/blog/muay-thai-training-camps-thailand-beginners-guide-2026/,/blog/muay-thai-training-camps-thailand-beginners-guide-2026/,/blog/muay-thai-training-camps-thailand-beginners-guide-2026/,blog,yes,editorial,freshness-audit,P2,provisional,"Controleer zoekintentie, feiten, datumclaims, interne links en consolidatiekansen."
en,https://go2-thailand.com/blog/nasatta-light-festival-ratchaburi-fairy-dreams-2026/,/blog/nasatta-light-festival-ratchaburi-fairy-dreams-2026/,/blog/nasatta-light-festival-ratchaburi-fairy-dreams-2026/,blog,yes,editorial,freshness-audit,P2,provisional,"Controleer zoekintentie, feiten, datumclaims, interne links en consolidatiekansen."
en,https://go2-thailand.com/blog/new-airline-routes-thailand-2026-flydubai-norse-scoot-chiang-rai/,/blog/new-airline-routes-thailand-2026-flydubai-norse-scoot-chiang-rai/,/blog/new-airline-routes-thailand-2026-flydubai-norse-scoot-chiang-rai/,blog,yes,editorial,freshness-audit,P2,provisional,"Controleer zoekintentie, feiten, datumclaims, interne links en consolidatiekansen."
en,https://go2-thailand.com/blog/new-luxury-resorts-thailand-2026-marriott-hilton-mercure/,/blog/new-luxury-resorts-thailand-2026-marriott-hilton-mercure/,/blog/new-luxury-resorts-thailand-2026-marriott-hilton-mercure/,blog,yes,editorial,freshness-audit,P2,provisional,"Controleer zoekintentie, feiten, datumclaims, interne links en consolidatiekansen."
en,https://go2-thailand.com/blog/old-town-phuket-walking-guide-street-art-cafes-2026/,/blog/old-town-phuket-walking-guide-street-art-cafes-2026/,/blog/old-town-phuket-walking-guide-street-art-cafes-2026/,blog,yes,editorial,freshness-audit,P2,provisional,"Controleer zoekintentie, feiten, datumclaims, interne links en consolidatiekansen."
en,https://go2-thailand.com/blog/pattaya-music-festival-2026-free-beach-concerts-march/,/blog/pattaya-music-festival-2026-free-beach-concerts-march/,/blog/pattaya-music-festival-2026-free-beach-concerts-march/,blog,yes,editorial,freshness-audit,P2,provisional,"Controleer zoekintentie, feiten, datumclaims, interne links en consolidatiekansen."
en,https://go2-thailand.com/blog/pattaya-pride-circuit-festival-asia-lgbtq-june-2026/,/blog/pattaya-pride-circuit-festival-asia-lgbtq-june-2026/,/blog/pattaya-pride-circuit-festival-asia-lgbtq-june-2026/,blog,yes,editorial,freshness-audit,P2,provisional,"Controleer zoekintentie, feiten, datumclaims, interne links en consolidatiekansen."
en,https://go2-thailand.com/blog/pattaya-tourism-paradox-quality-over-quantity-2026/,/blog/pattaya-tourism-paradox-quality-over-quantity-2026/,/blog/pattaya-tourism-paradox-quality-over-quantity-2026/,blog,yes,editorial,freshness-audit,P2,provisional,"Controleer zoekintentie, feiten, datumclaims, interne links en consolidatiekansen."
en,https://go2-thailand.com/blog/pattaya-walking-street-reinvention-2026/,/blog/pattaya-walking-street-reinvention-2026/,/blog/pattaya-walking-street-reinvention-2026/,blog,yes,editorial,freshness-audit,P2,provisional,"Controleer zoekintentie, feiten, datumclaims, interne links en consolidatiekansen."
en,https://go2-thailand.com/blog/phra-pradaeng-songkran-2026-mon-culture-samut-prakan/,/blog/phra-pradaeng-songkran-2026-mon-culture-samut-prakan/,/blog/phra-pradaeng-songkran-2026-mon-culture-samut-prakan/,blog,yes,editorial,freshness-audit,P2,provisional,"Controleer zoekintentie, feiten, datumclaims, interne links en consolidatiekansen."
en,https://go2-thailand.com/blog/prince-akatoki-riverside-bangkok-japanese-luxury-hotel-2026/,/blog/prince-akatoki-riverside-bangkok-japanese-luxury-hotel-2026/,/blog/prince-akatoki-riverside-bangkok-japanese-luxury-hotel-2026/,blog,yes,editorial,freshness-audit,P2,provisional,"Controleer zoekintentie, feiten, datumclaims, interne links en consolidatiekansen."
en,https://go2-thailand.com/blog/rava-beach-club-phuket-bangtao-longest-beach-club-2026/,/blog/rava-beach-club-phuket-bangtao-longest-beach-club-2026/,/blog/rava-beach-club-phuket-bangtao-longest-beach-club-2026/,blog,yes,editorial,freshness-audit,P2,provisional,"Controleer zoekintentie, feiten, datumclaims, interne links en consolidatiekansen."
en,https://go2-thailand.com/blog/red-lotus-sea-udon-thani-lisa-effect-record-visitors-2026/,/blog/red-lotus-sea-udon-thani-lisa-effect-record-visitors-2026/,/blog/red-lotus-sea-udon-thani-lisa-effect-record-visitors-2026/,blog,yes,editorial,freshness-audit,P2,provisional,"Controleer zoekintentie, feiten, datumclaims, interne links en consolidatiekansen."
en,https://go2-thailand.com/blog/s2o-songkran-music-festival-2026-bangkok-edm-water-party/,/blog/s2o-songkran-music-festival-2026-bangkok-edm-water-party/,/blog/s2o-songkran-music-festival-2026-bangkok-edm-water-party/,blog,yes,editorial,freshness-audit,P2,provisional,"Controleer zoekintentie, feiten, datumclaims, interne links en consolidatiekansen."
en,https://go2-thailand.com/blog/sak-yant-bamboo-tattoo-thailand-guide-2026/,/blog/sak-yant-bamboo-tattoo-thailand-guide-2026/,/blog/sak-yant-bamboo-tattoo-thailand-guide-2026/,blog,yes,editorial,freshness-audit,P2,provisional,"Controleer zoekintentie, feiten, datumclaims, interne links en consolidatiekansen."
en,https://go2-thailand.com/blog/singapore-airlines-chiang-mai-nonstop-flights-2026/,/blog/singapore-airlines-chiang-mai-nonstop-flights-2026/,/blog/singapore-airlines-chiang-mai-nonstop-flights-2026/,blog,yes,editorial,freshness-audit,P2,provisional,"Controleer zoekintentie, feiten, datumclaims, interne links en consolidatiekansen."
en,https://go2-thailand.com/blog/skyflyers-garudapterus-asiatique-bangkok-tallest-swing-ride-2026/,/blog/skyflyers-garudapterus-asiatique-bangkok-tallest-swing-ride-2026/,/blog/skyflyers-garudapterus-asiatique-bangkok-tallest-swing-ride-2026/,blog,yes,editorial,freshness-audit,P2,provisional,"Controleer zoekintentie, feiten, datumclaims, interne links en consolidatiekansen."
en,https://go2-thailand.com/blog/songkran-2026-76-provinces-nationwide-celebrations-guide/,/blog/songkran-2026-76-provinces-nationwide-celebrations-guide/,/blog/songkran-2026-76-provinces-nationwide-celebrations-guide/,blog,yes,editorial,freshness-audit,P2,provisional,"Controleer zoekintentie, feiten, datumclaims, interne links en consolidatiekansen."
en,https://go2-thailand.com/blog/songkran-2026-water-gun-rules-fines-safety-guide/,/blog/songkran-2026-water-gun-rules-fines-safety-guide/,/blog/songkran-2026-water-gun-rules-fines-safety-guide/,blog,yes,editorial,freshness-audit,P2,provisional,"Controleer zoekintentie, feiten, datumclaims, interne links en consolidatiekansen."
en,https://go2-thailand.com/blog/space-time-cube-bangkok-immersive-metaverse-museum-2026/,/blog/space-time-cube-bangkok-immersive-metaverse-museum-2026/,/blog/space-time-cube-bangkok-immersive-metaverse-museum-2026/,blog,yes,editorial,freshness-audit,P2,provisional,"Controleer zoekintentie, feiten, datumclaims, interne links en consolidatiekansen."
en,https://go2-thailand.com/blog/tha-kha-floating-market-samut-songkhram-hidden-gem-2026/,/blog/tha-kha-floating-market-samut-songkhram-hidden-gem-2026/,/blog/tha-kha-floating-market-samut-songkhram-hidden-gem-2026/,blog,yes,editorial,freshness-audit,P2,provisional,"Controleer zoekintentie, feiten, datumclaims, interne links en consolidatiekansen."
en,https://go2-thailand.com/blog/thai-airways-a321neo-fleet-modernization-32-jets-2026/,/blog/thai-airways-a321neo-fleet-modernization-32-jets-2026/,/blog/thai-airways-a321neo-fleet-modernization-32-jets-2026/,blog,yes,editorial,freshness-audit,P2,provisional,"Controleer zoekintentie, feiten, datumclaims, interne links en consolidatiekansen."
en,https://go2-thailand.com/blog/thai-airways-fare-hike-10-15-percent-fuel-costs-2026/,/blog/thai-airways-fare-hike-10-15-percent-fuel-costs-2026/,/blog/thai-airways-fare-hike-10-15-percent-fuel-costs-2026/,blog,yes,editorial,freshness-audit,P2,provisional,"Controleer zoekintentie, feiten, datumclaims, interne links en consolidatiekansen."
en,https://go2-thailand.com/blog/thai-airways-summer-2026-new-routes-amsterdam-auckland-perth/,/blog/thai-airways-summer-2026-new-routes-amsterdam-auckland-perth/,/blog/thai-airways-summer-2026-new-routes-amsterdam-auckland-perth/,blog,yes,editorial,freshness-audit,P2,provisional,"Controleer zoekintentie, feiten, datumclaims, interne links en consolidatiekansen."
en,https://go2-thailand.com/blog/thai-carriers-fuel-surge-tourism-boom-warning-2026/,/blog/thai-carriers-fuel-surge-tourism-boom-warning-2026/,/blog/thai-carriers-fuel-surge-tourism-boom-warning-2026/,blog,yes,editorial,freshness-audit,P2,provisional,"Controleer zoekintentie, feiten, datumclaims, interne links en consolidatiekansen."
en,https://go2-thailand.com/blog/thailand-airlines-jet-fuel-tax-cut-proposal-march-2026/,/blog/thailand-airlines-jet-fuel-tax-cut-proposal-march-2026/,/blog/thailand-airlines-jet-fuel-tax-cut-proposal-march-2026/,blog,yes,editorial,freshness-audit,P2,provisional,"Controleer zoekintentie, feiten, datumclaims, interne links en consolidatiekansen."
en,https://go2-thailand.com/blog/thailand-bib-gourmand-2026-new-restaurants-street-food/,/blog/thailand-bib-gourmand-2026-new-restaurants-street-food/,/blog/thailand-bib-gourmand-2026-new-restaurants-street-food/,blog,yes,editorial,freshness-audit,P2,provisional,"Controleer zoekintentie, feiten, datumclaims, interne links en consolidatiekansen."
en,https://go2-thailand.com/blog/thailand-casino-legalization-shelved-anutin-2026/,/blog/thailand-casino-legalization-shelved-anutin-2026/,/blog/thailand-casino-legalization-shelved-anutin-2026/,blog,yes,editorial,freshness-audit,P2,provisional,"Controleer zoekintentie, feiten, datumclaims, interne links en consolidatiekansen."
en,https://go2-thailand.com/blog/thailand-domestic-tourism-push-tat-festival-2026/,/blog/thailand-domestic-tourism-push-tat-festival-2026/,/blog/thailand-domestic-tourism-push-tat-festival-2026/,blog,yes,editorial,freshness-audit,P2,provisional,"Controleer zoekintentie, feiten, datumclaims, interne links en consolidatiekansen."
en,https://go2-thailand.com/blog/thailand-drought-2026-water-shortage-travel-impact/,/blog/thailand-drought-2026-water-shortage-travel-impact/,/blog/thailand-drought-2026-water-shortage-travel-impact/,blog,yes,editorial,freshness-audit,P2,provisional,"Controleer zoekintentie, feiten, datumclaims, interne links en consolidatiekansen."
en,https://go2-thailand.com/blog/thailand-good-travel-certification-41-sustainable-destinations-2026/,/blog/thailand-good-travel-certification-41-sustainable-destinations-2026/,/blog/thailand-good-travel-certification-41-sustainable-destinations-2026/,blog,yes,editorial,freshness-audit,P2,provisional,"Controleer zoekintentie, feiten, datumclaims, interne links en consolidatiekansen."
en,https://go2-thailand.com/blog/thailand-hands-free-travel-luggage-delivery-trend-2026/,/blog/thailand-hands-free-travel-luggage-delivery-trend-2026/,/blog/thailand-hands-free-travel-luggage-delivery-trend-2026/,blog,yes,editorial,freshness-audit,P2,provisional,"Controleer zoekintentie, feiten, datumclaims, interne links en consolidatiekansen."
en,https://go2-thailand.com/blog/thailand-hotel-boom-2026-record-pipeline-bangkok-luxury/,/blog/thailand-hotel-boom-2026-record-pipeline-bangkok-luxury/,/blog/thailand-hotel-boom-2026-record-pipeline-bangkok-luxury/,blog,yes,editorial,freshness-audit,P2,provisional,"Controleer zoekintentie, feiten, datumclaims, interne links en consolidatiekansen."
en,https://go2-thailand.com/blog/thailand-jay-food-vegan-street-guide-yellow-flag-2026/,/blog/thailand-jay-food-vegan-street-guide-yellow-flag-2026/,/blog/thailand-jay-food-vegan-street-guide-yellow-flag-2026/,blog,yes,editorial,freshness-audit,P2,provisional,"Controleer zoekintentie, feiten, datumclaims, interne links en consolidatiekansen."
en,https://go2-thailand.com/blog/thailand-liveaboard-diving-guide-similan-surin-2026/,/blog/thailand-liveaboard-diving-guide-similan-surin-2026/,/blog/thailand-liveaboard-diving-guide-similan-surin-2026/,blog,yes,editorial,freshness-audit,P2,provisional,"Controleer zoekintentie, feiten, datumclaims, interne links en consolidatiekansen."
en,https://go2-thailand.com/blog/thailand-low-season-tourism-stimulus-tax-breaks-2026/,/blog/thailand-low-season-tourism-stimulus-tax-breaks-2026/,/blog/thailand-low-season-tourism-stimulus-tax-breaks-2026/,blog,yes,editorial,freshness-audit,P2,provisional,"Controleer zoekintentie, feiten, datumclaims, interne links en consolidatiekansen."
en,https://go2-thailand.com/blog/thailand-pivots-marketing-short-haul-asian-markets-2026/,/blog/thailand-pivots-marketing-short-haul-asian-markets-2026/,/blog/thailand-pivots-marketing-short-haul-asian-markets-2026/,blog,yes,editorial,freshness-audit,P2,provisional,"Controleer zoekintentie, feiten, datumclaims, interne links en consolidatiekansen."
en,https://go2-thailand.com/blog/thailand-quietcation-trend-tranquil-travel-2026/,/blog/thailand-quietcation-trend-tranquil-travel-2026/,/blog/thailand-quietcation-trend-tranquil-travel-2026/,blog,yes,editorial,freshness-audit,P2,provisional,"Controleer zoekintentie, feiten, datumclaims, interne links en consolidatiekansen."
en,https://go2-thailand.com/blog/thailand-silver-tourism-active-seniors-key-market-2026/,/blog/thailand-silver-tourism-active-seniors-key-market-2026/,/blog/thailand-silver-tourism-active-seniors-key-market-2026/,blog,yes,editorial,freshness-audit,P2,provisional,"Controleer zoekintentie, feiten, datumclaims, interne links en consolidatiekansen."
en,https://go2-thailand.com/blog/thailand-tourism-competition-vietnam-regional-rivals-2026/,/blog/thailand-tourism-competition-vietnam-regional-rivals-2026/,/blog/thailand-tourism-competition-vietnam-regional-rivals-2026/,blog,yes,editorial,freshness-audit,P2,provisional,"Controleer zoekintentie, feiten, datumclaims, interne links en consolidatiekansen."
en,https://go2-thailand.com/blog/thailand-tourism-festival-2026-5-must-do-food-culture-highlights/,/blog/thailand-tourism-festival-2026-5-must-do-food-culture-highlights/,/blog/thailand-tourism-festival-2026-5-must-do-food-culture-highlights/,blog,yes,editorial,freshness-audit,P2,provisional,"Controleer zoekintentie, feiten, datumclaims, interne links en consolidatiekansen."
en,https://go2-thailand.com/blog/thailand-tourism-festival-2026-culinary-regional-food-guide/,/blog/thailand-tourism-festival-2026-culinary-regional-food-guide/,/blog/thailand-tourism-festival-2026-culinary-regional-food-guide/,blog,yes,editorial,freshness-audit,P2,provisional,"Controleer zoekintentie, feiten, datumclaims, interne links en consolidatiekansen."
en,https://go2-thailand.com/blog/thailand-tourism-festival-2026-feel-all-feelings-visitor-guide/,/blog/thailand-tourism-festival-2026-feel-all-feelings-visitor-guide/,/blog/thailand-tourism-festival-2026-feel-all-feelings-visitor-guide/,blog,yes,editorial,freshness-audit,P2,provisional,"Controleer zoekintentie, feiten, datumclaims, interne links en consolidatiekansen."
en,https://go2-thailand.com/blog/thailand-tourism-growth-target-2026-recovery-after-2025-decline/,/blog/thailand-tourism-growth-target-2026-recovery-after-2025-decline/,/blog/thailand-tourism-growth-target-2026-recovery-after-2025-decline/,blog,yes,editorial,freshness-audit,P2,provisional,"Controleer zoekintentie, feiten, datumclaims, interne links en consolidatiekansen."
en,https://go2-thailand.com/blog/thailand-tourism-outlook-2026-hopes-pressure-uncertainty/,/blog/thailand-tourism-outlook-2026-hopes-pressure-uncertainty/,/blog/thailand-tourism-outlook-2026-hopes-pressure-uncertainty/,blog,yes,editorial,freshness-audit,P2,provisional,"Controleer zoekintentie, feiten, datumclaims, interne links en consolidatiekansen."
en,https://go2-thailand.com/blog/thailand-tourism-shifts-gears-fewer-visitors-better-experiences-2026/,/blog/thailand-tourism-shifts-gears-fewer-visitors-better-experiences-2026/,/blog/thailand-tourism-shifts-gears-fewer-visitors-better-experiences-2026/,blog,yes,editorial,freshness-audit,P2,provisional,"Controleer zoekintentie, feiten, datumclaims, interne links en consolidatiekansen."
en,https://go2-thailand.com/blog/thailand-visa-free-stay-cut-60-to-30-days-2026/,/blog/thailand-visa-free-stay-cut-60-to-30-days-2026/,/blog/thailand-visa-free-stay-cut-60-to-30-days-2026/,blog,yes,editorial,freshness-audit,P2,provisional,"Controleer zoekintentie, feiten, datumclaims, interne links en consolidatiekansen."
en,https://go2-thailand.com/blog/thailand-visa-run-era-ending-2026-expat-guide/,/blog/thailand-visa-run-era-ending-2026-expat-guide/,/blog/thailand-visa-run-era-ending-2026-expat-guide/,blog,yes,editorial,freshness-audit,P2,provisional,"Controleer zoekintentie, feiten, datumclaims, interne links en consolidatiekansen."
en,https://go2-thailand.com/blog/the-new-thailand-itb-berlin-2026-sustainable-wellness-tourism/,/blog/the-new-thailand-itb-berlin-2026-sustainable-wellness-tourism/,/blog/the-new-thailand-itb-berlin-2026-sustainable-wellness-tourism/,blog,yes,editorial,freshness-audit,P2,provisional,"Controleer zoekintentie, feiten, datumclaims, interne links en consolidatiekansen."
en,https://go2-thailand.com/blog/toyota-thailand-open-2026-badminton-bangkok-nimibutr-arena/,/blog/toyota-thailand-open-2026-badminton-bangkok-nimibutr-arena/,/blog/toyota-thailand-open-2026-badminton-bangkok-nimibutr-arena/,blog,yes,editorial,freshness-audit,P2,provisional,"Controleer zoekintentie, feiten, datumclaims, interne links en consolidatiekansen."
en,https://go2-thailand.com/blog/u-tapao-pattaya-airport-new-flights-expansion-2026/,/blog/u-tapao-pattaya-airport-new-flights-expansion-2026/,/blog/u-tapao-pattaya-airport-new-flights-expansion-2026/,blog,yes,editorial,freshness-audit,P2,provisional,"Controleer zoekintentie, feiten, datumclaims, interne links en consolidatiekansen."
en,https://go2-thailand.com/blog/voco-bangkok-surawong-ihg-first-thailand-opening-2026/,/blog/voco-bangkok-surawong-ihg-first-thailand-opening-2026/,/blog/voco-bangkok-surawong-ihg-first-thailand-opening-2026/,blog,yes,editorial,freshness-audit,P2,provisional,"Controleer zoekintentie, feiten, datumclaims, interne links en consolidatiekansen."
en,https://go2-thailand.com/blog/wildlife-conservation-volunteering-thailand-2026-turtles-elephants/,/blog/wildlife-conservation-volunteering-thailand-2026-turtles-elephants/,/blog/wildlife-conservation-volunteering-thailand-2026-turtles-elephants/,blog,yes,editorial,freshness-audit,P2,provisional,"Controleer zoekintentie, feiten, datumclaims, interne links en consolidatiekansen."
en,https://go2-thailand.com/blog/yoga-retreats-koh-samui-koh-phangan-2026-guide/,/blog/yoga-retreats-koh-samui-koh-phangan-2026-guide/,/blog/yoga-retreats-koh-samui-koh-phangan-2026-guide/,blog,yes,editorial,freshness-audit,P2,provisional,"Controleer zoekintentie, feiten, datumclaims, interne links en consolidatiekansen."
en,https://go2-thailand.com/blog/airasia-tat-fly-your-feelings-free-flights-lisa-2026/,/blog/airasia-tat-fly-your-feelings-free-flights-lisa-2026/,/blog/airasia-tat-fly-your-feelings-free-flights-lisa-2026/,blog,yes,editorial,freshness-audit,P2,provisional,"Controleer zoekintentie, feiten, datumclaims, interne links en consolidatiekansen."
en,https://go2-thailand.com/blog/amazing-thailand-app-ai-mastercard-2026/,/blog/amazing-thailand-app-ai-mastercard-2026/,/blog/amazing-thailand-app-ai-mastercard-2026/,blog,yes,editorial,freshness-audit,P2,provisional,"Controleer zoekintentie, feiten, datumclaims, interne links en consolidatiekansen."
en,https://go2-thailand.com/blog/andamanda-phuket-day-songkran-pool-party-2026/,/blog/andamanda-phuket-day-songkran-pool-party-2026/,/blog/andamanda-phuket-day-songkran-pool-party-2026/,blog,yes,editorial,freshness-audit,P2,provisional,"Controleer zoekintentie, feiten, datumclaims, interne links en consolidatiekansen."
en,https://go2-thailand.com/blog/banana-beach-koh-hey-asia-best-beach-tripadvisor-2026/,/blog/banana-beach-koh-hey-asia-best-beach-tripadvisor-2026/,/blog/banana-beach-koh-hey-asia-best-beach-tripadvisor-2026/,blog,yes,editorial,freshness-audit,P2,provisional,"Controleer zoekintentie, feiten, datumclaims, interne links en consolidatiekansen."
en,https://go2-thailand.com/blog/bangkok-art-biennale-2026-angels-mara-guide/,/blog/bangkok-art-biennale-2026-angels-mara-guide/,/blog/bangkok-art-biennale-2026-angels-mara-guide/,blog,yes,editorial,freshness-audit,P2,provisional,"Controleer zoekintentie, feiten, datumclaims, interne links en consolidatiekansen."
en,https://go2-thailand.com/blog/bangkok-best-city-asia-2026-destinasian-award/,/blog/bangkok-best-city-asia-2026-destinasian-award/,/blog/bangkok-best-city-asia-2026-destinasian-award/,blog,yes,editorial,freshness-audit,P2,provisional,"Controleer zoekintentie, feiten, datumclaims, interne links en consolidatiekansen."
en,https://go2-thailand.com/blog/bangkok-best-cocktail-bars-march-2026-nightlife/,/blog/bangkok-best-cocktail-bars-march-2026-nightlife/,/blog/bangkok-best-cocktail-bars-march-2026-nightlife/,blog,yes,editorial,freshness-audit,P2,provisional,"Controleer zoekintentie, feiten, datumclaims, interne links en consolidatiekansen."
en,https://go2-thailand.com/blog/bangkok-floating-markets-guide-damnoen-amphawa-2026/,/blog/bangkok-floating-markets-guide-damnoen-amphawa-2026/,/blog/bangkok-floating-markets-guide-damnoen-amphawa-2026/,blog,yes,editorial,freshness-audit,P2,provisional,"Controleer zoekintentie, feiten, datumclaims, interne links en consolidatiekansen."
en,https://go2-thailand.com/blog/bangkok-lumpini-hawker-centre-street-food-2026/,/blog/bangkok-lumpini-hawker-centre-street-food-2026/,/blog/bangkok-lumpini-hawker-centre-street-food-2026/,blog,yes,editorial,freshness-audit,P2,provisional,"Controleer zoekintentie, feiten, datumclaims, interne links en consolidatiekansen."
en,https://go2-thailand.com/blog/bangkok-new-rooftop-bars-2026-sato-san-sanctuary-iris/,/blog/bangkok-new-rooftop-bars-2026-sato-san-sanctuary-iris/,/blog/bangkok-new-rooftop-bars-2026-sato-san-sanctuary-iris/,blog,yes,editorial,freshness-audit,P2,provisional,"Controleer zoekintentie, feiten, datumclaims, interne links en consolidatiekansen."
en,https://go2-thailand.com/blog/bangkok-songkran-2026-khaosan-road-safety-plan/,/blog/bangkok-songkran-2026-khaosan-road-safety-plan/,/blog/bangkok-songkran-2026-khaosan-road-safety-plan/,blog,yes,editorial,freshness-audit,P2,provisional,"Controleer zoekintentie, feiten, datumclaims, interne links en consolidatiekansen."
en,https://go2-thailand.com/blog/bangkok-yellow-pink-line-monorail-tourist-guide-2026/,/blog/bangkok-yellow-pink-line-monorail-tourist-guide-2026/,/blog/bangkok-yellow-pink-line-monorail-tourist-guide-2026/,blog,yes,editorial,freshness-audit,P2,provisional,"Controleer zoekintentie, feiten, datumclaims, interne links en consolidatiekansen."
en,https://go2-thailand.com/blog/bangla-road-phuket-digital-makeover-nightlife-2026/,/blog/bangla-road-phuket-digital-makeover-nightlife-2026/,/blog/bangla-road-phuket-digital-makeover-nightlife-2026/,blog,yes,editorial,freshness-audit,P2,provisional,"Controleer zoekintentie, feiten, datumclaims, interne links en consolidatiekansen."
en,https://go2-thailand.com/blog/banphe-samed-island-festival-2026-rayong-seafood/,/blog/banphe-samed-island-festival-2026-rayong-seafood/,/blog/banphe-samed-island-festival-2026-rayong-seafood/,blog,yes,editorial,freshness-audit,P2,provisional,"Controleer zoekintentie, feiten, datumclaims, interne links en consolidatiekansen."
en,https://go2-thailand.com/blog/banthat-thong-road-bangkok-food-street-guide-2026/,/blog/banthat-thong-road-bangkok-food-street-guide-2026/,/blog/banthat-thong-road-bangkok-food-street-guide-2026/,blog,yes,editorial,freshness-audit,P2,provisional,"Controleer zoekintentie, feiten, datumclaims, interne links en consolidatiekansen."
en,https://go2-thailand.com/blog/barai-hua-hin-hyatt-unbound-collection-2026/,/blog/barai-hua-hin-hyatt-unbound-collection-2026/,/blog/barai-hua-hin-hyatt-unbound-collection-2026/,blog,yes,editorial,freshness-audit,P2,provisional,"Controleer zoekintentie, feiten, datumclaims, interne links en consolidatiekansen."
en,https://go2-thailand.com/blog/blue-jasmine-luxury-train-bangkok-chiang-mai-2026/,/blog/blue-jasmine-luxury-train-bangkok-chiang-mai-2026/,/blog/blue-jasmine-luxury-train-bangkok-chiang-mai-2026/,blog,yes,editorial,freshness-audit,P2,provisional,"Controleer zoekintentie, feiten, datumclaims, interne links en consolidatiekansen."
en,https://go2-thailand.com/blog/bun-bang-fai-rocket-festival-yasothon-2026/,/blog/bun-bang-fai-rocket-festival-yasothon-2026/,/blog/bun-bang-fai-rocket-festival-yasothon-2026/,blog,yes,editorial,freshness-audit,P2,provisional,"Controleer zoekintentie, feiten, datumclaims, interne links en consolidatiekansen."
en,https://go2-thailand.com/blog/cave-fantasy-mbk-center-bangkok-immersive-art-2026/,/blog/cave-fantasy-mbk-center-bangkok-immersive-art-2026/,/blog/cave-fantasy-mbk-center-bangkok-immersive-art-2026/,blog,yes,editorial,freshness-audit,P2,provisional,"Controleer zoekintentie, feiten, datumclaims, interne links en consolidatiekansen."
en,https://go2-thailand.com/blog/central-phuket-836-million-expansion-luxury-shopping-2026/,/blog/central-phuket-836-million-expansion-luxury-shopping-2026/,/blog/central-phuket-836-million-expansion-luxury-shopping-2026/,blog,yes,editorial,freshness-audit,P2,provisional,"Controleer zoekintentie, feiten, datumclaims, interne links en consolidatiekansen."
en,https://go2-thailand.com/blog/chiang-mai-cheapest-digital-nomad-city-2026/,/blog/chiang-mai-cheapest-digital-nomad-city-2026/,/blog/chiang-mai-cheapest-digital-nomad-city-2026/,blog,yes,editorial,freshness-audit,P2,provisional,"Controleer zoekintentie, feiten, datumclaims, interne links en consolidatiekansen."
en,https://go2-thailand.com/blog/chiang-rai-white-temple-entrance-fee-doubles-2026/,/blog/chiang-rai-white-temple-entrance-fee-doubles-2026/,/blog/chiang-rai-white-temple-entrance-fee-doubles-2026/,blog,yes,editorial,freshness-audit,P2,provisional,"Controleer zoekintentie, feiten, datumclaims, interne links en consolidatiekansen."
en,https://go2-thailand.com/blog/chilli-fest-2026-kimpton-maa-lai-bangkok/,/blog/chilli-fest-2026-kimpton-maa-lai-bangkok/,/blog/chilli-fest-2026-kimpton-maa-lai-bangkok/,blog,yes,editorial,freshness-audit,P2,provisional,"Controleer zoekintentie, feiten, datumclaims, interne links en consolidatiekansen."
en,https://go2-thailand.com/blog/ethical-elephant-sanctuaries-thailand-2026-guide/,/blog/ethical-elephant-sanctuaries-thailand-2026-guide/,/blog/ethical-elephant-sanctuaries-thailand-2026-guide/,blog,yes,editorial,freshness-audit,P2,provisional,"Controleer zoekintentie, feiten, datumclaims, interne links en consolidatiekansen."
en,https://go2-thailand.com/blog/exercise-cope-tiger-2026-korat-air-base-thailand/,/blog/exercise-cope-tiger-2026-korat-air-base-thailand/,/blog/exercise-cope-tiger-2026-korat-air-base-thailand/,blog,yes,editorial,freshness-audit,P2,provisional,"Controleer zoekintentie, feiten, datumclaims, interne links en consolidatiekansen."
en,https://go2-thailand.com/blog/global-wellness-summit-2026-phuket-november/,/blog/global-wellness-summit-2026-phuket-november/,/blog/global-wellness-summit-2026-phuket-november/,blog,yes,editorial,freshness-audit,P2,provisional,"Controleer zoekintentie, feiten, datumclaims, interne links en consolidatiekansen."
en,https://go2-thailand.com/blog/harbor-island-bangkok-rooftop-waterpark-2026/,/blog/harbor-island-bangkok-rooftop-waterpark-2026/,/blog/harbor-island-bangkok-rooftop-waterpark-2026/,blog,yes,editorial,freshness-audit,P2,provisional,"Controleer zoekintentie, feiten, datumclaims, interne links en consolidatiekansen."
en,https://go2-thailand.com/blog/healing-journey-thailand-wellness-campaign-2026/,/blog/healing-journey-thailand-wellness-campaign-2026/,/blog/healing-journey-thailand-wellness-campaign-2026/,blog,yes,editorial,freshness-audit,P2,provisional,"Controleer zoekintentie, feiten, datumclaims, interne links en consolidatiekansen."
en,https://go2-thailand.com/blog/khao-sok-floating-bungalows-cheow-lan-lake-glamping-guide-2026/,/blog/khao-sok-floating-bungalows-cheow-lan-lake-glamping-guide-2026/,/blog/khao-sok-floating-bungalows-cheow-lan-lake-glamping-guide-2026/,blog,yes,editorial,freshness-audit,P2,provisional,"Controleer zoekintentie, feiten, datumclaims, interne links en consolidatiekansen."
en,https://go2-thailand.com/blog/koh-kradan-bileh-beach-five-star-rating-thailand-2026/,/blog/koh-kradan-bileh-beach-five-star-rating-thailand-2026/,/blog/koh-kradan-bileh-beach-five-star-rating-thailand-2026/,blog,yes,editorial,freshness-audit,P2,provisional,"Controleer zoekintentie, feiten, datumclaims, interne links en consolidatiekansen."
en,https://go2-thailand.com/blog/koh-tao-coral-restoration-eco-diving-rules-2026/,/blog/koh-tao-coral-restoration-eco-diving-rules-2026/,/blog/koh-tao-coral-restoration-eco-diving-rules-2026/,blog,yes,editorial,freshness-audit,P2,provisional,"Controleer zoekintentie, feiten, datumclaims, interne links en consolidatiekansen."
en,https://go2-thailand.com/blog/middle-east-conflict-thailand-flights-airfare-2026/,/blog/middle-east-conflict-thailand-flights-airfare-2026/,/blog/middle-east-conflict-thailand-flights-airfare-2026/,blog,yes,editorial,freshness-audit,P2,provisional,"Controleer zoekintentie, feiten, datumclaims, interne links en consolidatiekansen."
en,https://go2-thailand.com/blog/one-bangkok-shopping-mall-tourist-guide-2026/,/blog/one-bangkok-shopping-mall-tourist-guide-2026/,/blog/one-bangkok-shopping-mall-tourist-guide-2026/,blog,yes,editorial,freshness-audit,P2,provisional,"Controleer zoekintentie, feiten, datumclaims, interne links en consolidatiekansen."
en,https://go2-thailand.com/blog/outrigger-phi-phi-island-resort-barefoot-luxury-2026/,/blog/outrigger-phi-phi-island-resort-barefoot-luxury-2026/,/blog/outrigger-phi-phi-island-resort-barefoot-luxury-2026/,blog,yes,editorial,freshness-audit,P2,provisional,"Controleer zoekintentie, feiten, datumclaims, interne links en consolidatiekansen."
en,https://go2-thailand.com/blog/phuket-best-beach-clubs-2026-yona-catch-barra-cuda/,/blog/phuket-best-beach-clubs-2026-yona-catch-barra-cuda/,/blog/phuket-best-beach-clubs-2026-yona-catch-barra-cuda/,blog,yes,editorial,freshness-audit,P2,provisional,"Controleer zoekintentie, feiten, datumclaims, interne links en consolidatiekansen."
en,https://go2-thailand.com/blog/royal-ploughing-ceremony-bangkok-may-2026/,/blog/royal-ploughing-ceremony-bangkok-may-2026/,/blog/royal-ploughing-ceremony-bangkok-may-2026/,blog,yes,editorial,freshness-audit,P2,provisional,"Controleer zoekintentie, feiten, datumclaims, interne links en consolidatiekansen."
en,https://go2-thailand.com/blog/siam-songkran-music-festival-2026-bangkok-guide/,/blog/siam-songkran-music-festival-2026-bangkok-guide/,/blog/siam-songkran-music-festival-2026-bangkok-guide/,blog,yes,editorial,freshness-audit,P2,provisional,"Controleer zoekintentie, feiten, datumclaims, interne links en consolidatiekansen."
en,https://go2-thailand.com/blog/silom-edge-songkran-2026-bangkok-water-festival-event/,/blog/silom-edge-songkran-2026-bangkok-water-festival-event/,/blog/silom-edge-songkran-2026-bangkok-water-festival-event/,blog,yes,editorial,freshness-audit,P2,provisional,"Controleer zoekintentie, feiten, datumclaims, interne links en consolidatiekansen."
en,https://go2-thailand.com/blog/similan-islands-diving-snorkelling-new-rules-2026/,/blog/similan-islands-diving-snorkelling-new-rules-2026/,/blog/similan-islands-diving-snorkelling-new-rules-2026/,blog,yes,editorial,freshness-audit,P2,provisional,"Controleer zoekintentie, feiten, datumclaims, interne links en consolidatiekansen."
en,https://go2-thailand.com/blog/tagthai-app-sustainable-travel-guide-2026/,/blog/tagthai-app-sustainable-travel-guide-2026/,/blog/tagthai-app-sustainable-travel-guide-2026/,blog,yes,editorial,freshness-audit,P2,provisional,"Controleer zoekintentie, feiten, datumclaims, interne links en consolidatiekansen."
en,https://go2-thailand.com/blog/thailand-2026-election-tourism-rail-investment/,/blog/thailand-2026-election-tourism-rail-investment/,/blog/thailand-2026-election-tourism-rail-investment/,blog,yes,editorial,freshness-audit,P2,provisional,"Controleer zoekintentie, feiten, datumclaims, interne links en consolidatiekansen."
en,https://go2-thailand.com/blog/thailand-3-trillion-baht-tourism-target-amazing-5-economy-2026/,/blog/thailand-3-trillion-baht-tourism-target-amazing-5-economy-2026/,/blog/thailand-3-trillion-baht-tourism-target-amazing-5-economy-2026/,blog,yes,editorial,freshness-audit,P2,provisional,"Controleer zoekintentie, feiten, datumclaims, interne links en consolidatiekansen."
en,https://go2-thailand.com/blog/thailand-300-baht-tourist-entry-fee-2026-what-to-know/,/blog/thailand-300-baht-tourist-entry-fee-2026-what-to-know/,/blog/thailand-300-baht-tourist-entry-fee-2026-what-to-know/,blog,yes,editorial,freshness-audit,P2,provisional,"Controleer zoekintentie, feiten, datumclaims, interne links en consolidatiekansen."
en,https://go2-thailand.com/blog/thailand-4am-closing-time-nightlife-law-2026/,/blog/thailand-4am-closing-time-nightlife-law-2026/,/blog/thailand-4am-closing-time-nightlife-law-2026/,blog,yes,editorial,freshness-audit,P2,provisional,"Controleer zoekintentie, feiten, datumclaims, interne links en consolidatiekansen."
en,https://go2-thailand.com/blog/thailand-aerothai-1000-flights-cancelled-gulf-crisis-2026/,/blog/thailand-aerothai-1000-flights-cancelled-gulf-crisis-2026/,/blog/thailand-aerothai-1000-flights-cancelled-gulf-crisis-2026/,blog,yes,editorial,freshness-audit,P2,provisional,"Controleer zoekintentie, feiten, datumclaims, interne links en consolidatiekansen."
en,https://go2-thailand.com/blog/thailand-cycling-tours-2026-chiang-mai-coast-guide/,/blog/thailand-cycling-tours-2026-chiang-mai-coast-guide/,/blog/thailand-cycling-tours-2026-chiang-mai-coast-guide/,blog,yes,editorial,freshness-audit,P2,provisional,"Controleer zoekintentie, feiten, datumclaims, interne links en consolidatiekansen."
en,https://go2-thailand.com/blog/thailand-double-track-railway-2026-progress-travel-impact/,/blog/thailand-double-track-railway-2026-progress-travel-impact/,/blog/thailand-double-track-railway-2026-progress-travel-impact/,blog,yes,editorial,freshness-audit,P2,provisional,"Controleer zoekintentie, feiten, datumclaims, interne links en consolidatiekansen."
en,https://go2-thailand.com/blog/thailand-electricity-tariff-cut-2026-cost-of-living/,/blog/thailand-electricity-tariff-cut-2026-cost-of-living/,/blog/thailand-electricity-tariff-cut-2026-cost-of-living/,blog,yes,editorial,freshness-audit,P2,provisional,"Controleer zoekintentie, feiten, datumclaims, interne links en consolidatiekansen."
en,https://go2-thailand.com/blog/thailand-evisa-overhaul-2026-simplified-categories/,/blog/thailand-evisa-overhaul-2026-simplified-categories/,/blog/thailand-evisa-overhaul-2026-simplified-categories/,blog,yes,editorial,freshness-audit,P2,provisional,"Controleer zoekintentie, feiten, datumclaims, interne links en consolidatiekansen."
en,https://go2-thailand.com/blog/thailand-fuel-shortage-suvarnabhumi-taxis-krabi-boats-march-2026/,/blog/thailand-fuel-shortage-suvarnabhumi-taxis-krabi-boats-march-2026/,/blog/thailand-fuel-shortage-suvarnabhumi-taxis-krabi-boats-march-2026/,blog,yes,editorial,freshness-audit,P2,provisional,"Controleer zoekintentie, feiten, datumclaims, interne links en consolidatiekansen."
en,https://go2-thailand.com/blog/thailand-langham-custom-house-bangkok-luxury-hotel-2026/,/blog/thailand-langham-custom-house-bangkok-luxury-hotel-2026/,/blog/thailand-langham-custom-house-bangkok-luxury-hotel-2026/,blog,yes,editorial,freshness-audit,P2,provisional,"Controleer zoekintentie, feiten, datumclaims, interne links en consolidatiekansen."
en,https://go2-thailand.com/blog/thailand-longevity-anti-aging-retreats-2026/,/blog/thailand-longevity-anti-aging-retreats-2026/,/blog/thailand-longevity-anti-aging-retreats-2026/,blog,yes,editorial,freshness-audit,P2,provisional,"Controleer zoekintentie, feiten, datumclaims, interne links en consolidatiekansen."
en,https://go2-thailand.com/blog/thailand-mekong-river-cruises-cultural-tourism-2026/,/blog/thailand-mekong-river-cruises-cultural-tourism-2026/,/blog/thailand-mekong-river-cruises-cultural-tourism-2026/,blog,yes,editorial,freshness-audit,P2,provisional,"Controleer zoekintentie, feiten, datumclaims, interne links en consolidatiekansen."
en,https://go2-thailand.com/blog/thailand-mekong-riverside-seven-provinces-sustainable-tourism-2026/,/blog/thailand-mekong-riverside-seven-provinces-sustainable-tourism-2026/,/blog/thailand-mekong-riverside-seven-provinces-sustainable-tourism-2026/,blog,yes,editorial,freshness-audit,P2,provisional,"Controleer zoekintentie, feiten, datumclaims, interne links en consolidatiekansen."
en,https://go2-thailand.com/blog/thailand-michelin-guide-2026-new-stars-suhring/,/blog/thailand-michelin-guide-2026-new-stars-suhring/,/blog/thailand-michelin-guide-2026-new-stars-suhring/,blog,yes,editorial,freshness-audit,P2,provisional,"Controleer zoekintentie, feiten, datumclaims, interne links en consolidatiekansen."
en,https://go2-thailand.com/blog/thailand-new-house-speaker-sophon-zaram-bhumjaithai-2026/,/blog/thailand-new-house-speaker-sophon-zaram-bhumjaithai-2026/,/blog/thailand-new-house-speaker-sophon-zaram-bhumjaithai-2026/,blog,yes,editorial,freshness-audit,P2,provisional,"Controleer zoekintentie, feiten, datumclaims, interne links en consolidatiekansen."
en,https://go2-thailand.com/blog/thailand-rainy-season-travel-tips-2026/,/blog/thailand-rainy-season-travel-tips-2026/,/blog/thailand-rainy-season-travel-tips-2026/,blog,yes,editorial,freshness-audit,P2,provisional,"Controleer zoekintentie, feiten, datumclaims, interne links en consolidatiekansen."
en,https://go2-thailand.com/blog/thailand-rising-costs-tourists-middle-east-crisis-2026/,/blog/thailand-rising-costs-tourists-middle-east-crisis-2026/,/blog/thailand-rising-costs-tourists-middle-east-crisis-2026/,blog,yes,editorial,freshness-audit,P2,provisional,"Controleer zoekintentie, feiten, datumclaims, interne links en consolidatiekansen."
en,https://go2-thailand.com/blog/thailand-solo-travel-boom-2026-tips-destinations/,/blog/thailand-solo-travel-boom-2026-tips-destinations/,/blog/thailand-solo-travel-boom-2026-tips-destinations/,blog,yes,editorial,freshness-audit,P2,provisional,"Controleer zoekintentie, feiten, datumclaims, interne links en consolidatiekansen."
en,https://go2-thailand.com/blog/thailand-star-green-tourism-accreditation-2026/,/blog/thailand-star-green-tourism-accreditation-2026/,/blog/thailand-star-green-tourism-accreditation-2026/,blog,yes,editorial,freshness-audit,P2,provisional,"Controleer zoekintentie, feiten, datumclaims, interne links en consolidatiekansen."
en,https://go2-thailand.com/blog/thailand-tat-crisis-monitoring-centre-march-2026/,/blog/thailand-tat-crisis-monitoring-centre-march-2026/,/blog/thailand-tat-crisis-monitoring-centre-march-2026/,blog,yes,editorial,freshness-audit,P2,provisional,"Controleer zoekintentie, feiten, datumclaims, interne links en consolidatiekansen."
en,https://go2-thailand.com/blog/thailand-temple-etiquette-dress-code-guide-2026/,/blog/thailand-temple-etiquette-dress-code-guide-2026/,/blog/thailand-temple-etiquette-dress-code-guide-2026/,blog,yes,editorial,freshness-audit,P2,provisional,"Controleer zoekintentie, feiten, datumclaims, interne links en consolidatiekansen."
en,https://go2-thailand.com/blog/thailand-three-airport-high-speed-rail-2026-update/,/blog/thailand-three-airport-high-speed-rail-2026-update/,/blog/thailand-three-airport-high-speed-rail-2026-update/,blog,yes,editorial,freshness-audit,P2,provisional,"Controleer zoekintentie, feiten, datumclaims, interne links en consolidatiekansen."
en,https://go2-thailand.com/blog/thailand-tomorrowland-pattaya-first-asia-edition-2026/,/blog/thailand-tomorrowland-pattaya-first-asia-edition-2026/,/blog/thailand-tomorrowland-pattaya-first-asia-edition-2026/,blog,yes,editorial,freshness-audit,P2,provisional,"Controleer zoekintentie, feiten, datumclaims, interne links en consolidatiekansen."
en,https://go2-thailand.com/blog/thailand-tourism-festival-2026-zero-waste-sustainability-zone/,/blog/thailand-tourism-festival-2026-zero-waste-sustainability-zone/,/blog/thailand-tourism-festival-2026-zero-waste-sustainability-zone/,blog,yes,editorial,freshness-audit,P2,provisional,"Controleer zoekintentie, feiten, datumclaims, interne links en consolidatiekansen."
en,https://go2-thailand.com/blog/thailand-visa-restrictions-2026-asian-countries-tourism-impact/,/blog/thailand-visa-restrictions-2026-asian-countries-tourism-impact/,/blog/thailand-visa-restrictions-2026-asian-countries-tourism-impact/,blog,yes,editorial,freshness-audit,P2,provisional,"Controleer zoekintentie, feiten, datumclaims, interne links en consolidatiekansen."
en,https://go2-thailand.com/blog/thainosaur-museum-bangkok-dinosaur-attraction-2026/,/blog/thainosaur-museum-bangkok-dinosaur-attraction-2026/,/blog/thainosaur-museum-bangkok-dinosaur-attraction-2026/,blog,yes,editorial,freshness-audit,P2,provisional,"Controleer zoekintentie, feiten, datumclaims, interne links en consolidatiekansen."
en,https://go2-thailand.com/blog/visakha-bucha-day-2026-thailand-guide/,/blog/visakha-bucha-day-2026-thailand-guide/,/blog/visakha-bucha-day-2026-thailand-guide/,blog,yes,editorial,freshness-audit,P2,provisional,"Controleer zoekintentie, feiten, datumclaims, interne links en consolidatiekansen."
en,https://go2-thailand.com/blog/visama-explorer-nan-eco-glamping-tented-camp-2026/,/blog/visama-explorer-nan-eco-glamping-tented-camp-2026/,/blog/visama-explorer-nan-eco-glamping-tented-camp-2026/,blog,yes,editorial,freshness-audit,P2,provisional,"Controleer zoekintentie, feiten, datumclaims, interne links en consolidatiekansen."
en,https://go2-thailand.com/blog/world-of-coffee-bangkok-2026-specialty-coffee-event/,/blog/world-of-coffee-bangkok-2026-specialty-coffee-event/,/blog/world-of-coffee-bangkok-2026-specialty-coffee-event/,blog,yes,editorial,freshness-audit,P2,provisional,"Controleer zoekintentie, feiten, datumclaims, interne links en consolidatiekansen."
en,https://go2-thailand.com/blog/bangkok-to-koh-samui-guide/,/blog/bangkok-to-koh-samui-guide/,/blog/bangkok-to-koh-samui-guide/,blog,yes,editorial,freshness-audit,P2,provisional,"Controleer zoekintentie, feiten, datumclaims, interne links en consolidatiekansen."
en,https://go2-thailand.com/blog/does-thai-food-have-msg/,/blog/does-thai-food-have-msg/,/blog/does-thai-food-have-msg/,blog,yes,editorial,freshness-audit,P2,provisional,"Controleer zoekintentie, feiten, datumclaims, interne links en consolidatiekansen."
en,https://go2-thailand.com/blog/fetta-14-billion-baht-relief-package-thailand-tourism-2026/,/blog/fetta-14-billion-baht-relief-package-thailand-tourism-2026/,/blog/fetta-14-billion-baht-relief-package-thailand-tourism-2026/,blog,yes,editorial,freshness-audit,P2,provisional,"Controleer zoekintentie, feiten, datumclaims, interne links en consolidatiekansen."
en,https://go2-thailand.com/blog/halal-food-thailand-guide/,/blog/halal-food-thailand-guide/,/blog/halal-food-thailand-guide/,blog,yes,editorial,freshness-audit,P2,provisional,"Controleer zoekintentie, feiten, datumclaims, interne links en consolidatiekansen."
en,https://go2-thailand.com/blog/history-of-thai-cuisine/,/blog/history-of-thai-cuisine/,/blog/history-of-thai-cuisine/,blog,yes,editorial,freshness-audit,P2,provisional,"Controleer zoekintentie, feiten, datumclaims, interne links en consolidatiekansen."
en,https://go2-thailand.com/blog/how-long-spend-thailand/,/blog/how-long-spend-thailand/,/blog/how-long-spend-thailand/,blog,yes,editorial,freshness-audit,P2,provisional,"Controleer zoekintentie, feiten, datumclaims, interne links en consolidatiekansen."
en,https://go2-thailand.com/blog/is-thai-food-gluten-free/,/blog/is-thai-food-gluten-free/,/blog/is-thai-food-gluten-free/,blog,yes,editorial,freshness-audit,P2,provisional,"Controleer zoekintentie, feiten, datumclaims, interne links en consolidatiekansen."
en,https://go2-thailand.com/blog/is-thai-food-healthy/,/blog/is-thai-food-healthy/,/blog/is-thai-food-healthy/,blog,yes,editorial,freshness-audit,P2,provisional,"Controleer zoekintentie, feiten, datumclaims, interne links en consolidatiekansen."
en,https://go2-thailand.com/blog/is-thai-food-spicy-guide/,/blog/is-thai-food-spicy-guide/,/blog/is-thai-food-spicy-guide/,blog,yes,editorial,freshness-audit,P2,provisional,"Controleer zoekintentie, feiten, datumclaims, interne links en consolidatiekansen."
en,https://go2-thailand.com/blog/khao-soi-chiang-mai-guide/,/blog/khao-soi-chiang-mai-guide/,/blog/khao-soi-chiang-mai-guide/,blog,yes,editorial,freshness-audit,P2,provisional,"Controleer zoekintentie, feiten, datumclaims, interne links en consolidatiekansen."
en,https://go2-thailand.com/blog/koh-chang-guide-thailand-eastern-island/,/blog/koh-chang-guide-thailand-eastern-island/,/blog/koh-chang-guide-thailand-eastern-island/,blog,yes,editorial,freshness-audit,P2,provisional,"Controleer zoekintentie, feiten, datumclaims, interne links en consolidatiekansen."
en,https://go2-thailand.com/blog/lisa-blackpink-thailand-tourism-ambassador-2026/,/blog/lisa-blackpink-thailand-tourism-ambassador-2026/,/blog/lisa-blackpink-thailand-tourism-ambassador-2026/,blog,yes,editorial,freshness-audit,P2,provisional,"Controleer zoekintentie, feiten, datumclaims, interne links en consolidatiekansen."
en,https://go2-thailand.com/blog/songkran-2026-airlines-discount-flights/,/blog/songkran-2026-airlines-discount-flights/,/blog/songkran-2026-airlines-discount-flights/,blog,yes,editorial,freshness-audit,P2,provisional,"Controleer zoekintentie, feiten, datumclaims, interne links en consolidatiekansen."
en,https://go2-thailand.com/blog/thailand-10-day-itinerary/,/blog/thailand-10-day-itinerary/,/blog/thailand-10-day-itinerary/,blog,yes,editorial,freshness-audit,P2,provisional,"Controleer zoekintentie, feiten, datumclaims, interne links en consolidatiekansen."
en,https://go2-thailand.com/blog/thailand-anutin-reelected-prime-minister-march-2026/,/blog/thailand-anutin-reelected-prime-minister-march-2026/,/blog/thailand-anutin-reelected-prime-minister-march-2026/,blog,yes,editorial,freshness-audit,P2,provisional,"Controleer zoekintentie, feiten, datumclaims, interne links en consolidatiekansen."
en,https://go2-thailand.com/blog/thailand-imf-world-bank-annual-meetings-bangkok-2026/,/blog/thailand-imf-world-bank-annual-meetings-bangkok-2026/,/blog/thailand-imf-world-bank-annual-meetings-bangkok-2026/,blog,yes,editorial,freshness-audit,P2,provisional,"Controleer zoekintentie, feiten, datumclaims, interne links en consolidatiekansen."
en,https://go2-thailand.com/blog/thailand-itinerary-first-timers/,/blog/thailand-itinerary-first-timers/,/blog/thailand-itinerary-first-timers/,blog,yes,editorial,freshness-audit,P2,provisional,"Controleer zoekintentie, feiten, datumclaims, interne links en consolidatiekansen."
en,https://go2-thailand.com/blog/thailand-oil-crisis-flight-prices-energy-march-2026/,/blog/thailand-oil-crisis-flight-prices-energy-march-2026/,/blog/thailand-oil-crisis-flight-prices-energy-march-2026/,blog,yes,editorial,freshness-audit,P2,provisional,"Controleer zoekintentie, feiten, datumclaims, interne links en consolidatiekansen."
en,https://go2-thailand.com/blog/thailand-tourism-2026-middle-east-impact-visitor-numbers/,/blog/thailand-tourism-2026-middle-east-impact-visitor-numbers/,/blog/thailand-tourism-2026-middle-east-impact-visitor-numbers/,blog,yes,editorial,freshness-audit,P2,provisional,"Controleer zoekintentie, feiten, datumclaims, interne links en consolidatiekansen."
en,https://go2-thailand.com/blog/thailand-tourism-7-million-visitors-march-2026/,/blog/thailand-tourism-7-million-visitors-march-2026/,/blog/thailand-tourism-7-million-visitors-march-2026/,blog,yes,editorial,freshness-audit,P2,provisional,"Controleer zoekintentie, feiten, datumclaims, interne links en consolidatiekansen."
en,https://go2-thailand.com/blog/thailand-tourism-next-strategy-value-over-volume-2026/,/blog/thailand-tourism-next-strategy-value-over-volume-2026/,/blog/thailand-tourism-next-strategy-value-over-volume-2026/,blog,yes,editorial,freshness-audit,P2,provisional,"Controleer zoekintentie, feiten, datumclaims, interne links en consolidatiekansen."
en,https://go2-thailand.com/blog/thailand-travel-fair-2026-qsncc-bangkok/,/blog/thailand-travel-fair-2026-qsncc-bangkok/,/blog/thailand-travel-fair-2026-qsncc-bangkok/,blog,yes,editorial,freshness-audit,P2,provisional,"Controleer zoekintentie, feiten, datumclaims, interne links en consolidatiekansen."
en,https://go2-thailand.com/blog/thailand-travel-packages-guide/,/blog/thailand-travel-packages-guide/,/blog/thailand-travel-packages-guide/,blog,yes,editorial,freshness-audit,P2,provisional,"Controleer zoekintentie, feiten, datumclaims, interne links en consolidatiekansen."
en,https://go2-thailand.com/blog/thailand-ttm-plus-2026-pattaya-business-tourism/,/blog/thailand-ttm-plus-2026-pattaya-business-tourism/,/blog/thailand-ttm-plus-2026-pattaya-business-tourism/,blog,yes,editorial,freshness-audit,P2,provisional,"Controleer zoekintentie, feiten, datumclaims, interne links en consolidatiekansen."
en,https://go2-thailand.com/blog/travel-insurance-thailand-guide/,/blog/travel-insurance-thailand-guide/,/blog/travel-insurance-thailand-guide/,blog,yes,editorial,freshness-audit,P2,provisional,"Controleer zoekintentie, feiten, datumclaims, interne links en consolidatiekansen."
en,https://go2-thailand.com/blog/ultimate-thailand-itinerary-2026/,/blog/ultimate-thailand-itinerary-2026/,/blog/ultimate-thailand-itinerary-2026/,blog,yes,editorial,freshness-audit,P2,provisional,"Controleer zoekintentie, feiten, datumclaims, interne links en consolidatiekansen."
en,https://go2-thailand.com/blog/vegan-thai-food-guide/,/blog/vegan-thai-food-guide/,/blog/vegan-thai-food-guide/,blog,yes,editorial,freshness-audit,P2,provisional,"Controleer zoekintentie, feiten, datumclaims, interne links en consolidatiekansen."
en,https://go2-thailand.com/blog/what-is-thai-food-cuisine-guide/,/blog/what-is-thai-food-cuisine-guide/,/blog/what-is-thai-food-cuisine-guide/,blog,yes,editorial,freshness-audit,P2,provisional,"Controleer zoekintentie, feiten, datumclaims, interne links en consolidatiekansen."
en,https://go2-thailand.com/blog/what-makes-thai-food-spicy/,/blog/what-makes-thai-food-spicy/,/blog/what-makes-thai-food-spicy/,blog,yes,editorial,freshness-audit,P2,provisional,"Controleer zoekintentie, feiten, datumclaims, interne links en consolidatiekansen."
en,https://go2-thailand.com/blog/mango-sticky-rice-season-thailand/,/blog/mango-sticky-rice-season-thailand/,/blog/mango-sticky-rice-season-thailand/,blog,yes,editorial,freshness-audit,P2,provisional,"Controleer zoekintentie, feiten, datumclaims, interne links en consolidatiekansen."
en,https://go2-thailand.com/blog/wat-pho-bangkok-reclining-buddha/,/blog/wat-pho-bangkok-reclining-buddha/,/blog/wat-pho-bangkok-reclining-buddha/,blog,yes,editorial,freshness-audit,P2,provisional,"Controleer zoekintentie, feiten, datumclaims, interne links en consolidatiekansen."
en,https://go2-thailand.com/blog/chatuchak-weekend-market-food-guide/,/blog/chatuchak-weekend-market-food-guide/,/blog/chatuchak-weekend-market-food-guide/,blog,yes,editorial,freshness-audit,P2,provisional,"Controleer zoekintentie, feiten, datumclaims, interne links en consolidatiekansen."
en,https://go2-thailand.com/blog/thai-massage-guide-types-prices/,/blog/thai-massage-guide-types-prices/,/blog/thai-massage-guide-types-prices/,blog,yes,editorial,freshness-audit,P2,provisional,"Controleer zoekintentie, feiten, datumclaims, interne links en consolidatiekansen."
en,https://go2-thailand.com/blog/solo-female-travel-thailand-safety-tips/,/blog/solo-female-travel-thailand-safety-tips/,/blog/solo-female-travel-thailand-safety-tips/,blog,yes,editorial,freshness-audit,P2,provisional,"Controleer zoekintentie, feiten, datumclaims, interne links en consolidatiekansen."
en,https://go2-thailand.com/blog/som-tam-regional-variations-thailand/,/blog/som-tam-regional-variations-thailand/,/blog/som-tam-regional-variations-thailand/,blog,yes,editorial,freshness-audit,P2,provisional,"Controleer zoekintentie, feiten, datumclaims, interne links en consolidatiekansen."
en,https://go2-thailand.com/blog/night-markets-food-lovers-bangkok-chiang-mai-phuket/,/blog/night-markets-food-lovers-bangkok-chiang-mai-phuket/,/blog/night-markets-food-lovers-bangkok-chiang-mai-phuket/,blog,yes,editorial,freshness-audit,P2,provisional,"Controleer zoekintentie, feiten, datumclaims, interne links en consolidatiekansen."
en,https://go2-thailand.com/blog/thailand-with-kids-family-travel-guide/,/blog/thailand-with-kids-family-travel-guide/,/blog/thailand-with-kids-family-travel-guide/,blog,yes,editorial,freshness-audit,P2,provisional,"Controleer zoekintentie, feiten, datumclaims, interne links en consolidatiekansen."
en,https://go2-thailand.com/blog/best-wellness-retreats-thailand-2026/,/blog/best-wellness-retreats-thailand-2026/,/blog/best-wellness-retreats-thailand-2026/,blog,yes,editorial,freshness-audit,P2,provisional,"Controleer zoekintentie, feiten, datumclaims, interne links en consolidatiekansen."
en,https://go2-thailand.com/blog/pad-thai-street-food-vs-restaurant-homemade/,/blog/pad-thai-street-food-vs-restaurant-homemade/,/blog/pad-thai-street-food-vs-restaurant-homemade/,blog,yes,editorial,freshness-audit,P2,provisional,"Controleer zoekintentie, feiten, datumclaims, interne links en consolidatiekansen."
en,https://go2-thailand.com/blog/thailand-7-days-itineraries/,/blog/thailand-7-days-itineraries/,/blog/thailand-7-days-itineraries/,blog,yes,editorial,freshness-audit,P2,provisional,"Controleer zoekintentie, feiten, datumclaims, interne links en consolidatiekansen."
en,https://go2-thailand.com/blog/tom-yum-goong-guide/,/blog/tom-yum-goong-guide/,/blog/tom-yum-goong-guide/,blog,yes,editorial,freshness-audit,P2,provisional,"Controleer zoekintentie, feiten, datumclaims, interne links en consolidatiekansen."
en,https://go2-thailand.com/blog/thai-cooking-classes-chiang-mai/,/blog/thai-cooking-classes-chiang-mai/,/blog/thai-cooking-classes-chiang-mai/,blog,yes,editorial,freshness-audit,P2,provisional,"Controleer zoekintentie, feiten, datumclaims, interne links en consolidatiekansen."
en,https://go2-thailand.com/blog/thai-curry-guide-green-red-yellow-massaman-panang/,/blog/thai-curry-guide-green-red-yellow-massaman-panang/,/blog/thai-curry-guide-green-red-yellow-massaman-panang/,blog,yes,editorial,freshness-audit,P2,provisional,"Controleer zoekintentie, feiten, datumclaims, interne links en consolidatiekansen."
en,https://go2-thailand.com/blog/15-hidden-gems-thailand-tourists-miss/,/blog/15-hidden-gems-thailand-tourists-miss/,/blog/15-hidden-gems-thailand-tourists-miss/,blog,yes,editorial,freshness-audit,P2,provisional,"Controleer zoekintentie, feiten, datumclaims, interne links en consolidatiekansen."
en,https://go2-thailand.com/blog/thailand-vs-bali-2026-which-is-better/,/blog/thailand-vs-bali-2026-which-is-better/,/blog/thailand-vs-bali-2026-which-is-better/,blog,yes,editorial,freshness-audit,P2,provisional,"Controleer zoekintentie, feiten, datumclaims, interne links en consolidatiekansen."
en,https://go2-thailand.com/blog/10-biggest-thailand-travel-mistakes/,/blog/10-biggest-thailand-travel-mistakes/,/blog/10-biggest-thailand-travel-mistakes/,blog,yes,editorial,freshness-audit,P2,provisional,"Controleer zoekintentie, feiten, datumclaims, interne links en consolidatiekansen."
en,https://go2-thailand.com/blog/is-phuket-worth-visiting-2026-honest-guide/,/blog/is-phuket-worth-visiting-2026-honest-guide/,/blog/is-phuket-worth-visiting-2026-honest-guide/,blog,yes,editorial,freshness-audit,P2,provisional,"Controleer zoekintentie, feiten, datumclaims, interne links en consolidatiekansen."
en,https://go2-thailand.com/blog/thailand-travel-scams-2026/,/blog/thailand-travel-scams-2026/,/blog/thailand-travel-scams-2026/,blog,yes,editorial,freshness-audit,P2,provisional,"Controleer zoekintentie, feiten, datumclaims, interne links en consolidatiekansen."
en,https://go2-thailand.com/blog/how-much-2-weeks-thailand-cost-2026-budget/,/blog/how-much-2-weeks-thailand-cost-2026-budget/,/blog/how-much-2-weeks-thailand-cost-2026-budget/,blog,yes,editorial,freshness-audit,P2,provisional,"Controleer zoekintentie, feiten, datumclaims, interne links en consolidatiekansen."
en,https://go2-thailand.com/blog/thailand-cheap-2026-travel-costs/,/blog/thailand-cheap-2026-travel-costs/,/blog/thailand-cheap-2026-travel-costs/,blog,yes,editorial,freshness-audit,P2,provisional,"Controleer zoekintentie, feiten, datumclaims, interne links en consolidatiekansen."
en,https://go2-thailand.com/blog/best-day-trips-from-bangkok/,/blog/best-day-trips-from-bangkok/,/blog/best-day-trips-from-bangkok/,blog,yes,editorial,freshness-audit,P2,provisional,"Controleer zoekintentie, feiten, datumclaims, interne links en consolidatiekansen."
en,https://go2-thailand.com/blog/digital-nomad-thailand-2026-dtv-visa-costs-cities/,/blog/digital-nomad-thailand-2026-dtv-visa-costs-cities/,/blog/digital-nomad-thailand-2026-dtv-visa-costs-cities/,blog,yes,editorial,freshness-audit,P2,provisional,"Controleer zoekintentie, feiten, datumclaims, interne links en consolidatiekansen."
en,https://go2-thailand.com/blog/thailand-vs-vietnam-which-country-visit-2026/,/blog/thailand-vs-vietnam-which-country-visit-2026/,/blog/thailand-vs-vietnam-which-country-visit-2026/,blog,yes,editorial,freshness-audit,P2,provisional,"Controleer zoekintentie, feiten, datumclaims, interne links en consolidatiekansen."
en,https://go2-thailand.com/blog/koh-tao-guide-diving-beaches-budget-travel/,/blog/koh-tao-guide-diving-beaches-budget-travel/,/blog/koh-tao-guide-diving-beaches-budget-travel/,blog,yes,editorial,freshness-audit,P2,provisional,"Controleer zoekintentie, feiten, datumclaims, interne links en consolidatiekansen."
en,https://go2-thailand.com/blog/songkran-festival-2026-guide/,/blog/songkran-festival-2026-guide/,/blog/songkran-festival-2026-guide/,blog,yes,editorial,freshness-audit,P2,provisional,"Controleer zoekintentie, feiten, datumclaims, interne links en consolidatiekansen."
en,https://go2-thailand.com/blog/thailand-honeymoon-guide-romantic-destinations/,/blog/thailand-honeymoon-guide-romantic-destinations/,/blog/thailand-honeymoon-guide-romantic-destinations/,blog,yes,editorial,freshness-audit,P2,provisional,"Controleer zoekintentie, feiten, datumclaims, interne links en consolidatiekansen."
en,https://go2-thailand.com/blog/krabi-travel-guide/,/blog/krabi-travel-guide/,/blog/krabi-travel-guide/,blog,yes,editorial,freshness-audit,P2,provisional,"Controleer zoekintentie, feiten, datumclaims, interne links en consolidatiekansen."
en,https://go2-thailand.com/blog/loi-krathong-yi-peng-2026-festival-guide/,/blog/loi-krathong-yi-peng-2026-festival-guide/,/blog/loi-krathong-yi-peng-2026-festival-guide/,blog,yes,editorial,freshness-audit,P2,provisional,"Controleer zoekintentie, feiten, datumclaims, interne links en consolidatiekansen."
en,https://go2-thailand.com/blog/phi-phi-islands-guide-beyond-tourist-crowds/,/blog/phi-phi-islands-guide-beyond-tourist-crowds/,/blog/phi-phi-islands-guide-beyond-tourist-crowds/,blog,yes,editorial,freshness-audit,P2,provisional,"Controleer zoekintentie, feiten, datumclaims, interne links en consolidatiekansen."
en,https://go2-thailand.com/blog/24-hours-talad-noi-bangkok-hidden-gem/,/blog/24-hours-talad-noi-bangkok-hidden-gem/,/blog/24-hours-talad-noi-bangkok-hidden-gem/,blog,yes,editorial,freshness-audit,P2,provisional,"Controleer zoekintentie, feiten, datumclaims, interne links en consolidatiekansen."
en,https://go2-thailand.com/blog/full-moon-party-koh-phangan-guide-2026/,/blog/full-moon-party-koh-phangan-guide-2026/,/blog/full-moon-party-koh-phangan-guide-2026/,blog,yes,editorial,freshness-audit,P2,provisional,"Controleer zoekintentie, feiten, datumclaims, interne links en consolidatiekansen."
en,https://go2-thailand.com/blog/phuket-travel-guide-2026/,/blog/phuket-travel-guide-2026/,/blog/phuket-travel-guide-2026/,blog,yes,editorial,freshness-audit,P2,provisional,"Controleer zoekintentie, feiten, datumclaims, interne links en consolidatiekansen."
en,https://go2-thailand.com/blog/wat-arun-bangkok-temple-of-dawn-guide/,/blog/wat-arun-bangkok-temple-of-dawn-guide/,/blog/wat-arun-bangkok-temple-of-dawn-guide/,blog,yes,editorial,freshness-audit,P2,provisional,"Controleer zoekintentie, feiten, datumclaims, interne links en consolidatiekansen."
en,https://go2-thailand.com/blog/where-to-live-bangkok-neighborhood-guide-expats/,/blog/where-to-live-bangkok-neighborhood-guide-expats/,/blog/where-to-live-bangkok-neighborhood-guide-expats/,blog,yes,editorial,freshness-audit,P2,provisional,"Controleer zoekintentie, feiten, datumclaims, interne links en consolidatiekansen."
en,https://go2-thailand.com/blog/thailand-budget-2026-daily-costs/,/blog/thailand-budget-2026-daily-costs/,/blog/thailand-budget-2026-daily-costs/,blog,yes,editorial,freshness-audit,P2,provisional,"Controleer zoekintentie, feiten, datumclaims, interne links en consolidatiekansen."
en,https://go2-thailand.com/blog/thailand-first-time-visitors-essential-guide-2026/,/blog/thailand-first-time-visitors-essential-guide-2026/,/blog/thailand-first-time-visitors-essential-guide-2026/,blog,yes,editorial,freshness-audit,P2,provisional,"Controleer zoekintentie, feiten, datumclaims, interne links en consolidatiekansen."
en,https://go2-thailand.com/blog/where-to-stay-bangkok-neighborhood-guide/,/blog/where-to-stay-bangkok-neighborhood-guide/,/blog/where-to-stay-bangkok-neighborhood-guide/,blog,yes,editorial,freshness-audit,P2,provisional,"Controleer zoekintentie, feiten, datumclaims, interne links en consolidatiekansen."
en,https://go2-thailand.com/blog/best-street-food-markets-bangkok/,/blog/best-street-food-markets-bangkok/,/blog/best-street-food-markets-bangkok/,blog,yes,editorial,freshness-audit,P2,provisional,"Controleer zoekintentie, feiten, datumclaims, interne links en consolidatiekansen."
en,https://go2-thailand.com/blog/cheapest-vs-most-expensive-hotel-bangkok/,/blog/cheapest-vs-most-expensive-hotel-bangkok/,/blog/cheapest-vs-most-expensive-hotel-bangkok/,blog,yes,editorial,freshness-audit,P2,provisional,"Controleer zoekintentie, feiten, datumclaims, interne links en consolidatiekansen."
en,https://go2-thailand.com/blog/jodd-fairs-bangkok-night-market-guide/,/blog/jodd-fairs-bangkok-night-market-guide/,/blog/jodd-fairs-bangkok-night-market-guide/,blog,yes,editorial,freshness-audit,P2,provisional,"Controleer zoekintentie, feiten, datumclaims, interne links en consolidatiekansen."
en,https://go2-thailand.com/blog/thailand-itinerary-2-weeks/,/blog/thailand-itinerary-2-weeks/,/blog/thailand-itinerary-2-weeks/,blog,yes,editorial,freshness-audit,P2,provisional,"Controleer zoekintentie, feiten, datumclaims, interne links en consolidatiekansen."
en,https://go2-thailand.com/blog/blue-elephant-cooking-school-bangkok-review/,/blog/blue-elephant-cooking-school-bangkok-review/,/blog/blue-elephant-cooking-school-bangkok-review/,blog,yes,editorial,freshness-audit,P2,provisional,"Controleer zoekintentie, feiten, datumclaims, interne links en consolidatiekansen."
en,https://go2-thailand.com/blog/thailand-digital-arrival-card-tdac-guide/,/blog/thailand-digital-arrival-card-tdac-guide/,/blog/thailand-digital-arrival-card-tdac-guide/,blog,yes,editorial,freshness-audit,P2,provisional,"Controleer zoekintentie, feiten, datumclaims, interne links en consolidatiekansen."
en,https://go2-thailand.com/blog/is-thailand-safe-tourists-2026/,/blog/is-thailand-safe-tourists-2026/,/blog/is-thailand-safe-tourists-2026/,blog,yes,editorial,freshness-audit,P2,provisional,"Controleer zoekintentie, feiten, datumclaims, interne links en consolidatiekansen."
en,https://go2-thailand.com/blog/best-beaches-thailand/,/blog/best-beaches-thailand/,/blog/best-beaches-thailand/,blog,yes,editorial,freshness-audit,P2,provisional,"Controleer zoekintentie, feiten, datumclaims, interne links en consolidatiekansen."
en,https://go2-thailand.com/blog/chatuchak-market-bangkok-guide/,/blog/chatuchak-market-bangkok-guide/,/blog/chatuchak-market-bangkok-guide/,blog,yes,editorial,freshness-audit,P2,provisional,"Controleer zoekintentie, feiten, datumclaims, interne links en consolidatiekansen."
en,https://go2-thailand.com/blog/eat-like-local-thailand-under-5-dollars/,/blog/eat-like-local-thailand-under-5-dollars/,/blog/eat-like-local-thailand-under-5-dollars/,blog,yes,editorial,freshness-audit,P2,provisional,"Controleer zoekintentie, feiten, datumclaims, interne links en consolidatiekansen."
en,https://go2-thailand.com/blog/thailand-budget-vs-comfort-travel/,/blog/thailand-budget-vs-comfort-travel/,/blog/thailand-budget-vs-comfort-travel/,blog,yes,editorial,freshness-audit,P2,provisional,"Controleer zoekintentie, feiten, datumclaims, interne links en consolidatiekansen."
en,https://go2-thailand.com/blog/thailand-king-cobra-season/,/blog/thailand-king-cobra-season/,/blog/thailand-king-cobra-season/,blog,yes,editorial,freshness-audit,P2,provisional,"Controleer zoekintentie, feiten, datumclaims, interne links en consolidatiekansen."
en,https://go2-thailand.com/blog/bangkok-street-food-beginners/,/blog/bangkok-street-food-beginners/,/blog/bangkok-street-food-beginners/,blog,yes,editorial,freshness-audit,P2,provisional,"Controleer zoekintentie, feiten, datumclaims, interne links en consolidatiekansen."
en,https://go2-thailand.com/blog/best-night-markets-bangkok-2026/,/blog/best-night-markets-bangkok-2026/,/blog/best-night-markets-bangkok-2026/,blog,yes,editorial,freshness-audit,P2,provisional,"Controleer zoekintentie, feiten, datumclaims, interne links en consolidatiekansen."
en,https://go2-thailand.com/blog/best-time-to-visit-thailand/,/blog/best-time-to-visit-thailand/,/blog/best-time-to-visit-thailand/,blog,yes,editorial,freshness-audit,P2,provisional,"Controleer zoekintentie, feiten, datumclaims, interne links en consolidatiekansen."
en,https://go2-thailand.com/blog/thai-street-food-guide-2026/,/blog/thai-street-food-guide-2026/,/blog/thai-street-food-guide-2026/,blog,yes,editorial,freshness-audit,P2,provisional,"Controleer zoekintentie, feiten, datumclaims, interne links en consolidatiekansen."
en,https://go2-thailand.com/blog/thailand-budget-backpacker-guide/,/blog/thailand-budget-backpacker-guide/,/blog/thailand-budget-backpacker-guide/,blog,yes,editorial,freshness-audit,P2,provisional,"Controleer zoekintentie, feiten, datumclaims, interne links en consolidatiekansen."
en,https://go2-thailand.com/blog/thailand-island-hopping-guide/,/blog/thailand-island-hopping-guide/,/blog/thailand-island-hopping-guide/,blog,yes,editorial,freshness-audit,P2,provisional,"Controleer zoekintentie, feiten, datumclaims, interne links en consolidatiekansen."
en,https://go2-thailand.com/blog/thailand-visa-guide-2026/,/blog/thailand-visa-guide-2026/,/blog/thailand-visa-guide-2026/,blog,yes,editorial,freshness-audit,P2,provisional,"Controleer zoekintentie, feiten, datumclaims, interne links en consolidatiekansen."
